search_id,run_order,priority,research_theme,catalog_name,catalog_slug,source_type,query_mode,http_method,endpoint_template,search_term,search_expression,request_parameters_json,geography_scope,time_scope,expected_record_type,what_are_we_expecting,downstream_use,auth_requirement,auth_env_var,pagination_strategy,rate_limit_note,dedupe_key_hint,join_keys_expected,requires_schema_discovery,source_docs_url,notes
DGOV-0001,1,P0,disease_core,Data.gov Catalog API,data_gov,federal_metadata_catalog,catalog_search,GET,https://api.gsa.gov/technology/datagov/v4/search,Lyme disease,Lyme disease,"{""q"":""Lyme disease"",""sort"":""relevance"",""per_page"":100}",United States,All available; preserve source vintage,dataset_metadata,"Core disease, pathogen, vector, and syndrome records that define the Lyme problem space.",Build the disease/pathogen terminology graph and identify authoritative baseline datasets.,required,DATA_GOV_API_KEY,Use the returned after cursor with otherwise identical parameters.,Personal key: respect response rate-limit headers; DEMO_KEY is unsuitable for automated exploration.,results[].identifier; fallback landingPage or distribution URL,"publisher, identifier, spatial coverage, temporal coverage, distribution URL",false,https://resources.data.gov/catalog-api/,Metadata discovery only; follow distribution or landing-page URLs to obtain actual data.
DGOV-0002,2,P0,disease_core,Data.gov Catalog API,data_gov,federal_metadata_catalog,catalog_search,GET,https://api.gsa.gov/technology/datagov/v4/search,Lyme borreliosis,Lyme borreliosis,"{""q"":""Lyme borreliosis"",""sort"":""relevance"",""per_page"":100}",United States,All available; preserve source vintage,dataset_metadata,"Core disease, pathogen, vector, and syndrome records that define the Lyme problem space.",Build the disease/pathogen terminology graph and identify authoritative baseline datasets.,required,DATA_GOV_API_KEY,Use the returned after cursor with otherwise identical parameters.,Personal key: respect response rate-limit headers; DEMO_KEY is unsuitable for automated exploration.,results[].identifier; fallback landingPage or distribution URL,"publisher, identifier, spatial coverage, temporal coverage, distribution URL",false,https://resources.data.gov/catalog-api/,Metadata discovery only; follow distribution or landing-page URLs to obtain actual data.
DGOV-0003,3,P0,disease_core,Data.gov Catalog API,data_gov,federal_metadata_catalog,catalog_search,GET,https://api.gsa.gov/technology/datagov/v4/search,Borrelia burgdorferi,Borrelia burgdorferi,"{""q"":""Borrelia burgdorferi"",""sort"":""relevance"",""per_page"":100}",United States,All available; preserve source vintage,dataset_metadata,"Core disease, pathogen, vector, and syndrome records that define the Lyme problem space.",Build the disease/pathogen terminology graph and identify authoritative baseline datasets.,required,DATA_GOV_API_KEY,Use the returned after cursor with otherwise identical parameters.,Personal key: respect response rate-limit headers; DEMO_KEY is unsuitable for automated exploration.,results[].identifier; fallback landingPage or distribution URL,"publisher, identifier, spatial coverage, temporal coverage, distribution URL",false,https://resources.data.gov/catalog-api/,Metadata discovery only; follow distribution or landing-page URLs to obtain actual data.
DGOV-0004,4,P0,disease_core,Data.gov Catalog API,data_gov,federal_metadata_catalog,catalog_search,GET,https://api.gsa.gov/technology/datagov/v4/search,Borrelia mayonii,Borrelia mayonii,"{""q"":""Borrelia mayonii"",""sort"":""relevance"",""per_page"":100}",United States,All available; preserve source vintage,dataset_metadata,"Core disease, pathogen, vector, and syndrome records that define the Lyme problem space.",Build the disease/pathogen terminology graph and identify authoritative baseline datasets.,required,DATA_GOV_API_KEY,Use the returned after cursor with otherwise identical parameters.,Personal key: respect response rate-limit headers; DEMO_KEY is unsuitable for automated exploration.,results[].identifier; fallback landingPage or distribution URL,"publisher, identifier, spatial coverage, temporal coverage, distribution URL",false,https://resources.data.gov/catalog-api/,Metadata discovery only; follow distribution or landing-page URLs to obtain actual data.
DGOV-0005,5,P0,disease_core,Data.gov Catalog API,data_gov,federal_metadata_catalog,catalog_search,GET,https://api.gsa.gov/technology/datagov/v4/search,Borrelia miyamotoi,Borrelia miyamotoi,"{""q"":""Borrelia miyamotoi"",""sort"":""relevance"",""per_page"":100}",United States,All available; preserve source vintage,dataset_metadata,"Core disease, pathogen, vector, and syndrome records that define the Lyme problem space.",Build the disease/pathogen terminology graph and identify authoritative baseline datasets.,required,DATA_GOV_API_KEY,Use the returned after cursor with otherwise identical parameters.,Personal key: respect response rate-limit headers; DEMO_KEY is unsuitable for automated exploration.,results[].identifier; fallback landingPage or distribution URL,"publisher, identifier, spatial coverage, temporal coverage, distribution URL",false,https://resources.data.gov/catalog-api/,Metadata discovery only; follow distribution or landing-page URLs to obtain actual data.
DGOV-0006,6,P0,disease_core,Data.gov Catalog API,data_gov,federal_metadata_catalog,catalog_search,GET,https://api.gsa.gov/technology/datagov/v4/search,tickborne disease,tickborne disease,"{""q"":""tickborne disease"",""sort"":""relevance"",""per_page"":100}",United States,All available; preserve source vintage,dataset_metadata,"Core disease, pathogen, vector, and syndrome records that define the Lyme problem space.",Build the disease/pathogen terminology graph and identify authoritative baseline datasets.,required,DATA_GOV_API_KEY,Use the returned after cursor with otherwise identical parameters.,Personal key: respect response rate-limit headers; DEMO_KEY is unsuitable for automated exploration.,results[].identifier; fallback landingPage or distribution URL,"publisher, identifier, spatial coverage, temporal coverage, distribution URL",false,https://resources.data.gov/catalog-api/,Metadata discovery only; follow distribution or landing-page URLs to obtain actual data.
DGOV-0007,7,P0,disease_core,Data.gov Catalog API,data_gov,federal_metadata_catalog,catalog_search,GET,https://api.gsa.gov/technology/datagov/v4/search,blacklegged tick,blacklegged tick,"{""q"":""blacklegged tick"",""sort"":""relevance"",""per_page"":100}",United States,All available; preserve source vintage,dataset_metadata,"Core disease, pathogen, vector, and syndrome records that define the Lyme problem space.",Build the disease/pathogen terminology graph and identify authoritative baseline datasets.,required,DATA_GOV_API_KEY,Use the returned after cursor with otherwise identical parameters.,Personal key: respect response rate-limit headers; DEMO_KEY is unsuitable for automated exploration.,results[].identifier; fallback landingPage or distribution URL,"publisher, identifier, spatial coverage, temporal coverage, distribution URL",false,https://resources.data.gov/catalog-api/,Metadata discovery only; follow distribution or landing-page URLs to obtain actual data.
DGOV-0008,8,P0,disease_core,Data.gov Catalog API,data_gov,federal_metadata_catalog,catalog_search,GET,https://api.gsa.gov/technology/datagov/v4/search,Ixodes scapularis,Ixodes scapularis,"{""q"":""Ixodes scapularis"",""sort"":""relevance"",""per_page"":100}",United States,All available; preserve source vintage,dataset_metadata,"Core disease, pathogen, vector, and syndrome records that define the Lyme problem space.",Build the disease/pathogen terminology graph and identify authoritative baseline datasets.,required,DATA_GOV_API_KEY,Use the returned after cursor with otherwise identical parameters.,Personal key: respect response rate-limit headers; DEMO_KEY is unsuitable for automated exploration.,results[].identifier; fallback landingPage or distribution URL,"publisher, identifier, spatial coverage, temporal coverage, distribution URL",false,https://resources.data.gov/catalog-api/,Metadata discovery only; follow distribution or landing-page URLs to obtain actual data.
DGOV-0009,9,P0,disease_core,Data.gov Catalog API,data_gov,federal_metadata_catalog,catalog_search,GET,https://api.gsa.gov/technology/datagov/v4/search,Ixodes pacificus,Ixodes pacificus,"{""q"":""Ixodes pacificus"",""sort"":""relevance"",""per_page"":100}",United States,All available; preserve source vintage,dataset_metadata,"Core disease, pathogen, vector, and syndrome records that define the Lyme problem space.",Build the disease/pathogen terminology graph and identify authoritative baseline datasets.,required,DATA_GOV_API_KEY,Use the returned after cursor with otherwise identical parameters.,Personal key: respect response rate-limit headers; DEMO_KEY is unsuitable for automated exploration.,results[].identifier; fallback landingPage or distribution URL,"publisher, identifier, spatial coverage, temporal coverage, distribution URL",false,https://resources.data.gov/catalog-api/,Metadata discovery only; follow distribution or landing-page URLs to obtain actual data.
DGOV-0010,10,P0,disease_core,Data.gov Catalog API,data_gov,federal_metadata_catalog,catalog_search,GET,https://api.gsa.gov/technology/datagov/v4/search,erythema migrans,erythema migrans,"{""q"":""erythema migrans"",""sort"":""relevance"",""per_page"":100}",United States,All available; preserve source vintage,dataset_metadata,"Core disease, pathogen, vector, and syndrome records that define the Lyme problem space.",Build the disease/pathogen terminology graph and identify authoritative baseline datasets.,required,DATA_GOV_API_KEY,Use the returned after cursor with otherwise identical parameters.,Personal key: respect response rate-limit headers; DEMO_KEY is unsuitable for automated exploration.,results[].identifier; fallback landingPage or distribution URL,"publisher, identifier, spatial coverage, temporal coverage, distribution URL",false,https://resources.data.gov/catalog-api/,Metadata discovery only; follow distribution or landing-page URLs to obtain actual data.
DGOV-0011,11,P0,disease_core,Data.gov Catalog API,data_gov,federal_metadata_catalog,catalog_search,GET,https://api.gsa.gov/technology/datagov/v4/search,neuroborreliosis,neuroborreliosis,"{""q"":""neuroborreliosis"",""sort"":""relevance"",""per_page"":100}",United States,All available; preserve source vintage,dataset_metadata,"Core disease, pathogen, vector, and syndrome records that define the Lyme problem space.",Build the disease/pathogen terminology graph and identify authoritative baseline datasets.,required,DATA_GOV_API_KEY,Use the returned after cursor with otherwise identical parameters.,Personal key: respect response rate-limit headers; DEMO_KEY is unsuitable for automated exploration.,results[].identifier; fallback landingPage or distribution URL,"publisher, identifier, spatial coverage, temporal coverage, distribution URL",false,https://resources.data.gov/catalog-api/,Metadata discovery only; follow distribution or landing-page URLs to obtain actual data.
DGOV-0012,12,P0,disease_core,Data.gov Catalog API,data_gov,federal_metadata_catalog,catalog_search,GET,https://api.gsa.gov/technology/datagov/v4/search,Lyme arthritis,Lyme arthritis,"{""q"":""Lyme arthritis"",""sort"":""relevance"",""per_page"":100}",United States,All available; preserve source vintage,dataset_metadata,"Core disease, pathogen, vector, and syndrome records that define the Lyme problem space.",Build the disease/pathogen terminology graph and identify authoritative baseline datasets.,required,DATA_GOV_API_KEY,Use the returned after cursor with otherwise identical parameters.,Personal key: respect response rate-limit headers; DEMO_KEY is unsuitable for automated exploration.,results[].identifier; fallback landingPage or distribution URL,"publisher, identifier, spatial coverage, temporal coverage, distribution URL",false,https://resources.data.gov/catalog-api/,Metadata discovery only; follow distribution or landing-page URLs to obtain actual data.
DGOV-0013,13,P0,disease_core,Data.gov Catalog API,data_gov,federal_metadata_catalog,catalog_search,GET,https://api.gsa.gov/technology/datagov/v4/search,Lyme carditis,Lyme carditis,"{""q"":""Lyme carditis"",""sort"":""relevance"",""per_page"":100}",United States,All available; preserve source vintage,dataset_metadata,"Core disease, pathogen, vector, and syndrome records that define the Lyme problem space.",Build the disease/pathogen terminology graph and identify authoritative baseline datasets.,required,DATA_GOV_API_KEY,Use the returned after cursor with otherwise identical parameters.,Personal key: respect response rate-limit headers; DEMO_KEY is unsuitable for automated exploration.,results[].identifier; fallback landingPage or distribution URL,"publisher, identifier, spatial coverage, temporal coverage, distribution URL",false,https://resources.data.gov/catalog-api/,Metadata discovery only; follow distribution or landing-page URLs to obtain actual data.
DGOV-0014,14,P0,disease_core,Data.gov Catalog API,data_gov,federal_metadata_catalog,catalog_search,GET,https://api.gsa.gov/technology/datagov/v4/search,early localized Lyme disease,early localized Lyme disease,"{""q"":""early localized Lyme disease"",""sort"":""relevance"",""per_page"":100}",United States,All available; preserve source vintage,dataset_metadata,"Core disease, pathogen, vector, and syndrome records that define the Lyme problem space.",Build the disease/pathogen terminology graph and identify authoritative baseline datasets.,required,DATA_GOV_API_KEY,Use the returned after cursor with otherwise identical parameters.,Personal key: respect response rate-limit headers; DEMO_KEY is unsuitable for automated exploration.,results[].identifier; fallback landingPage or distribution URL,"publisher, identifier, spatial coverage, temporal coverage, distribution URL",false,https://resources.data.gov/catalog-api/,Metadata discovery only; follow distribution or landing-page URLs to obtain actual data.
DGOV-0015,15,P0,disease_core,Data.gov Catalog API,data_gov,federal_metadata_catalog,catalog_search,GET,https://api.gsa.gov/technology/datagov/v4/search,early disseminated Lyme disease,early disseminated Lyme disease,"{""q"":""early disseminated Lyme disease"",""sort"":""relevance"",""per_page"":100}",United States,All available; preserve source vintage,dataset_metadata,"Core disease, pathogen, vector, and syndrome records that define the Lyme problem space.",Build the disease/pathogen terminology graph and identify authoritative baseline datasets.,required,DATA_GOV_API_KEY,Use the returned after cursor with otherwise identical parameters.,Personal key: respect response rate-limit headers; DEMO_KEY is unsuitable for automated exploration.,results[].identifier; fallback landingPage or distribution URL,"publisher, identifier, spatial coverage, temporal coverage, distribution URL",false,https://resources.data.gov/catalog-api/,Metadata discovery only; follow distribution or landing-page URLs to obtain actual data.
DGOV-0016,16,P1,diagnosis_testing,Data.gov Catalog API,data_gov,federal_metadata_catalog,catalog_search,GET,https://api.gsa.gov/technology/datagov/v4/search,Lyme disease diagnosis,Lyme disease diagnosis,"{""q"":""Lyme disease diagnosis"",""sort"":""relevance"",""per_page"":100}",United States,All available; preserve source vintage,dataset_metadata,"Diagnostic tests, accuracy evidence, biomarkers, delays, false results, and differential-diagnosis resources.","Map diagnostic failure modes and candidate opportunities for faster, clearer testing and interpretation.",required,DATA_GOV_API_KEY,Use the returned after cursor with otherwise identical parameters.,Personal key: respect response rate-limit headers; DEMO_KEY is unsuitable for automated exploration.,results[].identifier; fallback landingPage or distribution URL,"publisher, identifier, spatial coverage, temporal coverage, distribution URL",false,https://resources.data.gov/catalog-api/,Metadata discovery only; follow distribution or landing-page URLs to obtain actual data.
DGOV-0017,17,P1,diagnosis_testing,Data.gov Catalog API,data_gov,federal_metadata_catalog,catalog_search,GET,https://api.gsa.gov/technology/datagov/v4/search,diagnostic delay Lyme disease,diagnostic delay Lyme disease,"{""q"":""diagnostic delay Lyme disease"",""sort"":""relevance"",""per_page"":100}",United States,All available; preserve source vintage,dataset_metadata,"Diagnostic tests, accuracy evidence, biomarkers, delays, false results, and differential-diagnosis resources.","Map diagnostic failure modes and candidate opportunities for faster, clearer testing and interpretation.",required,DATA_GOV_API_KEY,Use the returned after cursor with otherwise identical parameters.,Personal key: respect response rate-limit headers; DEMO_KEY is unsuitable for automated exploration.,results[].identifier; fallback landingPage or distribution URL,"publisher, identifier, spatial coverage, temporal coverage, distribution URL",false,https://resources.data.gov/catalog-api/,Metadata discovery only; follow distribution or landing-page URLs to obtain actual data.
DGOV-0018,18,P1,diagnosis_testing,Data.gov Catalog API,data_gov,federal_metadata_catalog,catalog_search,GET,https://api.gsa.gov/technology/datagov/v4/search,delayed diagnosis tickborne disease,delayed diagnosis tickborne disease,"{""q"":""delayed diagnosis tickborne disease"",""sort"":""relevance"",""per_page"":100}",United States,All available; preserve source vintage,dataset_metadata,"Diagnostic tests, accuracy evidence, biomarkers, delays, false results, and differential-diagnosis resources.","Map diagnostic failure modes and candidate opportunities for faster, clearer testing and interpretation.",required,DATA_GOV_API_KEY,Use the returned after cursor with otherwise identical parameters.,Personal key: respect response rate-limit headers; DEMO_KEY is unsuitable for automated exploration.,results[].identifier; fallback landingPage or distribution URL,"publisher, identifier, spatial coverage, temporal coverage, distribution URL",false,https://resources.data.gov/catalog-api/,Metadata discovery only; follow distribution or landing-page URLs to obtain actual data.
DGOV-0019,19,P1,diagnosis_testing,Data.gov Catalog API,data_gov,federal_metadata_catalog,catalog_search,GET,https://api.gsa.gov/technology/datagov/v4/search,Lyme disease misdiagnosis,Lyme disease misdiagnosis,"{""q"":""Lyme disease misdiagnosis"",""sort"":""relevance"",""per_page"":100}",United States,All available; preserve source vintage,dataset_metadata,"Diagnostic tests, accuracy evidence, biomarkers, delays, false results, and differential-diagnosis resources.","Map diagnostic failure modes and candidate opportunities for faster, clearer testing and interpretation.",required,DATA_GOV_API_KEY,Use the returned after cursor with otherwise identical parameters.,Personal key: respect response rate-limit headers; DEMO_KEY is unsuitable for automated exploration.,results[].identifier; fallback landingPage or distribution URL,"publisher, identifier, spatial coverage, temporal coverage, distribution URL",false,https://resources.data.gov/catalog-api/,Metadata discovery only; follow distribution or landing-page URLs to obtain actual data.
DGOV-0020,20,P1,diagnosis_testing,Data.gov Catalog API,data_gov,federal_metadata_catalog,catalog_search,GET,https://api.gsa.gov/technology/datagov/v4/search,Lyme disease differential diagnosis,Lyme disease differential diagnosis,"{""q"":""Lyme disease differential diagnosis"",""sort"":""relevance"",""per_page"":100}",United States,All available; preserve source vintage,dataset_metadata,"Diagnostic tests, accuracy evidence, biomarkers, delays, false results, and differential-diagnosis resources.","Map diagnostic failure modes and candidate opportunities for faster, clearer testing and interpretation.",required,DATA_GOV_API_KEY,Use the returned after cursor with otherwise identical parameters.,Personal key: respect response rate-limit headers; DEMO_KEY is unsuitable for automated exploration.,results[].identifier; fallback landingPage or distribution URL,"publisher, identifier, spatial coverage, temporal coverage, distribution URL",false,https://resources.data.gov/catalog-api/,Metadata discovery only; follow distribution or landing-page URLs to obtain actual data.
DGOV-0021,21,P1,diagnosis_testing,Data.gov Catalog API,data_gov,federal_metadata_catalog,catalog_search,GET,https://api.gsa.gov/technology/datagov/v4/search,Lyme serology,Lyme serology,"{""q"":""Lyme serology"",""sort"":""relevance"",""per_page"":100}",United States,All available; preserve source vintage,dataset_metadata,"Diagnostic tests, accuracy evidence, biomarkers, delays, false results, and differential-diagnosis resources.","Map diagnostic failure modes and candidate opportunities for faster, clearer testing and interpretation.",required,DATA_GOV_API_KEY,Use the returned after cursor with otherwise identical parameters.,Personal key: respect response rate-limit headers; DEMO_KEY is unsuitable for automated exploration.,results[].identifier; fallback landingPage or distribution URL,"publisher, identifier, spatial coverage, temporal coverage, distribution URL",false,https://resources.data.gov/catalog-api/,Metadata discovery only; follow distribution or landing-page URLs to obtain actual data.
DGOV-0022,22,P1,diagnosis_testing,Data.gov Catalog API,data_gov,federal_metadata_catalog,catalog_search,GET,https://api.gsa.gov/technology/datagov/v4/search,two-tier Lyme testing,two-tier Lyme testing,"{""q"":""two-tier Lyme testing"",""sort"":""relevance"",""per_page"":100}",United States,All available; preserve source vintage,dataset_metadata,"Diagnostic tests, accuracy evidence, biomarkers, delays, false results, and differential-diagnosis resources.","Map diagnostic failure modes and candidate opportunities for faster, clearer testing and interpretation.",required,DATA_GOV_API_KEY,Use the returned after cursor with otherwise identical parameters.,Personal key: respect response rate-limit headers; DEMO_KEY is unsuitable for automated exploration.,results[].identifier; fallback landingPage or distribution URL,"publisher, identifier, spatial coverage, temporal coverage, distribution URL",false,https://resources.data.gov/catalog-api/,Metadata discovery only; follow distribution or landing-page URLs to obtain actual data.
DGOV-0023,23,P1,diagnosis_testing,Data.gov Catalog API,data_gov,federal_metadata_catalog,catalog_search,GET,https://api.gsa.gov/technology/datagov/v4/search,modified two-tier testing Lyme,modified two-tier testing Lyme,"{""q"":""modified two-tier testing Lyme"",""sort"":""relevance"",""per_page"":100}",United States,All available; preserve source vintage,dataset_metadata,"Diagnostic tests, accuracy evidence, biomarkers, delays, false results, and differential-diagnosis resources.","Map diagnostic failure modes and candidate opportunities for faster, clearer testing and interpretation.",required,DATA_GOV_API_KEY,Use the returned after cursor with otherwise identical parameters.,Personal key: respect response rate-limit headers; DEMO_KEY is unsuitable for automated exploration.,results[].identifier; fallback landingPage or distribution URL,"publisher, identifier, spatial coverage, temporal coverage, distribution URL",false,https://resources.data.gov/catalog-api/,Metadata discovery only; follow distribution or landing-page URLs to obtain actual data.
DGOV-0024,24,P1,surveillance_public_health,Data.gov Catalog API,data_gov,federal_metadata_catalog,catalog_search,GET,https://api.gsa.gov/technology/datagov/v4/search,Lyme disease surveillance,Lyme disease surveillance,"{""q"":""Lyme disease surveillance"",""sort"":""relevance"",""per_page"":100}",United States,All available; preserve source vintage,dataset_metadata,"Human case counts, surveillance definitions, geographic trends, reporting limitations, and prevention assets.",Build geographic and temporal outcome layers and document surveillance caveats.,required,DATA_GOV_API_KEY,Use the returned after cursor with otherwise identical parameters.,Personal key: respect response rate-limit headers; DEMO_KEY is unsuitable for automated exploration.,results[].identifier; fallback landingPage or distribution URL,"publisher, identifier, spatial coverage, temporal coverage, distribution URL",false,https://resources.data.gov/catalog-api/,Metadata discovery only; follow distribution or landing-page URLs to obtain actual data.
DGOV-0025,25,P1,surveillance_public_health,Data.gov Catalog API,data_gov,federal_metadata_catalog,catalog_search,GET,https://api.gsa.gov/technology/datagov/v4/search,Lyme disease incidence,Lyme disease incidence,"{""q"":""Lyme disease incidence"",""sort"":""relevance"",""per_page"":100}",United States,All available; preserve source vintage,dataset_metadata,"Human case counts, surveillance definitions, geographic trends, reporting limitations, and prevention assets.",Build geographic and temporal outcome layers and document surveillance caveats.,required,DATA_GOV_API_KEY,Use the returned after cursor with otherwise identical parameters.,Personal key: respect response rate-limit headers; DEMO_KEY is unsuitable for automated exploration.,results[].identifier; fallback landingPage or distribution URL,"publisher, identifier, spatial coverage, temporal coverage, distribution URL",false,https://resources.data.gov/catalog-api/,Metadata discovery only; follow distribution or landing-page URLs to obtain actual data.
DGOV-0026,26,P1,surveillance_public_health,Data.gov Catalog API,data_gov,federal_metadata_catalog,catalog_search,GET,https://api.gsa.gov/technology/datagov/v4/search,Lyme disease case counts,Lyme disease case counts,"{""q"":""Lyme disease case counts"",""sort"":""relevance"",""per_page"":100}",United States,All available; preserve source vintage,dataset_metadata,"Human case counts, surveillance definitions, geographic trends, reporting limitations, and prevention assets.",Build geographic and temporal outcome layers and document surveillance caveats.,required,DATA_GOV_API_KEY,Use the returned after cursor with otherwise identical parameters.,Personal key: respect response rate-limit headers; DEMO_KEY is unsuitable for automated exploration.,results[].identifier; fallback landingPage or distribution URL,"publisher, identifier, spatial coverage, temporal coverage, distribution URL",false,https://resources.data.gov/catalog-api/,Metadata discovery only; follow distribution or landing-page URLs to obtain actual data.
DGOV-0027,27,P1,surveillance_public_health,Data.gov Catalog API,data_gov,federal_metadata_catalog,catalog_search,GET,https://api.gsa.gov/technology/datagov/v4/search,Lyme disease underreporting,Lyme disease underreporting,"{""q"":""Lyme disease underreporting"",""sort"":""relevance"",""per_page"":100}",United States,All available; preserve source vintage,dataset_metadata,"Human case counts, surveillance definitions, geographic trends, reporting limitations, and prevention assets.",Build geographic and temporal outcome layers and document surveillance caveats.,required,DATA_GOV_API_KEY,Use the returned after cursor with otherwise identical parameters.,Personal key: respect response rate-limit headers; DEMO_KEY is unsuitable for automated exploration.,results[].identifier; fallback landingPage or distribution URL,"publisher, identifier, spatial coverage, temporal coverage, distribution URL",false,https://resources.data.gov/catalog-api/,Metadata discovery only; follow distribution or landing-page URLs to obtain actual data.
DGOV-0028,28,P1,surveillance_public_health,Data.gov Catalog API,data_gov,federal_metadata_catalog,catalog_search,GET,https://api.gsa.gov/technology/datagov/v4/search,Lyme disease case definition,Lyme disease case definition,"{""q"":""Lyme disease case definition"",""sort"":""relevance"",""per_page"":100}",United States,All available; preserve source vintage,dataset_metadata,"Human case counts, surveillance definitions, geographic trends, reporting limitations, and prevention assets.",Build geographic and temporal outcome layers and document surveillance caveats.,required,DATA_GOV_API_KEY,Use the returned after cursor with otherwise identical parameters.,Personal key: respect response rate-limit headers; DEMO_KEY is unsuitable for automated exploration.,results[].identifier; fallback landingPage or distribution URL,"publisher, identifier, spatial coverage, temporal coverage, distribution URL",false,https://resources.data.gov/catalog-api/,Metadata discovery only; follow distribution or landing-page URLs to obtain actual data.
DGOV-0029,29,P1,surveillance_public_health,Data.gov Catalog API,data_gov,federal_metadata_catalog,catalog_search,GET,https://api.gsa.gov/technology/datagov/v4/search,notifiable disease Lyme,notifiable disease Lyme,"{""q"":""notifiable disease Lyme"",""sort"":""relevance"",""per_page"":100}",United States,All available; preserve source vintage,dataset_metadata,"Human case counts, surveillance definitions, geographic trends, reporting limitations, and prevention assets.",Build geographic and temporal outcome layers and document surveillance caveats.,required,DATA_GOV_API_KEY,Use the returned after cursor with otherwise identical parameters.,Personal key: respect response rate-limit headers; DEMO_KEY is unsuitable for automated exploration.,results[].identifier; fallback landingPage or distribution URL,"publisher, identifier, spatial coverage, temporal coverage, distribution URL",false,https://resources.data.gov/catalog-api/,Metadata discovery only; follow distribution or landing-page URLs to obtain actual data.
DGOV-0030,30,P1,surveillance_public_health,Data.gov Catalog API,data_gov,federal_metadata_catalog,catalog_search,GET,https://api.gsa.gov/technology/datagov/v4/search,tickborne disease surveillance,tickborne disease surveillance,"{""q"":""tickborne disease surveillance"",""sort"":""relevance"",""per_page"":100}",United States,All available; preserve source vintage,dataset_metadata,"Human case counts, surveillance definitions, geographic trends, reporting limitations, and prevention assets.",Build geographic and temporal outcome layers and document surveillance caveats.,required,DATA_GOV_API_KEY,Use the returned after cursor with otherwise identical parameters.,Personal key: respect response rate-limit headers; DEMO_KEY is unsuitable for automated exploration.,results[].identifier; fallback landingPage or distribution URL,"publisher, identifier, spatial coverage, temporal coverage, distribution URL",false,https://resources.data.gov/catalog-api/,Metadata discovery only; follow distribution or landing-page URLs to obtain actual data.
DGOV-0031,31,P1,surveillance_public_health,Data.gov Catalog API,data_gov,federal_metadata_catalog,catalog_search,GET,https://api.gsa.gov/technology/datagov/v4/search,tick surveillance,tick surveillance,"{""q"":""tick surveillance"",""sort"":""relevance"",""per_page"":100}",United States,All available; preserve source vintage,dataset_metadata,"Human case counts, surveillance definitions, geographic trends, reporting limitations, and prevention assets.",Build geographic and temporal outcome layers and document surveillance caveats.,required,DATA_GOV_API_KEY,Use the returned after cursor with otherwise identical parameters.,Personal key: respect response rate-limit headers; DEMO_KEY is unsuitable for automated exploration.,results[].identifier; fallback landingPage or distribution URL,"publisher, identifier, spatial coverage, temporal coverage, distribution URL",false,https://resources.data.gov/catalog-api/,Metadata discovery only; follow distribution or landing-page URLs to obtain actual data.
DGOV-0032,32,P1,surveillance_public_health,Data.gov Catalog API,data_gov,federal_metadata_catalog,catalog_search,GET,https://api.gsa.gov/technology/datagov/v4/search,tick pathogen surveillance,tick pathogen surveillance,"{""q"":""tick pathogen surveillance"",""sort"":""relevance"",""per_page"":100}",United States,All available; preserve source vintage,dataset_metadata,"Human case counts, surveillance definitions, geographic trends, reporting limitations, and prevention assets.",Build geographic and temporal outcome layers and document surveillance caveats.,required,DATA_GOV_API_KEY,Use the returned after cursor with otherwise identical parameters.,Personal key: respect response rate-limit headers; DEMO_KEY is unsuitable for automated exploration.,results[].identifier; fallback landingPage or distribution URL,"publisher, identifier, spatial coverage, temporal coverage, distribution URL",false,https://resources.data.gov/catalog-api/,Metadata discovery only; follow distribution or landing-page URLs to obtain actual data.
DGOV-0033,33,P1,surveillance_public_health,Data.gov Catalog API,data_gov,federal_metadata_catalog,catalog_search,GET,https://api.gsa.gov/technology/datagov/v4/search,county Lyme disease,county Lyme disease,"{""q"":""county Lyme disease"",""sort"":""relevance"",""per_page"":100}",United States,All available; preserve source vintage,dataset_metadata,"Human case counts, surveillance definitions, geographic trends, reporting limitations, and prevention assets.",Build geographic and temporal outcome layers and document surveillance caveats.,required,DATA_GOV_API_KEY,Use the returned after cursor with otherwise identical parameters.,Personal key: respect response rate-limit headers; DEMO_KEY is unsuitable for automated exploration.,results[].identifier; fallback landingPage or distribution URL,"publisher, identifier, spatial coverage, temporal coverage, distribution URL",false,https://resources.data.gov/catalog-api/,Metadata discovery only; follow distribution or landing-page URLs to obtain actual data.
DGOV-0034,34,P1,care_access,Data.gov Catalog API,data_gov,federal_metadata_catalog,catalog_search,GET,https://api.gsa.gov/technology/datagov/v4/search,Lyme disease access to care,Lyme disease access to care,"{""q"":""Lyme disease access to care"",""sort"":""relevance"",""per_page"":100}",United States,All available; preserve source vintage,dataset_metadata,"Providers, facilities, travel burden, utilization, cost, referral, wait-time, and navigation signals.","Identify care deserts and product opportunities in navigation, referral, and access.",required,DATA_GOV_API_KEY,Use the returned after cursor with otherwise identical parameters.,Personal key: respect response rate-limit headers; DEMO_KEY is unsuitable for automated exploration.,results[].identifier; fallback landingPage or distribution URL,"publisher, identifier, spatial coverage, temporal coverage, distribution URL",false,https://resources.data.gov/catalog-api/,Metadata discovery only; follow distribution or landing-page URLs to obtain actual data.
DGOV-0035,35,P1,care_access,Data.gov Catalog API,data_gov,federal_metadata_catalog,catalog_search,GET,https://api.gsa.gov/technology/datagov/v4/search,Lyme disease provider shortage,Lyme disease provider shortage,"{""q"":""Lyme disease provider shortage"",""sort"":""relevance"",""per_page"":100}",United States,All available; preserve source vintage,dataset_metadata,"Providers, facilities, travel burden, utilization, cost, referral, wait-time, and navigation signals.","Identify care deserts and product opportunities in navigation, referral, and access.",required,DATA_GOV_API_KEY,Use the returned after cursor with otherwise identical parameters.,Personal key: respect response rate-limit headers; DEMO_KEY is unsuitable for automated exploration.,results[].identifier; fallback landingPage or distribution URL,"publisher, identifier, spatial coverage, temporal coverage, distribution URL",false,https://resources.data.gov/catalog-api/,Metadata discovery only; follow distribution or landing-page URLs to obtain actual data.
DGOV-0036,36,P1,care_access,Data.gov Catalog API,data_gov,federal_metadata_catalog,catalog_search,GET,https://api.gsa.gov/technology/datagov/v4/search,infectious disease specialist access,infectious disease specialist access,"{""q"":""infectious disease specialist access"",""sort"":""relevance"",""per_page"":100}",United States,All available; preserve source vintage,dataset_metadata,"Providers, facilities, travel burden, utilization, cost, referral, wait-time, and navigation signals.","Identify care deserts and product opportunities in navigation, referral, and access.",required,DATA_GOV_API_KEY,Use the returned after cursor with otherwise identical parameters.,Personal key: respect response rate-limit headers; DEMO_KEY is unsuitable for automated exploration.,results[].identifier; fallback landingPage or distribution URL,"publisher, identifier, spatial coverage, temporal coverage, distribution URL",false,https://resources.data.gov/catalog-api/,Metadata discovery only; follow distribution or landing-page URLs to obtain actual data.
DGOV-0037,37,P1,care_access,Data.gov Catalog API,data_gov,federal_metadata_catalog,catalog_search,GET,https://api.gsa.gov/technology/datagov/v4/search,rheumatology access Lyme,rheumatology access Lyme,"{""q"":""rheumatology access Lyme"",""sort"":""relevance"",""per_page"":100}",United States,All available; preserve source vintage,dataset_metadata,"Providers, facilities, travel burden, utilization, cost, referral, wait-time, and navigation signals.","Identify care deserts and product opportunities in navigation, referral, and access.",required,DATA_GOV_API_KEY,Use the returned after cursor with otherwise identical parameters.,Personal key: respect response rate-limit headers; DEMO_KEY is unsuitable for automated exploration.,results[].identifier; fallback landingPage or distribution URL,"publisher, identifier, spatial coverage, temporal coverage, distribution URL",false,https://resources.data.gov/catalog-api/,Metadata discovery only; follow distribution or landing-page URLs to obtain actual data.
DGOV-0038,38,P1,care_access,Data.gov Catalog API,data_gov,federal_metadata_catalog,catalog_search,GET,https://api.gsa.gov/technology/datagov/v4/search,neurology access Lyme,neurology access Lyme,"{""q"":""neurology access Lyme"",""sort"":""relevance"",""per_page"":100}",United States,All available; preserve source vintage,dataset_metadata,"Providers, facilities, travel burden, utilization, cost, referral, wait-time, and navigation signals.","Identify care deserts and product opportunities in navigation, referral, and access.",required,DATA_GOV_API_KEY,Use the returned after cursor with otherwise identical parameters.,Personal key: respect response rate-limit headers; DEMO_KEY is unsuitable for automated exploration.,results[].identifier; fallback landingPage or distribution URL,"publisher, identifier, spatial coverage, temporal coverage, distribution URL",false,https://resources.data.gov/catalog-api/,Metadata discovery only; follow distribution or landing-page URLs to obtain actual data.
DGOV-0039,39,P1,care_access,Data.gov Catalog API,data_gov,federal_metadata_catalog,catalog_search,GET,https://api.gsa.gov/technology/datagov/v4/search,cardiology access Lyme,cardiology access Lyme,"{""q"":""cardiology access Lyme"",""sort"":""relevance"",""per_page"":100}",United States,All available; preserve source vintage,dataset_metadata,"Providers, facilities, travel burden, utilization, cost, referral, wait-time, and navigation signals.","Identify care deserts and product opportunities in navigation, referral, and access.",required,DATA_GOV_API_KEY,Use the returned after cursor with otherwise identical parameters.,Personal key: respect response rate-limit headers; DEMO_KEY is unsuitable for automated exploration.,results[].identifier; fallback landingPage or distribution URL,"publisher, identifier, spatial coverage, temporal coverage, distribution URL",false,https://resources.data.gov/catalog-api/,Metadata discovery only; follow distribution or landing-page URLs to obtain actual data.
DGOV-0040,40,P1,care_access,Data.gov Catalog API,data_gov,federal_metadata_catalog,catalog_search,GET,https://api.gsa.gov/technology/datagov/v4/search,primary care Lyme disease,primary care Lyme disease,"{""q"":""primary care Lyme disease"",""sort"":""relevance"",""per_page"":100}",United States,All available; preserve source vintage,dataset_metadata,"Providers, facilities, travel burden, utilization, cost, referral, wait-time, and navigation signals.","Identify care deserts and product opportunities in navigation, referral, and access.",required,DATA_GOV_API_KEY,Use the returned after cursor with otherwise identical parameters.,Personal key: respect response rate-limit headers; DEMO_KEY is unsuitable for automated exploration.,results[].identifier; fallback landingPage or distribution URL,"publisher, identifier, spatial coverage, temporal coverage, distribution URL",false,https://resources.data.gov/catalog-api/,Metadata discovery only; follow distribution or landing-page URLs to obtain actual data.
HDAT-0001,41,P0,disease_core,HealthData.gov / Socrata Catalog,healthdata_gov,health_metadata_catalog,catalog_search,GET,https://api.us.socrata.com/api/catalog/v1,Lyme disease,Lyme disease,"{""search_context"":""healthdata.gov"",""q"":""Lyme disease"",""limit"":100}",United States,All available; preserve source vintage,dataset_metadata,"Core disease, pathogen, vector, and syndrome records that define the Lyme problem space.",Build the disease/pathogen terminology graph and identify authoritative baseline datasets.,optional_recommended,HEALTHDATA_SOCRATA_APP_TOKEN,Increment offset by limit until resultSetSize is exhausted.,"Anonymous queries work, but an X-App-Token gives a separate, higher-throttle request pool.",resource.id or permalink,"Socrata dataset id, publisher, endpoint, geography/time metadata",false,https://dev.socrata.com/foundry/healthdata.gov/,Use X-App-Token when available. Some results are links to other HHS systems rather than row-level datasets.
HDAT-0002,42,P0,disease_core,HealthData.gov / Socrata Catalog,healthdata_gov,health_metadata_catalog,catalog_search,GET,https://api.us.socrata.com/api/catalog/v1,Lyme borreliosis,Lyme borreliosis,"{""search_context"":""healthdata.gov"",""q"":""Lyme borreliosis"",""limit"":100}",United States,All available; preserve source vintage,dataset_metadata,"Core disease, pathogen, vector, and syndrome records that define the Lyme problem space.",Build the disease/pathogen terminology graph and identify authoritative baseline datasets.,optional_recommended,HEALTHDATA_SOCRATA_APP_TOKEN,Increment offset by limit until resultSetSize is exhausted.,"Anonymous queries work, but an X-App-Token gives a separate, higher-throttle request pool.",resource.id or permalink,"Socrata dataset id, publisher, endpoint, geography/time metadata",false,https://dev.socrata.com/foundry/healthdata.gov/,Use X-App-Token when available. Some results are links to other HHS systems rather than row-level datasets.
HDAT-0003,43,P0,disease_core,HealthData.gov / Socrata Catalog,healthdata_gov,health_metadata_catalog,catalog_search,GET,https://api.us.socrata.com/api/catalog/v1,Borrelia burgdorferi,Borrelia burgdorferi,"{""search_context"":""healthdata.gov"",""q"":""Borrelia burgdorferi"",""limit"":100}",United States,All available; preserve source vintage,dataset_metadata,"Core disease, pathogen, vector, and syndrome records that define the Lyme problem space.",Build the disease/pathogen terminology graph and identify authoritative baseline datasets.,optional_recommended,HEALTHDATA_SOCRATA_APP_TOKEN,Increment offset by limit until resultSetSize is exhausted.,"Anonymous queries work, but an X-App-Token gives a separate, higher-throttle request pool.",resource.id or permalink,"Socrata dataset id, publisher, endpoint, geography/time metadata",false,https://dev.socrata.com/foundry/healthdata.gov/,Use X-App-Token when available. Some results are links to other HHS systems rather than row-level datasets.
HDAT-0004,44,P0,disease_core,HealthData.gov / Socrata Catalog,healthdata_gov,health_metadata_catalog,catalog_search,GET,https://api.us.socrata.com/api/catalog/v1,Borrelia mayonii,Borrelia mayonii,"{""search_context"":""healthdata.gov"",""q"":""Borrelia mayonii"",""limit"":100}",United States,All available; preserve source vintage,dataset_metadata,"Core disease, pathogen, vector, and syndrome records that define the Lyme problem space.",Build the disease/pathogen terminology graph and identify authoritative baseline datasets.,optional_recommended,HEALTHDATA_SOCRATA_APP_TOKEN,Increment offset by limit until resultSetSize is exhausted.,"Anonymous queries work, but an X-App-Token gives a separate, higher-throttle request pool.",resource.id or permalink,"Socrata dataset id, publisher, endpoint, geography/time metadata",false,https://dev.socrata.com/foundry/healthdata.gov/,Use X-App-Token when available. Some results are links to other HHS systems rather than row-level datasets.
HDAT-0005,45,P0,disease_core,HealthData.gov / Socrata Catalog,healthdata_gov,health_metadata_catalog,catalog_search,GET,https://api.us.socrata.com/api/catalog/v1,Borrelia miyamotoi,Borrelia miyamotoi,"{""search_context"":""healthdata.gov"",""q"":""Borrelia miyamotoi"",""limit"":100}",United States,All available; preserve source vintage,dataset_metadata,"Core disease, pathogen, vector, and syndrome records that define the Lyme problem space.",Build the disease/pathogen terminology graph and identify authoritative baseline datasets.,optional_recommended,HEALTHDATA_SOCRATA_APP_TOKEN,Increment offset by limit until resultSetSize is exhausted.,"Anonymous queries work, but an X-App-Token gives a separate, higher-throttle request pool.",resource.id or permalink,"Socrata dataset id, publisher, endpoint, geography/time metadata",false,https://dev.socrata.com/foundry/healthdata.gov/,Use X-App-Token when available. Some results are links to other HHS systems rather than row-level datasets.
HDAT-0006,46,P0,disease_core,HealthData.gov / Socrata Catalog,healthdata_gov,health_metadata_catalog,catalog_search,GET,https://api.us.socrata.com/api/catalog/v1,tickborne disease,tickborne disease,"{""search_context"":""healthdata.gov"",""q"":""tickborne disease"",""limit"":100}",United States,All available; preserve source vintage,dataset_metadata,"Core disease, pathogen, vector, and syndrome records that define the Lyme problem space.",Build the disease/pathogen terminology graph and identify authoritative baseline datasets.,optional_recommended,HEALTHDATA_SOCRATA_APP_TOKEN,Increment offset by limit until resultSetSize is exhausted.,"Anonymous queries work, but an X-App-Token gives a separate, higher-throttle request pool.",resource.id or permalink,"Socrata dataset id, publisher, endpoint, geography/time metadata",false,https://dev.socrata.com/foundry/healthdata.gov/,Use X-App-Token when available. Some results are links to other HHS systems rather than row-level datasets.
HDAT-0007,47,P0,disease_core,HealthData.gov / Socrata Catalog,healthdata_gov,health_metadata_catalog,catalog_search,GET,https://api.us.socrata.com/api/catalog/v1,blacklegged tick,blacklegged tick,"{""search_context"":""healthdata.gov"",""q"":""blacklegged tick"",""limit"":100}",United States,All available; preserve source vintage,dataset_metadata,"Core disease, pathogen, vector, and syndrome records that define the Lyme problem space.",Build the disease/pathogen terminology graph and identify authoritative baseline datasets.,optional_recommended,HEALTHDATA_SOCRATA_APP_TOKEN,Increment offset by limit until resultSetSize is exhausted.,"Anonymous queries work, but an X-App-Token gives a separate, higher-throttle request pool.",resource.id or permalink,"Socrata dataset id, publisher, endpoint, geography/time metadata",false,https://dev.socrata.com/foundry/healthdata.gov/,Use X-App-Token when available. Some results are links to other HHS systems rather than row-level datasets.
HDAT-0008,48,P0,disease_core,HealthData.gov / Socrata Catalog,healthdata_gov,health_metadata_catalog,catalog_search,GET,https://api.us.socrata.com/api/catalog/v1,Ixodes scapularis,Ixodes scapularis,"{""search_context"":""healthdata.gov"",""q"":""Ixodes scapularis"",""limit"":100}",United States,All available; preserve source vintage,dataset_metadata,"Core disease, pathogen, vector, and syndrome records that define the Lyme problem space.",Build the disease/pathogen terminology graph and identify authoritative baseline datasets.,optional_recommended,HEALTHDATA_SOCRATA_APP_TOKEN,Increment offset by limit until resultSetSize is exhausted.,"Anonymous queries work, but an X-App-Token gives a separate, higher-throttle request pool.",resource.id or permalink,"Socrata dataset id, publisher, endpoint, geography/time metadata",false,https://dev.socrata.com/foundry/healthdata.gov/,Use X-App-Token when available. Some results are links to other HHS systems rather than row-level datasets.
HDAT-0009,49,P0,disease_core,HealthData.gov / Socrata Catalog,healthdata_gov,health_metadata_catalog,catalog_search,GET,https://api.us.socrata.com/api/catalog/v1,Ixodes pacificus,Ixodes pacificus,"{""search_context"":""healthdata.gov"",""q"":""Ixodes pacificus"",""limit"":100}",United States,All available; preserve source vintage,dataset_metadata,"Core disease, pathogen, vector, and syndrome records that define the Lyme problem space.",Build the disease/pathogen terminology graph and identify authoritative baseline datasets.,optional_recommended,HEALTHDATA_SOCRATA_APP_TOKEN,Increment offset by limit until resultSetSize is exhausted.,"Anonymous queries work, but an X-App-Token gives a separate, higher-throttle request pool.",resource.id or permalink,"Socrata dataset id, publisher, endpoint, geography/time metadata",false,https://dev.socrata.com/foundry/healthdata.gov/,Use X-App-Token when available. Some results are links to other HHS systems rather than row-level datasets.
HDAT-0010,50,P0,disease_core,HealthData.gov / Socrata Catalog,healthdata_gov,health_metadata_catalog,catalog_search,GET,https://api.us.socrata.com/api/catalog/v1,erythema migrans,erythema migrans,"{""search_context"":""healthdata.gov"",""q"":""erythema migrans"",""limit"":100}",United States,All available; preserve source vintage,dataset_metadata,"Core disease, pathogen, vector, and syndrome records that define the Lyme problem space.",Build the disease/pathogen terminology graph and identify authoritative baseline datasets.,optional_recommended,HEALTHDATA_SOCRATA_APP_TOKEN,Increment offset by limit until resultSetSize is exhausted.,"Anonymous queries work, but an X-App-Token gives a separate, higher-throttle request pool.",resource.id or permalink,"Socrata dataset id, publisher, endpoint, geography/time metadata",false,https://dev.socrata.com/foundry/healthdata.gov/,Use X-App-Token when available. Some results are links to other HHS systems rather than row-level datasets.
HDAT-0011,51,P1,care_access,HealthData.gov / Socrata Catalog,healthdata_gov,health_metadata_catalog,catalog_search,GET,https://api.us.socrata.com/api/catalog/v1,Lyme disease access to care,Lyme disease access to care,"{""search_context"":""healthdata.gov"",""q"":""Lyme disease access to care"",""limit"":100}",United States,All available; preserve source vintage,dataset_metadata,"Providers, facilities, travel burden, utilization, cost, referral, wait-time, and navigation signals.","Identify care deserts and product opportunities in navigation, referral, and access.",optional_recommended,HEALTHDATA_SOCRATA_APP_TOKEN,Increment offset by limit until resultSetSize is exhausted.,"Anonymous queries work, but an X-App-Token gives a separate, higher-throttle request pool.",resource.id or permalink,"Socrata dataset id, publisher, endpoint, geography/time metadata",false,https://dev.socrata.com/foundry/healthdata.gov/,Use X-App-Token when available. Some results are links to other HHS systems rather than row-level datasets.
HDAT-0012,52,P1,care_access,HealthData.gov / Socrata Catalog,healthdata_gov,health_metadata_catalog,catalog_search,GET,https://api.us.socrata.com/api/catalog/v1,Lyme disease provider shortage,Lyme disease provider shortage,"{""search_context"":""healthdata.gov"",""q"":""Lyme disease provider shortage"",""limit"":100}",United States,All available; preserve source vintage,dataset_metadata,"Providers, facilities, travel burden, utilization, cost, referral, wait-time, and navigation signals.","Identify care deserts and product opportunities in navigation, referral, and access.",optional_recommended,HEALTHDATA_SOCRATA_APP_TOKEN,Increment offset by limit until resultSetSize is exhausted.,"Anonymous queries work, but an X-App-Token gives a separate, higher-throttle request pool.",resource.id or permalink,"Socrata dataset id, publisher, endpoint, geography/time metadata",false,https://dev.socrata.com/foundry/healthdata.gov/,Use X-App-Token when available. Some results are links to other HHS systems rather than row-level datasets.
HDAT-0013,53,P1,care_access,HealthData.gov / Socrata Catalog,healthdata_gov,health_metadata_catalog,catalog_search,GET,https://api.us.socrata.com/api/catalog/v1,infectious disease specialist access,infectious disease specialist access,"{""search_context"":""healthdata.gov"",""q"":""infectious disease specialist access"",""limit"":100}",United States,All available; preserve source vintage,dataset_metadata,"Providers, facilities, travel burden, utilization, cost, referral, wait-time, and navigation signals.","Identify care deserts and product opportunities in navigation, referral, and access.",optional_recommended,HEALTHDATA_SOCRATA_APP_TOKEN,Increment offset by limit until resultSetSize is exhausted.,"Anonymous queries work, but an X-App-Token gives a separate, higher-throttle request pool.",resource.id or permalink,"Socrata dataset id, publisher, endpoint, geography/time metadata",false,https://dev.socrata.com/foundry/healthdata.gov/,Use X-App-Token when available. Some results are links to other HHS systems rather than row-level datasets.
HDAT-0014,54,P1,care_access,HealthData.gov / Socrata Catalog,healthdata_gov,health_metadata_catalog,catalog_search,GET,https://api.us.socrata.com/api/catalog/v1,rheumatology access Lyme,rheumatology access Lyme,"{""search_context"":""healthdata.gov"",""q"":""rheumatology access Lyme"",""limit"":100}",United States,All available; preserve source vintage,dataset_metadata,"Providers, facilities, travel burden, utilization, cost, referral, wait-time, and navigation signals.","Identify care deserts and product opportunities in navigation, referral, and access.",optional_recommended,HEALTHDATA_SOCRATA_APP_TOKEN,Increment offset by limit until resultSetSize is exhausted.,"Anonymous queries work, but an X-App-Token gives a separate, higher-throttle request pool.",resource.id or permalink,"Socrata dataset id, publisher, endpoint, geography/time metadata",false,https://dev.socrata.com/foundry/healthdata.gov/,Use X-App-Token when available. Some results are links to other HHS systems rather than row-level datasets.
HDAT-0015,55,P1,care_access,HealthData.gov / Socrata Catalog,healthdata_gov,health_metadata_catalog,catalog_search,GET,https://api.us.socrata.com/api/catalog/v1,neurology access Lyme,neurology access Lyme,"{""search_context"":""healthdata.gov"",""q"":""neurology access Lyme"",""limit"":100}",United States,All available; preserve source vintage,dataset_metadata,"Providers, facilities, travel burden, utilization, cost, referral, wait-time, and navigation signals.","Identify care deserts and product opportunities in navigation, referral, and access.",optional_recommended,HEALTHDATA_SOCRATA_APP_TOKEN,Increment offset by limit until resultSetSize is exhausted.,"Anonymous queries work, but an X-App-Token gives a separate, higher-throttle request pool.",resource.id or permalink,"Socrata dataset id, publisher, endpoint, geography/time metadata",false,https://dev.socrata.com/foundry/healthdata.gov/,Use X-App-Token when available. Some results are links to other HHS systems rather than row-level datasets.
HDAT-0016,56,P1,care_access,HealthData.gov / Socrata Catalog,healthdata_gov,health_metadata_catalog,catalog_search,GET,https://api.us.socrata.com/api/catalog/v1,cardiology access Lyme,cardiology access Lyme,"{""search_context"":""healthdata.gov"",""q"":""cardiology access Lyme"",""limit"":100}",United States,All available; preserve source vintage,dataset_metadata,"Providers, facilities, travel burden, utilization, cost, referral, wait-time, and navigation signals.","Identify care deserts and product opportunities in navigation, referral, and access.",optional_recommended,HEALTHDATA_SOCRATA_APP_TOKEN,Increment offset by limit until resultSetSize is exhausted.,"Anonymous queries work, but an X-App-Token gives a separate, higher-throttle request pool.",resource.id or permalink,"Socrata dataset id, publisher, endpoint, geography/time metadata",false,https://dev.socrata.com/foundry/healthdata.gov/,Use X-App-Token when available. Some results are links to other HHS systems rather than row-level datasets.
HDAT-0017,57,P1,equity_context,HealthData.gov / Socrata Catalog,healthdata_gov,health_metadata_catalog,catalog_search,GET,https://api.us.socrata.com/api/catalog/v1,Lyme disease rural populations,Lyme disease rural populations,"{""search_context"":""healthdata.gov"",""q"":""Lyme disease rural populations"",""limit"":100}",United States,All available; preserve source vintage,dataset_metadata,"Area-level or population-level access, vulnerability, insurance, transportation, language, and digital-access context.",Test whether proposed tools could reduce or worsen disparities.,optional_recommended,HEALTHDATA_SOCRATA_APP_TOKEN,Increment offset by limit until resultSetSize is exhausted.,"Anonymous queries work, but an X-App-Token gives a separate, higher-throttle request pool.",resource.id or permalink,"Socrata dataset id, publisher, endpoint, geography/time metadata",false,https://dev.socrata.com/foundry/healthdata.gov/,Use X-App-Token when available. Some results are links to other HHS systems rather than row-level datasets.
HDAT-0018,58,P1,equity_context,HealthData.gov / Socrata Catalog,healthdata_gov,health_metadata_catalog,catalog_search,GET,https://api.us.socrata.com/api/catalog/v1,Lyme disease underserved communities,Lyme disease underserved communities,"{""search_context"":""healthdata.gov"",""q"":""Lyme disease underserved communities"",""limit"":100}",United States,All available; preserve source vintage,dataset_metadata,"Area-level or population-level access, vulnerability, insurance, transportation, language, and digital-access context.",Test whether proposed tools could reduce or worsen disparities.,optional_recommended,HEALTHDATA_SOCRATA_APP_TOKEN,Increment offset by limit until resultSetSize is exhausted.,"Anonymous queries work, but an X-App-Token gives a separate, higher-throttle request pool.",resource.id or permalink,"Socrata dataset id, publisher, endpoint, geography/time metadata",false,https://dev.socrata.com/foundry/healthdata.gov/,Use X-App-Token when available. Some results are links to other HHS systems rather than row-level datasets.
HDAT-0019,59,P1,equity_context,HealthData.gov / Socrata Catalog,healthdata_gov,health_metadata_catalog,catalog_search,GET,https://api.us.socrata.com/api/catalog/v1,Lyme disease social vulnerability,Lyme disease social vulnerability,"{""search_context"":""healthdata.gov"",""q"":""Lyme disease social vulnerability"",""limit"":100}",United States,All available; preserve source vintage,dataset_metadata,"Area-level or population-level access, vulnerability, insurance, transportation, language, and digital-access context.",Test whether proposed tools could reduce or worsen disparities.,optional_recommended,HEALTHDATA_SOCRATA_APP_TOKEN,Increment offset by limit until resultSetSize is exhausted.,"Anonymous queries work, but an X-App-Token gives a separate, higher-throttle request pool.",resource.id or permalink,"Socrata dataset id, publisher, endpoint, geography/time metadata",false,https://dev.socrata.com/foundry/healthdata.gov/,Use X-App-Token when available. Some results are links to other HHS systems rather than row-level datasets.
HDAT-0020,60,P1,equity_context,HealthData.gov / Socrata Catalog,healthdata_gov,health_metadata_catalog,catalog_search,GET,https://api.us.socrata.com/api/catalog/v1,Lyme disease health disparities,Lyme disease health disparities,"{""search_context"":""healthdata.gov"",""q"":""Lyme disease health disparities"",""limit"":100}",United States,All available; preserve source vintage,dataset_metadata,"Area-level or population-level access, vulnerability, insurance, transportation, language, and digital-access context.",Test whether proposed tools could reduce or worsen disparities.,optional_recommended,HEALTHDATA_SOCRATA_APP_TOKEN,Increment offset by limit until resultSetSize is exhausted.,"Anonymous queries work, but an X-App-Token gives a separate, higher-throttle request pool.",resource.id or permalink,"Socrata dataset id, publisher, endpoint, geography/time metadata",false,https://dev.socrata.com/foundry/healthdata.gov/,Use X-App-Token when available. Some results are links to other HHS systems rather than row-level datasets.
CDCC-0001,61,P0,disease_core,Data.CDC.gov / Socrata Catalog,data_cdc_gov,public_health_data_catalog,catalog_search,GET,https://api.us.socrata.com/api/catalog/v1,Lyme disease,Lyme disease,"{""search_context"":""data.cdc.gov"",""q"":""Lyme disease"",""limit"":100}",United States,All available; preserve source vintage,dataset_metadata,"Core disease, pathogen, vector, and syndrome records that define the Lyme problem space.",Build the disease/pathogen terminology graph and identify authoritative baseline datasets.,optional_recommended,CDC_SOCRATA_APP_TOKEN,Increment offset by limit until resultSetSize is exhausted.,"Anonymous queries work, but an X-App-Token is recommended for automated exploration.",resource.id,"Socrata dataset id, publisher, geographic and temporal fields",false,https://dev.socrata.com/,"After discovery, fetch /api/views/{dataset_id} for schema and /resource/{dataset_id}.json for rows."
CDCC-0002,62,P0,disease_core,Data.CDC.gov / Socrata Catalog,data_cdc_gov,public_health_data_catalog,catalog_search,GET,https://api.us.socrata.com/api/catalog/v1,Lyme borreliosis,Lyme borreliosis,"{""search_context"":""data.cdc.gov"",""q"":""Lyme borreliosis"",""limit"":100}",United States,All available; preserve source vintage,dataset_metadata,"Core disease, pathogen, vector, and syndrome records that define the Lyme problem space.",Build the disease/pathogen terminology graph and identify authoritative baseline datasets.,optional_recommended,CDC_SOCRATA_APP_TOKEN,Increment offset by limit until resultSetSize is exhausted.,"Anonymous queries work, but an X-App-Token is recommended for automated exploration.",resource.id,"Socrata dataset id, publisher, geographic and temporal fields",false,https://dev.socrata.com/,"After discovery, fetch /api/views/{dataset_id} for schema and /resource/{dataset_id}.json for rows."
CDCC-0003,63,P0,disease_core,Data.CDC.gov / Socrata Catalog,data_cdc_gov,public_health_data_catalog,catalog_search,GET,https://api.us.socrata.com/api/catalog/v1,Borrelia burgdorferi,Borrelia burgdorferi,"{""search_context"":""data.cdc.gov"",""q"":""Borrelia burgdorferi"",""limit"":100}",United States,All available; preserve source vintage,dataset_metadata,"Core disease, pathogen, vector, and syndrome records that define the Lyme problem space.",Build the disease/pathogen terminology graph and identify authoritative baseline datasets.,optional_recommended,CDC_SOCRATA_APP_TOKEN,Increment offset by limit until resultSetSize is exhausted.,"Anonymous queries work, but an X-App-Token is recommended for automated exploration.",resource.id,"Socrata dataset id, publisher, geographic and temporal fields",false,https://dev.socrata.com/,"After discovery, fetch /api/views/{dataset_id} for schema and /resource/{dataset_id}.json for rows."
CDCC-0004,64,P0,disease_core,Data.CDC.gov / Socrata Catalog,data_cdc_gov,public_health_data_catalog,catalog_search,GET,https://api.us.socrata.com/api/catalog/v1,Borrelia mayonii,Borrelia mayonii,"{""search_context"":""data.cdc.gov"",""q"":""Borrelia mayonii"",""limit"":100}",United States,All available; preserve source vintage,dataset_metadata,"Core disease, pathogen, vector, and syndrome records that define the Lyme problem space.",Build the disease/pathogen terminology graph and identify authoritative baseline datasets.,optional_recommended,CDC_SOCRATA_APP_TOKEN,Increment offset by limit until resultSetSize is exhausted.,"Anonymous queries work, but an X-App-Token is recommended for automated exploration.",resource.id,"Socrata dataset id, publisher, geographic and temporal fields",false,https://dev.socrata.com/,"After discovery, fetch /api/views/{dataset_id} for schema and /resource/{dataset_id}.json for rows."
CDCC-0005,65,P0,disease_core,Data.CDC.gov / Socrata Catalog,data_cdc_gov,public_health_data_catalog,catalog_search,GET,https://api.us.socrata.com/api/catalog/v1,Borrelia miyamotoi,Borrelia miyamotoi,"{""search_context"":""data.cdc.gov"",""q"":""Borrelia miyamotoi"",""limit"":100}",United States,All available; preserve source vintage,dataset_metadata,"Core disease, pathogen, vector, and syndrome records that define the Lyme problem space.",Build the disease/pathogen terminology graph and identify authoritative baseline datasets.,optional_recommended,CDC_SOCRATA_APP_TOKEN,Increment offset by limit until resultSetSize is exhausted.,"Anonymous queries work, but an X-App-Token is recommended for automated exploration.",resource.id,"Socrata dataset id, publisher, geographic and temporal fields",false,https://dev.socrata.com/,"After discovery, fetch /api/views/{dataset_id} for schema and /resource/{dataset_id}.json for rows."
CDCC-0006,66,P0,disease_core,Data.CDC.gov / Socrata Catalog,data_cdc_gov,public_health_data_catalog,catalog_search,GET,https://api.us.socrata.com/api/catalog/v1,tickborne disease,tickborne disease,"{""search_context"":""data.cdc.gov"",""q"":""tickborne disease"",""limit"":100}",United States,All available; preserve source vintage,dataset_metadata,"Core disease, pathogen, vector, and syndrome records that define the Lyme problem space.",Build the disease/pathogen terminology graph and identify authoritative baseline datasets.,optional_recommended,CDC_SOCRATA_APP_TOKEN,Increment offset by limit until resultSetSize is exhausted.,"Anonymous queries work, but an X-App-Token is recommended for automated exploration.",resource.id,"Socrata dataset id, publisher, geographic and temporal fields",false,https://dev.socrata.com/,"After discovery, fetch /api/views/{dataset_id} for schema and /resource/{dataset_id}.json for rows."
CDCC-0007,67,P0,disease_core,Data.CDC.gov / Socrata Catalog,data_cdc_gov,public_health_data_catalog,catalog_search,GET,https://api.us.socrata.com/api/catalog/v1,blacklegged tick,blacklegged tick,"{""search_context"":""data.cdc.gov"",""q"":""blacklegged tick"",""limit"":100}",United States,All available; preserve source vintage,dataset_metadata,"Core disease, pathogen, vector, and syndrome records that define the Lyme problem space.",Build the disease/pathogen terminology graph and identify authoritative baseline datasets.,optional_recommended,CDC_SOCRATA_APP_TOKEN,Increment offset by limit until resultSetSize is exhausted.,"Anonymous queries work, but an X-App-Token is recommended for automated exploration.",resource.id,"Socrata dataset id, publisher, geographic and temporal fields",false,https://dev.socrata.com/,"After discovery, fetch /api/views/{dataset_id} for schema and /resource/{dataset_id}.json for rows."
CDCC-0008,68,P0,disease_core,Data.CDC.gov / Socrata Catalog,data_cdc_gov,public_health_data_catalog,catalog_search,GET,https://api.us.socrata.com/api/catalog/v1,Ixodes scapularis,Ixodes scapularis,"{""search_context"":""data.cdc.gov"",""q"":""Ixodes scapularis"",""limit"":100}",United States,All available; preserve source vintage,dataset_metadata,"Core disease, pathogen, vector, and syndrome records that define the Lyme problem space.",Build the disease/pathogen terminology graph and identify authoritative baseline datasets.,optional_recommended,CDC_SOCRATA_APP_TOKEN,Increment offset by limit until resultSetSize is exhausted.,"Anonymous queries work, but an X-App-Token is recommended for automated exploration.",resource.id,"Socrata dataset id, publisher, geographic and temporal fields",false,https://dev.socrata.com/,"After discovery, fetch /api/views/{dataset_id} for schema and /resource/{dataset_id}.json for rows."
CDCC-0009,69,P0,disease_core,Data.CDC.gov / Socrata Catalog,data_cdc_gov,public_health_data_catalog,catalog_search,GET,https://api.us.socrata.com/api/catalog/v1,Ixodes pacificus,Ixodes pacificus,"{""search_context"":""data.cdc.gov"",""q"":""Ixodes pacificus"",""limit"":100}",United States,All available; preserve source vintage,dataset_metadata,"Core disease, pathogen, vector, and syndrome records that define the Lyme problem space.",Build the disease/pathogen terminology graph and identify authoritative baseline datasets.,optional_recommended,CDC_SOCRATA_APP_TOKEN,Increment offset by limit until resultSetSize is exhausted.,"Anonymous queries work, but an X-App-Token is recommended for automated exploration.",resource.id,"Socrata dataset id, publisher, geographic and temporal fields",false,https://dev.socrata.com/,"After discovery, fetch /api/views/{dataset_id} for schema and /resource/{dataset_id}.json for rows."
CDCC-0010,70,P0,disease_core,Data.CDC.gov / Socrata Catalog,data_cdc_gov,public_health_data_catalog,catalog_search,GET,https://api.us.socrata.com/api/catalog/v1,erythema migrans,erythema migrans,"{""search_context"":""data.cdc.gov"",""q"":""erythema migrans"",""limit"":100}",United States,All available; preserve source vintage,dataset_metadata,"Core disease, pathogen, vector, and syndrome records that define the Lyme problem space.",Build the disease/pathogen terminology graph and identify authoritative baseline datasets.,optional_recommended,CDC_SOCRATA_APP_TOKEN,Increment offset by limit until resultSetSize is exhausted.,"Anonymous queries work, but an X-App-Token is recommended for automated exploration.",resource.id,"Socrata dataset id, publisher, geographic and temporal fields",false,https://dev.socrata.com/,"After discovery, fetch /api/views/{dataset_id} for schema and /resource/{dataset_id}.json for rows."
CDCC-0011,71,P0,disease_core,Data.CDC.gov / Socrata Catalog,data_cdc_gov,public_health_data_catalog,catalog_search,GET,https://api.us.socrata.com/api/catalog/v1,neuroborreliosis,neuroborreliosis,"{""search_context"":""data.cdc.gov"",""q"":""neuroborreliosis"",""limit"":100}",United States,All available; preserve source vintage,dataset_metadata,"Core disease, pathogen, vector, and syndrome records that define the Lyme problem space.",Build the disease/pathogen terminology graph and identify authoritative baseline datasets.,optional_recommended,CDC_SOCRATA_APP_TOKEN,Increment offset by limit until resultSetSize is exhausted.,"Anonymous queries work, but an X-App-Token is recommended for automated exploration.",resource.id,"Socrata dataset id, publisher, geographic and temporal fields",false,https://dev.socrata.com/,"After discovery, fetch /api/views/{dataset_id} for schema and /resource/{dataset_id}.json for rows."
CDCC-0012,72,P0,disease_core,Data.CDC.gov / Socrata Catalog,data_cdc_gov,public_health_data_catalog,catalog_search,GET,https://api.us.socrata.com/api/catalog/v1,Lyme arthritis,Lyme arthritis,"{""search_context"":""data.cdc.gov"",""q"":""Lyme arthritis"",""limit"":100}",United States,All available; preserve source vintage,dataset_metadata,"Core disease, pathogen, vector, and syndrome records that define the Lyme problem space.",Build the disease/pathogen terminology graph and identify authoritative baseline datasets.,optional_recommended,CDC_SOCRATA_APP_TOKEN,Increment offset by limit until resultSetSize is exhausted.,"Anonymous queries work, but an X-App-Token is recommended for automated exploration.",resource.id,"Socrata dataset id, publisher, geographic and temporal fields",false,https://dev.socrata.com/,"After discovery, fetch /api/views/{dataset_id} for schema and /resource/{dataset_id}.json for rows."
CDCC-0013,73,P0,coinfections,Data.CDC.gov / Socrata Catalog,data_cdc_gov,public_health_data_catalog,catalog_search,GET,https://api.us.socrata.com/api/catalog/v1,Lyme babesiosis coinfection,Lyme babesiosis coinfection,"{""search_context"":""data.cdc.gov"",""q"":""Lyme babesiosis coinfection"",""limit"":100}",United States,All available; preserve source vintage,dataset_metadata,"Other tickborne pathogens, coinfection patterns, and related surveillance or clinical evidence.",Identify where single-disease workflows miss clinically relevant tickborne conditions.,optional_recommended,CDC_SOCRATA_APP_TOKEN,Increment offset by limit until resultSetSize is exhausted.,"Anonymous queries work, but an X-App-Token is recommended for automated exploration.",resource.id,"Socrata dataset id, publisher, geographic and temporal fields",false,https://dev.socrata.com/,"After discovery, fetch /api/views/{dataset_id} for schema and /resource/{dataset_id}.json for rows."
CDCC-0014,74,P0,coinfections,Data.CDC.gov / Socrata Catalog,data_cdc_gov,public_health_data_catalog,catalog_search,GET,https://api.us.socrata.com/api/catalog/v1,Lyme anaplasmosis coinfection,Lyme anaplasmosis coinfection,"{""search_context"":""data.cdc.gov"",""q"":""Lyme anaplasmosis coinfection"",""limit"":100}",United States,All available; preserve source vintage,dataset_metadata,"Other tickborne pathogens, coinfection patterns, and related surveillance or clinical evidence.",Identify where single-disease workflows miss clinically relevant tickborne conditions.,optional_recommended,CDC_SOCRATA_APP_TOKEN,Increment offset by limit until resultSetSize is exhausted.,"Anonymous queries work, but an X-App-Token is recommended for automated exploration.",resource.id,"Socrata dataset id, publisher, geographic and temporal fields",false,https://dev.socrata.com/,"After discovery, fetch /api/views/{dataset_id} for schema and /resource/{dataset_id}.json for rows."
CDCC-0015,75,P0,coinfections,Data.CDC.gov / Socrata Catalog,data_cdc_gov,public_health_data_catalog,catalog_search,GET,https://api.us.socrata.com/api/catalog/v1,Lyme ehrlichiosis coinfection,Lyme ehrlichiosis coinfection,"{""search_context"":""data.cdc.gov"",""q"":""Lyme ehrlichiosis coinfection"",""limit"":100}",United States,All available; preserve source vintage,dataset_metadata,"Other tickborne pathogens, coinfection patterns, and related surveillance or clinical evidence.",Identify where single-disease workflows miss clinically relevant tickborne conditions.,optional_recommended,CDC_SOCRATA_APP_TOKEN,Increment offset by limit until resultSetSize is exhausted.,"Anonymous queries work, but an X-App-Token is recommended for automated exploration.",resource.id,"Socrata dataset id, publisher, geographic and temporal fields",false,https://dev.socrata.com/,"After discovery, fetch /api/views/{dataset_id} for schema and /resource/{dataset_id}.json for rows."
CDCC-0016,76,P0,coinfections,Data.CDC.gov / Socrata Catalog,data_cdc_gov,public_health_data_catalog,catalog_search,GET,https://api.us.socrata.com/api/catalog/v1,Lyme Powassan coinfection,Lyme Powassan coinfection,"{""search_context"":""data.cdc.gov"",""q"":""Lyme Powassan coinfection"",""limit"":100}",United States,All available; preserve source vintage,dataset_metadata,"Other tickborne pathogens, coinfection patterns, and related surveillance or clinical evidence.",Identify where single-disease workflows miss clinically relevant tickborne conditions.,optional_recommended,CDC_SOCRATA_APP_TOKEN,Increment offset by limit until resultSetSize is exhausted.,"Anonymous queries work, but an X-App-Token is recommended for automated exploration.",resource.id,"Socrata dataset id, publisher, geographic and temporal fields",false,https://dev.socrata.com/,"After discovery, fetch /api/views/{dataset_id} for schema and /resource/{dataset_id}.json for rows."
CDCC-0017,77,P0,coinfections,Data.CDC.gov / Socrata Catalog,data_cdc_gov,public_health_data_catalog,catalog_search,GET,https://api.us.socrata.com/api/catalog/v1,Babesia microti,Babesia microti,"{""search_context"":""data.cdc.gov"",""q"":""Babesia microti"",""limit"":100}",United States,All available; preserve source vintage,dataset_metadata,"Other tickborne pathogens, coinfection patterns, and related surveillance or clinical evidence.",Identify where single-disease workflows miss clinically relevant tickborne conditions.,optional_recommended,CDC_SOCRATA_APP_TOKEN,Increment offset by limit until resultSetSize is exhausted.,"Anonymous queries work, but an X-App-Token is recommended for automated exploration.",resource.id,"Socrata dataset id, publisher, geographic and temporal fields",false,https://dev.socrata.com/,"After discovery, fetch /api/views/{dataset_id} for schema and /resource/{dataset_id}.json for rows."
CDCC-0018,78,P0,coinfections,Data.CDC.gov / Socrata Catalog,data_cdc_gov,public_health_data_catalog,catalog_search,GET,https://api.us.socrata.com/api/catalog/v1,Anaplasma phagocytophilum,Anaplasma phagocytophilum,"{""search_context"":""data.cdc.gov"",""q"":""Anaplasma phagocytophilum"",""limit"":100}",United States,All available; preserve source vintage,dataset_metadata,"Other tickborne pathogens, coinfection patterns, and related surveillance or clinical evidence.",Identify where single-disease workflows miss clinically relevant tickborne conditions.,optional_recommended,CDC_SOCRATA_APP_TOKEN,Increment offset by limit until resultSetSize is exhausted.,"Anonymous queries work, but an X-App-Token is recommended for automated exploration.",resource.id,"Socrata dataset id, publisher, geographic and temporal fields",false,https://dev.socrata.com/,"After discovery, fetch /api/views/{dataset_id} for schema and /resource/{dataset_id}.json for rows."
CDCC-0019,79,P0,surveillance_public_health,Data.CDC.gov / Socrata Catalog,data_cdc_gov,public_health_data_catalog,catalog_search,GET,https://api.us.socrata.com/api/catalog/v1,Lyme disease surveillance,Lyme disease surveillance,"{""search_context"":""data.cdc.gov"",""q"":""Lyme disease surveillance"",""limit"":100}",United States,All available; preserve source vintage,dataset_metadata,"Human case counts, surveillance definitions, geographic trends, reporting limitations, and prevention assets.",Build geographic and temporal outcome layers and document surveillance caveats.,optional_recommended,CDC_SOCRATA_APP_TOKEN,Increment offset by limit until resultSetSize is exhausted.,"Anonymous queries work, but an X-App-Token is recommended for automated exploration.",resource.id,"Socrata dataset id, publisher, geographic and temporal fields",false,https://dev.socrata.com/,"After discovery, fetch /api/views/{dataset_id} for schema and /resource/{dataset_id}.json for rows."
CDCC-0020,80,P0,surveillance_public_health,Data.CDC.gov / Socrata Catalog,data_cdc_gov,public_health_data_catalog,catalog_search,GET,https://api.us.socrata.com/api/catalog/v1,Lyme disease incidence,Lyme disease incidence,"{""search_context"":""data.cdc.gov"",""q"":""Lyme disease incidence"",""limit"":100}",United States,All available; preserve source vintage,dataset_metadata,"Human case counts, surveillance definitions, geographic trends, reporting limitations, and prevention assets.",Build geographic and temporal outcome layers and document surveillance caveats.,optional_recommended,CDC_SOCRATA_APP_TOKEN,Increment offset by limit until resultSetSize is exhausted.,"Anonymous queries work, but an X-App-Token is recommended for automated exploration.",resource.id,"Socrata dataset id, publisher, geographic and temporal fields",false,https://dev.socrata.com/,"After discovery, fetch /api/views/{dataset_id} for schema and /resource/{dataset_id}.json for rows."
CDCC-0021,81,P0,surveillance_public_health,Data.CDC.gov / Socrata Catalog,data_cdc_gov,public_health_data_catalog,catalog_search,GET,https://api.us.socrata.com/api/catalog/v1,Lyme disease case counts,Lyme disease case counts,"{""search_context"":""data.cdc.gov"",""q"":""Lyme disease case counts"",""limit"":100}",United States,All available; preserve source vintage,dataset_metadata,"Human case counts, surveillance definitions, geographic trends, reporting limitations, and prevention assets.",Build geographic and temporal outcome layers and document surveillance caveats.,optional_recommended,CDC_SOCRATA_APP_TOKEN,Increment offset by limit until resultSetSize is exhausted.,"Anonymous queries work, but an X-App-Token is recommended for automated exploration.",resource.id,"Socrata dataset id, publisher, geographic and temporal fields",false,https://dev.socrata.com/,"After discovery, fetch /api/views/{dataset_id} for schema and /resource/{dataset_id}.json for rows."
CDCC-0022,82,P0,surveillance_public_health,Data.CDC.gov / Socrata Catalog,data_cdc_gov,public_health_data_catalog,catalog_search,GET,https://api.us.socrata.com/api/catalog/v1,Lyme disease underreporting,Lyme disease underreporting,"{""search_context"":""data.cdc.gov"",""q"":""Lyme disease underreporting"",""limit"":100}",United States,All available; preserve source vintage,dataset_metadata,"Human case counts, surveillance definitions, geographic trends, reporting limitations, and prevention assets.",Build geographic and temporal outcome layers and document surveillance caveats.,optional_recommended,CDC_SOCRATA_APP_TOKEN,Increment offset by limit until resultSetSize is exhausted.,"Anonymous queries work, but an X-App-Token is recommended for automated exploration.",resource.id,"Socrata dataset id, publisher, geographic and temporal fields",false,https://dev.socrata.com/,"After discovery, fetch /api/views/{dataset_id} for schema and /resource/{dataset_id}.json for rows."
CDCC-0023,83,P0,surveillance_public_health,Data.CDC.gov / Socrata Catalog,data_cdc_gov,public_health_data_catalog,catalog_search,GET,https://api.us.socrata.com/api/catalog/v1,Lyme disease case definition,Lyme disease case definition,"{""search_context"":""data.cdc.gov"",""q"":""Lyme disease case definition"",""limit"":100}",United States,All available; preserve source vintage,dataset_metadata,"Human case counts, surveillance definitions, geographic trends, reporting limitations, and prevention assets.",Build geographic and temporal outcome layers and document surveillance caveats.,optional_recommended,CDC_SOCRATA_APP_TOKEN,Increment offset by limit until resultSetSize is exhausted.,"Anonymous queries work, but an X-App-Token is recommended for automated exploration.",resource.id,"Socrata dataset id, publisher, geographic and temporal fields",false,https://dev.socrata.com/,"After discovery, fetch /api/views/{dataset_id} for schema and /resource/{dataset_id}.json for rows."
CDCC-0024,84,P0,surveillance_public_health,Data.CDC.gov / Socrata Catalog,data_cdc_gov,public_health_data_catalog,catalog_search,GET,https://api.us.socrata.com/api/catalog/v1,notifiable disease Lyme,notifiable disease Lyme,"{""search_context"":""data.cdc.gov"",""q"":""notifiable disease Lyme"",""limit"":100}",United States,All available; preserve source vintage,dataset_metadata,"Human case counts, surveillance definitions, geographic trends, reporting limitations, and prevention assets.",Build geographic and temporal outcome layers and document surveillance caveats.,optional_recommended,CDC_SOCRATA_APP_TOKEN,Increment offset by limit until resultSetSize is exhausted.,"Anonymous queries work, but an X-App-Token is recommended for automated exploration.",resource.id,"Socrata dataset id, publisher, geographic and temporal fields",false,https://dev.socrata.com/,"After discovery, fetch /api/views/{dataset_id} for schema and /resource/{dataset_id}.json for rows."
CDCC-0025,85,P0,surveillance_public_health,Data.CDC.gov / Socrata Catalog,data_cdc_gov,public_health_data_catalog,catalog_search,GET,https://api.us.socrata.com/api/catalog/v1,tickborne disease surveillance,tickborne disease surveillance,"{""search_context"":""data.cdc.gov"",""q"":""tickborne disease surveillance"",""limit"":100}",United States,All available; preserve source vintage,dataset_metadata,"Human case counts, surveillance definitions, geographic trends, reporting limitations, and prevention assets.",Build geographic and temporal outcome layers and document surveillance caveats.,optional_recommended,CDC_SOCRATA_APP_TOKEN,Increment offset by limit until resultSetSize is exhausted.,"Anonymous queries work, but an X-App-Token is recommended for automated exploration.",resource.id,"Socrata dataset id, publisher, geographic and temporal fields",false,https://dev.socrata.com/,"After discovery, fetch /api/views/{dataset_id} for schema and /resource/{dataset_id}.json for rows."
CDCL-0001,86,P0,surveillance_public_health,CDC Lyme surveillance 1992-2007,cdc_lyme_84rx-ksgd,disease_surveillance_dataset,schema_discovery,GET,https://data.cdc.gov/api/views/84rx-ksgd,schema discovery,schema discovery,{},United States,All available; preserve source vintage,dataset_schema,"Human case counts, surveillance definitions, geographic trends, reporting limitations, and prevention assets.",Build geographic and temporal outcome layers and document surveillance caveats.,optional_recommended,CDC_SOCRATA_APP_TOKEN,"For row APIs, use $limit/$offset or download the full CSV once.",Use an X-App-Token for repeatable automated access.,dataset id + source row identity or normalized geography/time/disease tuple,"state, county or county FIPS if present, year/reporting period",false,https://dev.socrata.com/foundry/data.cdc.gov/84rx-ksgd,"Fetch field names, types, descriptions, and metadata before constructing SoQL. Surveillance location is not necessarily exposure location; preserve case-definition vintage."
CDCL-0002,87,P0,surveillance_public_health,CDC Lyme surveillance 1992-2007,cdc_lyme_84rx-ksgd,disease_surveillance_dataset,full_download,GET,https://data.cdc.gov/api/views/84rx-ksgd/rows.csv?accessType=DOWNLOAD,full CSV download,full CSV download,{},United States,All available; preserve source vintage,surveillance_observation,"Human case counts, surveillance definitions, geographic trends, reporting limitations, and prevention assets.",Build geographic and temporal outcome layers and document surveillance caveats.,optional_recommended,CDC_SOCRATA_APP_TOKEN,"For row APIs, use $limit/$offset or download the full CSV once.",Use an X-App-Token for repeatable automated access.,dataset id + source row identity or normalized geography/time/disease tuple,"state, county or county FIPS if present, year/reporting period",false,https://dev.socrata.com/foundry/data.cdc.gov/84rx-ksgd,Download the complete public-use aggregate file for local profiling. Surveillance location is not necessarily exposure location; preserve case-definition vintage.
CDCL-0003,88,P0,surveillance_public_health,CDC Lyme surveillance 1992-2007,cdc_lyme_84rx-ksgd,disease_surveillance_dataset,dataset_query,GET,https://data.cdc.gov/resource/84rx-ksgd.json,JSON page sample,JSON page sample,"{""$limit"":1000,""$offset"":0,""_analysis_task"":""JSON page sample""}",United States,All available; preserve source vintage,surveillance_observation,"Human case counts, surveillance definitions, geographic trends, reporting limitations, and prevention assets.",Build geographic and temporal outcome layers and document surveillance caveats.,optional_recommended,CDC_SOCRATA_APP_TOKEN,"For row APIs, use $limit/$offset or download the full CSV once.",Use an X-App-Token for repeatable automated access.,dataset id + source row identity or normalized geography/time/disease tuple,"state, county or county FIPS if present, year/reporting period",true,https://dev.socrata.com/foundry/data.cdc.gov/84rx-ksgd,Fetch an initial JSON sample to test normalization. Surveillance location is not necessarily exposure location; preserve case-definition vintage.
CDCL-0004,89,P0,surveillance_public_health,CDC Lyme surveillance 1992-2007,cdc_lyme_84rx-ksgd,disease_surveillance_dataset,dataset_query,GET,https://data.cdc.gov/resource/84rx-ksgd.json,distinct geography values,distinct geography values,"{""$limit"":1000,""$offset"":0,""_analysis_task"":""distinct geography values""}",United States,All available; preserve source vintage,surveillance_observation,"Human case counts, surveillance definitions, geographic trends, reporting limitations, and prevention assets.",Build geographic and temporal outcome layers and document surveillance caveats.,optional_recommended,CDC_SOCRATA_APP_TOKEN,"For row APIs, use $limit/$offset or download the full CSV once.",Use an X-App-Token for repeatable automated access.,dataset id + source row identity or normalized geography/time/disease tuple,"state, county or county FIPS if present, year/reporting period",true,https://dev.socrata.com/foundry/data.cdc.gov/84rx-ksgd,Discover state/county/geography encodings and missing-value conventions. Surveillance location is not necessarily exposure location; preserve case-definition vintage.
CDCL-0005,90,P0,surveillance_public_health,CDC Lyme surveillance 1992-2007,cdc_lyme_84rx-ksgd,disease_surveillance_dataset,dataset_query,GET,https://data.cdc.gov/resource/84rx-ksgd.json,distinct time values,distinct time values,"{""$limit"":1000,""$offset"":0,""_analysis_task"":""distinct time values""}",United States,All available; preserve source vintage,surveillance_observation,"Human case counts, surveillance definitions, geographic trends, reporting limitations, and prevention assets.",Build geographic and temporal outcome layers and document surveillance caveats.,optional_recommended,CDC_SOCRATA_APP_TOKEN,"For row APIs, use $limit/$offset or download the full CSV once.",Use an X-App-Token for repeatable automated access.,dataset id + source row identity or normalized geography/time/disease tuple,"state, county or county FIPS if present, year/reporting period",true,https://dev.socrata.com/foundry/data.cdc.gov/84rx-ksgd,Discover year or reporting-period fields and vintages. Surveillance location is not necessarily exposure location; preserve case-definition vintage.
CDCL-0006,91,P0,surveillance_public_health,CDC Lyme surveillance 1992-2007,cdc_lyme_84rx-ksgd,disease_surveillance_dataset,dataset_query,GET,https://data.cdc.gov/resource/84rx-ksgd.json,null profile,null profile,"{""$limit"":1000,""$offset"":0,""_analysis_task"":""null profile""}",United States,All available; preserve source vintage,data_quality_profile,"Human case counts, surveillance definitions, geographic trends, reporting limitations, and prevention assets.",Build geographic and temporal outcome layers and document surveillance caveats.,optional_recommended,CDC_SOCRATA_APP_TOKEN,"For row APIs, use $limit/$offset or download the full CSV once.",Use an X-App-Token for repeatable automated access.,dataset id + source row identity or normalized geography/time/disease tuple,"state, county or county FIPS if present, year/reporting period",true,https://dev.socrata.com/foundry/data.cdc.gov/84rx-ksgd,Measure missingness after schema mapping. Surveillance location is not necessarily exposure location; preserve case-definition vintage.
CDCL-0007,92,P0,surveillance_public_health,CDC Lyme surveillance 2008-2021,cdc_lyme_qtbi-xd4i,disease_surveillance_dataset,schema_discovery,GET,https://data.cdc.gov/api/views/qtbi-xd4i,schema discovery,schema discovery,{},United States,All available; preserve source vintage,dataset_schema,"Human case counts, surveillance definitions, geographic trends, reporting limitations, and prevention assets.",Build geographic and temporal outcome layers and document surveillance caveats.,optional_recommended,CDC_SOCRATA_APP_TOKEN,"For row APIs, use $limit/$offset or download the full CSV once.",Use an X-App-Token for repeatable automated access.,dataset id + source row identity or normalized geography/time/disease tuple,"state, county or county FIPS if present, year/reporting period",false,https://dev.socrata.com/foundry/data.cdc.gov/qtbi-xd4i,"Fetch field names, types, descriptions, and metadata before constructing SoQL. Surveillance location is not necessarily exposure location; preserve case-definition vintage."
CDCL-0008,93,P0,surveillance_public_health,CDC Lyme surveillance 2008-2021,cdc_lyme_qtbi-xd4i,disease_surveillance_dataset,full_download,GET,https://data.cdc.gov/api/views/qtbi-xd4i/rows.csv?accessType=DOWNLOAD,full CSV download,full CSV download,{},United States,All available; preserve source vintage,surveillance_observation,"Human case counts, surveillance definitions, geographic trends, reporting limitations, and prevention assets.",Build geographic and temporal outcome layers and document surveillance caveats.,optional_recommended,CDC_SOCRATA_APP_TOKEN,"For row APIs, use $limit/$offset or download the full CSV once.",Use an X-App-Token for repeatable automated access.,dataset id + source row identity or normalized geography/time/disease tuple,"state, county or county FIPS if present, year/reporting period",false,https://dev.socrata.com/foundry/data.cdc.gov/qtbi-xd4i,Download the complete public-use aggregate file for local profiling. Surveillance location is not necessarily exposure location; preserve case-definition vintage.
CDCL-0009,94,P0,surveillance_public_health,CDC Lyme surveillance 2008-2021,cdc_lyme_qtbi-xd4i,disease_surveillance_dataset,dataset_query,GET,https://data.cdc.gov/resource/qtbi-xd4i.json,JSON page sample,JSON page sample,"{""$limit"":1000,""$offset"":0,""_analysis_task"":""JSON page sample""}",United States,All available; preserve source vintage,surveillance_observation,"Human case counts, surveillance definitions, geographic trends, reporting limitations, and prevention assets.",Build geographic and temporal outcome layers and document surveillance caveats.,optional_recommended,CDC_SOCRATA_APP_TOKEN,"For row APIs, use $limit/$offset or download the full CSV once.",Use an X-App-Token for repeatable automated access.,dataset id + source row identity or normalized geography/time/disease tuple,"state, county or county FIPS if present, year/reporting period",true,https://dev.socrata.com/foundry/data.cdc.gov/qtbi-xd4i,Fetch an initial JSON sample to test normalization. Surveillance location is not necessarily exposure location; preserve case-definition vintage.
CDCL-0010,95,P0,surveillance_public_health,CDC Lyme surveillance 2008-2021,cdc_lyme_qtbi-xd4i,disease_surveillance_dataset,dataset_query,GET,https://data.cdc.gov/resource/qtbi-xd4i.json,distinct geography values,distinct geography values,"{""$limit"":1000,""$offset"":0,""_analysis_task"":""distinct geography values""}",United States,All available; preserve source vintage,surveillance_observation,"Human case counts, surveillance definitions, geographic trends, reporting limitations, and prevention assets.",Build geographic and temporal outcome layers and document surveillance caveats.,optional_recommended,CDC_SOCRATA_APP_TOKEN,"For row APIs, use $limit/$offset or download the full CSV once.",Use an X-App-Token for repeatable automated access.,dataset id + source row identity or normalized geography/time/disease tuple,"state, county or county FIPS if present, year/reporting period",true,https://dev.socrata.com/foundry/data.cdc.gov/qtbi-xd4i,Discover state/county/geography encodings and missing-value conventions. Surveillance location is not necessarily exposure location; preserve case-definition vintage.
CDCL-0011,96,P0,surveillance_public_health,CDC Lyme surveillance 2008-2021,cdc_lyme_qtbi-xd4i,disease_surveillance_dataset,dataset_query,GET,https://data.cdc.gov/resource/qtbi-xd4i.json,distinct time values,distinct time values,"{""$limit"":1000,""$offset"":0,""_analysis_task"":""distinct time values""}",United States,All available; preserve source vintage,surveillance_observation,"Human case counts, surveillance definitions, geographic trends, reporting limitations, and prevention assets.",Build geographic and temporal outcome layers and document surveillance caveats.,optional_recommended,CDC_SOCRATA_APP_TOKEN,"For row APIs, use $limit/$offset or download the full CSV once.",Use an X-App-Token for repeatable automated access.,dataset id + source row identity or normalized geography/time/disease tuple,"state, county or county FIPS if present, year/reporting period",true,https://dev.socrata.com/foundry/data.cdc.gov/qtbi-xd4i,Discover year or reporting-period fields and vintages. Surveillance location is not necessarily exposure location; preserve case-definition vintage.
CDCL-0012,97,P0,surveillance_public_health,CDC Lyme surveillance 2008-2021,cdc_lyme_qtbi-xd4i,disease_surveillance_dataset,dataset_query,GET,https://data.cdc.gov/resource/qtbi-xd4i.json,null profile,null profile,"{""$limit"":1000,""$offset"":0,""_analysis_task"":""null profile""}",United States,All available; preserve source vintage,data_quality_profile,"Human case counts, surveillance definitions, geographic trends, reporting limitations, and prevention assets.",Build geographic and temporal outcome layers and document surveillance caveats.,optional_recommended,CDC_SOCRATA_APP_TOKEN,"For row APIs, use $limit/$offset or download the full CSV once.",Use an X-App-Token for repeatable automated access.,dataset id + source row identity or normalized geography/time/disease tuple,"state, county or county FIPS if present, year/reporting period",true,https://dev.socrata.com/foundry/data.cdc.gov/qtbi-xd4i,Measure missingness after schema mapping. Surveillance location is not necessarily exposure location; preserve case-definition vintage.
CDCL-0013,98,P0,surveillance_public_health,CDC Lyme surveillance 2022-2023,cdc_lyme_x5j9-wybp,disease_surveillance_dataset,schema_discovery,GET,https://data.cdc.gov/api/views/x5j9-wybp,schema discovery,schema discovery,{},United States,All available; preserve source vintage,dataset_schema,"Human case counts, surveillance definitions, geographic trends, reporting limitations, and prevention assets.",Build geographic and temporal outcome layers and document surveillance caveats.,optional_recommended,CDC_SOCRATA_APP_TOKEN,"For row APIs, use $limit/$offset or download the full CSV once.",Use an X-App-Token for repeatable automated access.,dataset id + source row identity or normalized geography/time/disease tuple,"state, county or county FIPS if present, year/reporting period",false,https://dev.socrata.com/foundry/data.cdc.gov/x5j9-wybp,"Fetch field names, types, descriptions, and metadata before constructing SoQL. Surveillance location is not necessarily exposure location; preserve case-definition vintage."
CDCL-0014,99,P0,surveillance_public_health,CDC Lyme surveillance 2022-2023,cdc_lyme_x5j9-wybp,disease_surveillance_dataset,full_download,GET,https://data.cdc.gov/api/views/x5j9-wybp/rows.csv?accessType=DOWNLOAD,full CSV download,full CSV download,{},United States,All available; preserve source vintage,surveillance_observation,"Human case counts, surveillance definitions, geographic trends, reporting limitations, and prevention assets.",Build geographic and temporal outcome layers and document surveillance caveats.,optional_recommended,CDC_SOCRATA_APP_TOKEN,"For row APIs, use $limit/$offset or download the full CSV once.",Use an X-App-Token for repeatable automated access.,dataset id + source row identity or normalized geography/time/disease tuple,"state, county or county FIPS if present, year/reporting period",false,https://dev.socrata.com/foundry/data.cdc.gov/x5j9-wybp,Download the complete public-use aggregate file for local profiling. Surveillance location is not necessarily exposure location; preserve case-definition vintage.
CDCL-0015,100,P0,surveillance_public_health,CDC Lyme surveillance 2022-2023,cdc_lyme_x5j9-wybp,disease_surveillance_dataset,dataset_query,GET,https://data.cdc.gov/resource/x5j9-wybp.json,JSON page sample,JSON page sample,"{""$limit"":1000,""$offset"":0,""_analysis_task"":""JSON page sample""}",United States,All available; preserve source vintage,surveillance_observation,"Human case counts, surveillance definitions, geographic trends, reporting limitations, and prevention assets.",Build geographic and temporal outcome layers and document surveillance caveats.,optional_recommended,CDC_SOCRATA_APP_TOKEN,"For row APIs, use $limit/$offset or download the full CSV once.",Use an X-App-Token for repeatable automated access.,dataset id + source row identity or normalized geography/time/disease tuple,"state, county or county FIPS if present, year/reporting period",true,https://dev.socrata.com/foundry/data.cdc.gov/x5j9-wybp,Fetch an initial JSON sample to test normalization. Surveillance location is not necessarily exposure location; preserve case-definition vintage.
CDCL-0016,101,P0,surveillance_public_health,CDC Lyme surveillance 2022-2023,cdc_lyme_x5j9-wybp,disease_surveillance_dataset,dataset_query,GET,https://data.cdc.gov/resource/x5j9-wybp.json,distinct geography values,distinct geography values,"{""$limit"":1000,""$offset"":0,""_analysis_task"":""distinct geography values""}",United States,All available; preserve source vintage,surveillance_observation,"Human case counts, surveillance definitions, geographic trends, reporting limitations, and prevention assets.",Build geographic and temporal outcome layers and document surveillance caveats.,optional_recommended,CDC_SOCRATA_APP_TOKEN,"For row APIs, use $limit/$offset or download the full CSV once.",Use an X-App-Token for repeatable automated access.,dataset id + source row identity or normalized geography/time/disease tuple,"state, county or county FIPS if present, year/reporting period",true,https://dev.socrata.com/foundry/data.cdc.gov/x5j9-wybp,Discover state/county/geography encodings and missing-value conventions. Surveillance location is not necessarily exposure location; preserve case-definition vintage.
CDCL-0017,102,P0,surveillance_public_health,CDC Lyme surveillance 2022-2023,cdc_lyme_x5j9-wybp,disease_surveillance_dataset,dataset_query,GET,https://data.cdc.gov/resource/x5j9-wybp.json,distinct time values,distinct time values,"{""$limit"":1000,""$offset"":0,""_analysis_task"":""distinct time values""}",United States,All available; preserve source vintage,surveillance_observation,"Human case counts, surveillance definitions, geographic trends, reporting limitations, and prevention assets.",Build geographic and temporal outcome layers and document surveillance caveats.,optional_recommended,CDC_SOCRATA_APP_TOKEN,"For row APIs, use $limit/$offset or download the full CSV once.",Use an X-App-Token for repeatable automated access.,dataset id + source row identity or normalized geography/time/disease tuple,"state, county or county FIPS if present, year/reporting period",true,https://dev.socrata.com/foundry/data.cdc.gov/x5j9-wybp,Discover year or reporting-period fields and vintages. Surveillance location is not necessarily exposure location; preserve case-definition vintage.
CDCL-0018,103,P0,surveillance_public_health,CDC Lyme surveillance 2022-2023,cdc_lyme_x5j9-wybp,disease_surveillance_dataset,dataset_query,GET,https://data.cdc.gov/resource/x5j9-wybp.json,null profile,null profile,"{""$limit"":1000,""$offset"":0,""_analysis_task"":""null profile""}",United States,All available; preserve source vintage,data_quality_profile,"Human case counts, surveillance definitions, geographic trends, reporting limitations, and prevention assets.",Build geographic and temporal outcome layers and document surveillance caveats.,optional_recommended,CDC_SOCRATA_APP_TOKEN,"For row APIs, use $limit/$offset or download the full CSV once.",Use an X-App-Token for repeatable automated access.,dataset id + source row identity or normalized geography/time/disease tuple,"state, county or county FIPS if present, year/reporting period",true,https://dev.socrata.com/foundry/data.cdc.gov/x5j9-wybp,Measure missingness after schema mapping. Surveillance location is not necessarily exposure location; preserve case-definition vintage.
NNDSS-0001,104,P1,surveillance_public_health,CDC NNDSS Weekly Data,cdc_nndss_weekly,provisional_notifiable_disease_surveillance,dataset_query,GET,https://data.cdc.gov/resource/x9gk-5huc.json,Lyme disease,Lyme disease,"{""$limit"":5000,""_condition_filter_to_map_after_schema_discovery"":""Lyme disease""}",United States,All available; preserve source vintage,weekly_surveillance_observation,"Human case counts, surveillance definitions, geographic trends, reporting limitations, and prevention assets.",Build geographic and temporal outcome layers and document surveillance caveats.,optional_recommended,CDC_SOCRATA_APP_TOKEN,Use $limit/$offset after schema discovery; consider full CSV download for reproducibility.,Throttle conservatively and retry 429/5xx with exponential backoff.,condition + jurisdiction + reporting year/week,"jurisdiction, year, week, condition",true,https://dev.socrata.com/foundry/data.cdc.gov/x9gk-5huc,"Provisional data can be revised. Preserve publication date, reporting period, footnotes, and suppression markers."
NNDSS-0002,105,P1,coinfections,CDC NNDSS Weekly Data,cdc_nndss_weekly,provisional_notifiable_disease_surveillance,dataset_query,GET,https://data.cdc.gov/resource/x9gk-5huc.json,Babesiosis,Babesiosis,"{""$limit"":5000,""_condition_filter_to_map_after_schema_discovery"":""Babesiosis""}",United States,All available; preserve source vintage,weekly_surveillance_observation,"Other tickborne pathogens, coinfection patterns, and related surveillance or clinical evidence.",Identify where single-disease workflows miss clinically relevant tickborne conditions.,optional_recommended,CDC_SOCRATA_APP_TOKEN,Use $limit/$offset after schema discovery; consider full CSV download for reproducibility.,Throttle conservatively and retry 429/5xx with exponential backoff.,condition + jurisdiction + reporting year/week,"jurisdiction, year, week, condition",true,https://dev.socrata.com/foundry/data.cdc.gov/x9gk-5huc,"Provisional data can be revised. Preserve publication date, reporting period, footnotes, and suppression markers."
NNDSS-0003,106,P1,coinfections,CDC NNDSS Weekly Data,cdc_nndss_weekly,provisional_notifiable_disease_surveillance,dataset_query,GET,https://data.cdc.gov/resource/x9gk-5huc.json,Anaplasmosis and ehrlichiosis,Anaplasmosis and ehrlichiosis,"{""$limit"":5000,""_condition_filter_to_map_after_schema_discovery"":""Anaplasmosis and ehrlichiosis""}",United States,All available; preserve source vintage,weekly_surveillance_observation,"Other tickborne pathogens, coinfection patterns, and related surveillance or clinical evidence.",Identify where single-disease workflows miss clinically relevant tickborne conditions.,optional_recommended,CDC_SOCRATA_APP_TOKEN,Use $limit/$offset after schema discovery; consider full CSV download for reproducibility.,Throttle conservatively and retry 429/5xx with exponential backoff.,condition + jurisdiction + reporting year/week,"jurisdiction, year, week, condition",true,https://dev.socrata.com/foundry/data.cdc.gov/x9gk-5huc,"Provisional data can be revised. Preserve publication date, reporting period, footnotes, and suppression markers."
NNDSS-0004,107,P1,coinfections,CDC NNDSS Weekly Data,cdc_nndss_weekly,provisional_notifiable_disease_surveillance,dataset_query,GET,https://data.cdc.gov/resource/x9gk-5huc.json,Powassan virus disease,Powassan virus disease,"{""$limit"":5000,""_condition_filter_to_map_after_schema_discovery"":""Powassan virus disease""}",United States,All available; preserve source vintage,weekly_surveillance_observation,"Other tickborne pathogens, coinfection patterns, and related surveillance or clinical evidence.",Identify where single-disease workflows miss clinically relevant tickborne conditions.,optional_recommended,CDC_SOCRATA_APP_TOKEN,Use $limit/$offset after schema discovery; consider full CSV download for reproducibility.,Throttle conservatively and retry 429/5xx with exponential backoff.,condition + jurisdiction + reporting year/week,"jurisdiction, year, week, condition",true,https://dev.socrata.com/foundry/data.cdc.gov/x9gk-5huc,"Provisional data can be revised. Preserve publication date, reporting period, footnotes, and suppression markers."
NNDSS-0005,108,P1,coinfections,CDC NNDSS Weekly Data,cdc_nndss_weekly,provisional_notifiable_disease_surveillance,dataset_query,GET,https://data.cdc.gov/resource/x9gk-5huc.json,Spotted fever rickettsiosis,Spotted fever rickettsiosis,"{""$limit"":5000,""_condition_filter_to_map_after_schema_discovery"":""Spotted fever rickettsiosis""}",United States,All available; preserve source vintage,weekly_surveillance_observation,"Other tickborne pathogens, coinfection patterns, and related surveillance or clinical evidence.",Identify where single-disease workflows miss clinically relevant tickborne conditions.,optional_recommended,CDC_SOCRATA_APP_TOKEN,Use $limit/$offset after schema discovery; consider full CSV download for reproducibility.,Throttle conservatively and retry 429/5xx with exponential backoff.,condition + jurisdiction + reporting year/week,"jurisdiction, year, week, condition",true,https://dev.socrata.com/foundry/data.cdc.gov/x9gk-5huc,"Provisional data can be revised. Preserve publication date, reporting period, footnotes, and suppression markers."
NNDSS-0006,109,P1,coinfections,CDC NNDSS Weekly Data,cdc_nndss_weekly,provisional_notifiable_disease_surveillance,dataset_query,GET,https://data.cdc.gov/resource/x9gk-5huc.json,Tularemia,Tularemia,"{""$limit"":5000,""_condition_filter_to_map_after_schema_discovery"":""Tularemia""}",United States,All available; preserve source vintage,weekly_surveillance_observation,"Other tickborne pathogens, coinfection patterns, and related surveillance or clinical evidence.",Identify where single-disease workflows miss clinically relevant tickborne conditions.,optional_recommended,CDC_SOCRATA_APP_TOKEN,Use $limit/$offset after schema discovery; consider full CSV download for reproducibility.,Throttle conservatively and retry 429/5xx with exponential backoff.,condition + jurisdiction + reporting year/week,"jurisdiction, year, week, condition",true,https://dev.socrata.com/foundry/data.cdc.gov/x9gk-5huc,"Provisional data can be revised. Preserve publication date, reporting period, footnotes, and suppression markers."
NNDSS-0007,110,P1,coinfections,CDC NNDSS Weekly Data,cdc_nndss_weekly,provisional_notifiable_disease_surveillance,dataset_query,GET,https://data.cdc.gov/resource/x9gk-5huc.json,tickborne disease comparison,tickborne disease comparison,"{""$limit"":5000,""_condition_filter_to_map_after_schema_discovery"":""tickborne disease comparison""}",United States,All available; preserve source vintage,weekly_surveillance_observation,"Other tickborne pathogens, coinfection patterns, and related surveillance or clinical evidence.",Identify where single-disease workflows miss clinically relevant tickborne conditions.,optional_recommended,CDC_SOCRATA_APP_TOKEN,Use $limit/$offset after schema discovery; consider full CSV download for reproducibility.,Throttle conservatively and retry 429/5xx with exponential backoff.,condition + jurisdiction + reporting year/week,"jurisdiction, year, week, condition",true,https://dev.socrata.com/foundry/data.cdc.gov/x9gk-5huc,"Provisional data can be revised. Preserve publication date, reporting period, footnotes, and suppression markers."
NNDSS-0008,111,P1,surveillance_public_health,CDC NNDSS Weekly Data,cdc_nndss_weekly,provisional_notifiable_disease_surveillance,dataset_query,GET,https://data.cdc.gov/resource/x9gk-5huc.json,provisional versus finalized counts,provisional versus finalized counts,"{""$limit"":5000,""_condition_filter_to_map_after_schema_discovery"":""provisional versus finalized counts""}",United States,All available; preserve source vintage,weekly_surveillance_observation,"Human case counts, surveillance definitions, geographic trends, reporting limitations, and prevention assets.",Build geographic and temporal outcome layers and document surveillance caveats.,optional_recommended,CDC_SOCRATA_APP_TOKEN,Use $limit/$offset after schema discovery; consider full CSV download for reproducibility.,Throttle conservatively and retry 429/5xx with exponential backoff.,condition + jurisdiction + reporting year/week,"jurisdiction, year, week, condition",true,https://dev.socrata.com/foundry/data.cdc.gov/x9gk-5huc,"Provisional data can be revised. Preserve publication date, reporting period, footnotes, and suppression markers."
TICK-0001,112,P0,ecology_climate,CDC Tick Surveillance Data Sets,cdc_tick_surveillance,downloadable_surveillance_files,download_manifest,GET,https://www.cdc.gov/ticks/data-research/facts-stats/tick-surveillance-data-sets.html,blacklegged tick county status,blacklegged tick county status,"{""target_asset_description"":""Ixodes scapularis present/established county file""}",United States,All available; preserve source vintage,tick_or_pathogen_surveillance_observation,"Tick ecology, weather, climate, habitat, land-cover, hosts, and geographic-risk features.",Construct environmental context and risk features without treating correlation as causation.,none,,"No API pagination; enumerate linked files, record checksums, and download each once.",Throttle conservatively and retry 429/5xx with exponential backoff.,source file + county FIPS + pathogen/species + status + observation period,"county FIPS, state, tick species, pathogen, reporting period",true,https://www.cdc.gov/ticks/data-research/facts-stats/tick-surveillance-data-sets.html,A no-records value is not evidence of absence. Preserve sampling and status definitions.
TICK-0002,113,P0,ecology_climate,CDC Tick Surveillance Data Sets,cdc_tick_surveillance,downloadable_surveillance_files,download_manifest,GET,https://www.cdc.gov/ticks/data-research/facts-stats/tick-surveillance-data-sets.html,western blacklegged tick county status,western blacklegged tick county status,"{""target_asset_description"":""Ixodes pacificus present/established county file""}",United States,All available; preserve source vintage,tick_or_pathogen_surveillance_observation,"Tick ecology, weather, climate, habitat, land-cover, hosts, and geographic-risk features.",Construct environmental context and risk features without treating correlation as causation.,none,,"No API pagination; enumerate linked files, record checksums, and download each once.",Throttle conservatively and retry 429/5xx with exponential backoff.,source file + county FIPS + pathogen/species + status + observation period,"county FIPS, state, tick species, pathogen, reporting period",true,https://www.cdc.gov/ticks/data-research/facts-stats/tick-surveillance-data-sets.html,A no-records value is not evidence of absence. Preserve sampling and status definitions.
TICK-0003,114,P0,ecology_climate,CDC Tick Surveillance Data Sets,cdc_tick_surveillance,downloadable_surveillance_files,download_manifest,GET,https://www.cdc.gov/ticks/data-research/facts-stats/tick-surveillance-data-sets.html,Borrelia burgdorferi tick pathogen detections,Borrelia burgdorferi tick pathogen detections,"{""target_asset_description"":""County-level pathogen detection records""}",United States,All available; preserve source vintage,tick_or_pathogen_surveillance_observation,"Tick ecology, weather, climate, habitat, land-cover, hosts, and geographic-risk features.",Construct environmental context and risk features without treating correlation as causation.,none,,"No API pagination; enumerate linked files, record checksums, and download each once.",Throttle conservatively and retry 429/5xx with exponential backoff.,source file + county FIPS + pathogen/species + status + observation period,"county FIPS, state, tick species, pathogen, reporting period",true,https://www.cdc.gov/ticks/data-research/facts-stats/tick-surveillance-data-sets.html,A no-records value is not evidence of absence. Preserve sampling and status definitions.
TICK-0004,115,P0,ecology_climate,CDC Tick Surveillance Data Sets,cdc_tick_surveillance,downloadable_surveillance_files,download_manifest,GET,https://www.cdc.gov/ticks/data-research/facts-stats/tick-surveillance-data-sets.html,Borrelia mayonii tick pathogen detections,Borrelia mayonii tick pathogen detections,"{""target_asset_description"":""County-level pathogen detection records""}",United States,All available; preserve source vintage,tick_or_pathogen_surveillance_observation,"Tick ecology, weather, climate, habitat, land-cover, hosts, and geographic-risk features.",Construct environmental context and risk features without treating correlation as causation.,none,,"No API pagination; enumerate linked files, record checksums, and download each once.",Throttle conservatively and retry 429/5xx with exponential backoff.,source file + county FIPS + pathogen/species + status + observation period,"county FIPS, state, tick species, pathogen, reporting period",true,https://www.cdc.gov/ticks/data-research/facts-stats/tick-surveillance-data-sets.html,A no-records value is not evidence of absence. Preserve sampling and status definitions.
TICK-0005,116,P0,ecology_climate,CDC Tick Surveillance Data Sets,cdc_tick_surveillance,downloadable_surveillance_files,download_manifest,GET,https://www.cdc.gov/ticks/data-research/facts-stats/tick-surveillance-data-sets.html,Borrelia miyamotoi tick pathogen detections,Borrelia miyamotoi tick pathogen detections,"{""target_asset_description"":""County-level pathogen detection records""}",United States,All available; preserve source vintage,tick_or_pathogen_surveillance_observation,"Tick ecology, weather, climate, habitat, land-cover, hosts, and geographic-risk features.",Construct environmental context and risk features without treating correlation as causation.,none,,"No API pagination; enumerate linked files, record checksums, and download each once.",Throttle conservatively and retry 429/5xx with exponential backoff.,source file + county FIPS + pathogen/species + status + observation period,"county FIPS, state, tick species, pathogen, reporting period",true,https://www.cdc.gov/ticks/data-research/facts-stats/tick-surveillance-data-sets.html,A no-records value is not evidence of absence. Preserve sampling and status definitions.
TICK-0006,117,P0,ecology_climate,CDC Tick Surveillance Data Sets,cdc_tick_surveillance,downloadable_surveillance_files,download_manifest,GET,https://www.cdc.gov/ticks/data-research/facts-stats/tick-surveillance-data-sets.html,Babesia microti tick pathogen detections,Babesia microti tick pathogen detections,"{""target_asset_description"":""County-level pathogen detection records""}",United States,All available; preserve source vintage,tick_or_pathogen_surveillance_observation,"Tick ecology, weather, climate, habitat, land-cover, hosts, and geographic-risk features.",Construct environmental context and risk features without treating correlation as causation.,none,,"No API pagination; enumerate linked files, record checksums, and download each once.",Throttle conservatively and retry 429/5xx with exponential backoff.,source file + county FIPS + pathogen/species + status + observation period,"county FIPS, state, tick species, pathogen, reporting period",true,https://www.cdc.gov/ticks/data-research/facts-stats/tick-surveillance-data-sets.html,A no-records value is not evidence of absence. Preserve sampling and status definitions.
TICK-0007,118,P0,ecology_climate,CDC Tick Surveillance Data Sets,cdc_tick_surveillance,downloadable_surveillance_files,download_manifest,GET,https://www.cdc.gov/ticks/data-research/facts-stats/tick-surveillance-data-sets.html,Anaplasma phagocytophilum tick pathogen detections,Anaplasma phagocytophilum tick pathogen detections,"{""target_asset_description"":""County-level pathogen detection records""}",United States,All available; preserve source vintage,tick_or_pathogen_surveillance_observation,"Tick ecology, weather, climate, habitat, land-cover, hosts, and geographic-risk features.",Construct environmental context and risk features without treating correlation as causation.,none,,"No API pagination; enumerate linked files, record checksums, and download each once.",Throttle conservatively and retry 429/5xx with exponential backoff.,source file + county FIPS + pathogen/species + status + observation period,"county FIPS, state, tick species, pathogen, reporting period",true,https://www.cdc.gov/ticks/data-research/facts-stats/tick-surveillance-data-sets.html,A no-records value is not evidence of absence. Preserve sampling and status definitions.
TICK-0008,119,P0,ecology_climate,CDC Tick Surveillance Data Sets,cdc_tick_surveillance,downloadable_surveillance_files,download_manifest,GET,https://www.cdc.gov/ticks/data-research/facts-stats/tick-surveillance-data-sets.html,Powassan virus tick pathogen detections,Powassan virus tick pathogen detections,"{""target_asset_description"":""County-level pathogen detection records""}",United States,All available; preserve source vintage,tick_or_pathogen_surveillance_observation,"Tick ecology, weather, climate, habitat, land-cover, hosts, and geographic-risk features.",Construct environmental context and risk features without treating correlation as causation.,none,,"No API pagination; enumerate linked files, record checksums, and download each once.",Throttle conservatively and retry 429/5xx with exponential backoff.,source file + county FIPS + pathogen/species + status + observation period,"county FIPS, state, tick species, pathogen, reporting period",true,https://www.cdc.gov/ticks/data-research/facts-stats/tick-surveillance-data-sets.html,A no-records value is not evidence of absence. Preserve sampling and status definitions.
CTG-0001,120,P0,disease_core,ClinicalTrials.gov API v2,clinicaltrials_gov,clinical_study_registry,record_search,GET,https://clinicaltrials.gov/api/v2/studies,Lyme disease,Lyme disease,"{""query.cond"":""Lyme disease"",""query.term"":""Lyme disease"",""pageSize"":100,""format"":""json"",""countTotal"":""true""}",United States,All available; preserve source vintage,clinical_trial,"Core disease, pathogen, vector, and syndrome records that define the Lyme problem space.",Build the disease/pathogen terminology graph and identify authoritative baseline datasets.,none,,Pass nextPageToken from the previous response.,No API key is documented for public API v2; use a descriptive User-Agent and conservative concurrency.,NCT number,"NCT number, condition, intervention, sponsor, facility location, PMID where present",false,https://clinicaltrials.gov/data-api/api,"Registry data are not patient-level data. Preserve study status, design, eligibility, outcomes, results-posting status, and update date."
CTG-0002,121,P0,disease_core,ClinicalTrials.gov API v2,clinicaltrials_gov,clinical_study_registry,record_search,GET,https://clinicaltrials.gov/api/v2/studies,Lyme borreliosis,Lyme borreliosis,"{""query.cond"":""Lyme borreliosis"",""query.term"":""Lyme borreliosis"",""pageSize"":100,""format"":""json"",""countTotal"":""true""}",United States,All available; preserve source vintage,clinical_trial,"Core disease, pathogen, vector, and syndrome records that define the Lyme problem space.",Build the disease/pathogen terminology graph and identify authoritative baseline datasets.,none,,Pass nextPageToken from the previous response.,No API key is documented for public API v2; use a descriptive User-Agent and conservative concurrency.,NCT number,"NCT number, condition, intervention, sponsor, facility location, PMID where present",false,https://clinicaltrials.gov/data-api/api,"Registry data are not patient-level data. Preserve study status, design, eligibility, outcomes, results-posting status, and update date."
CTG-0003,122,P0,disease_core,ClinicalTrials.gov API v2,clinicaltrials_gov,clinical_study_registry,record_search,GET,https://clinicaltrials.gov/api/v2/studies,Borrelia burgdorferi,Borrelia burgdorferi,"{""query.cond"":""Borrelia burgdorferi"",""query.term"":""Borrelia burgdorferi"",""pageSize"":100,""format"":""json"",""countTotal"":""true""}",United States,All available; preserve source vintage,clinical_trial,"Core disease, pathogen, vector, and syndrome records that define the Lyme problem space.",Build the disease/pathogen terminology graph and identify authoritative baseline datasets.,none,,Pass nextPageToken from the previous response.,No API key is documented for public API v2; use a descriptive User-Agent and conservative concurrency.,NCT number,"NCT number, condition, intervention, sponsor, facility location, PMID where present",false,https://clinicaltrials.gov/data-api/api,"Registry data are not patient-level data. Preserve study status, design, eligibility, outcomes, results-posting status, and update date."
CTG-0004,123,P0,disease_core,ClinicalTrials.gov API v2,clinicaltrials_gov,clinical_study_registry,record_search,GET,https://clinicaltrials.gov/api/v2/studies,Borrelia mayonii,Borrelia mayonii,"{""query.cond"":""Borrelia mayonii"",""query.term"":""Borrelia mayonii"",""pageSize"":100,""format"":""json"",""countTotal"":""true""}",United States,All available; preserve source vintage,clinical_trial,"Core disease, pathogen, vector, and syndrome records that define the Lyme problem space.",Build the disease/pathogen terminology graph and identify authoritative baseline datasets.,none,,Pass nextPageToken from the previous response.,No API key is documented for public API v2; use a descriptive User-Agent and conservative concurrency.,NCT number,"NCT number, condition, intervention, sponsor, facility location, PMID where present",false,https://clinicaltrials.gov/data-api/api,"Registry data are not patient-level data. Preserve study status, design, eligibility, outcomes, results-posting status, and update date."
CTG-0005,124,P0,disease_core,ClinicalTrials.gov API v2,clinicaltrials_gov,clinical_study_registry,record_search,GET,https://clinicaltrials.gov/api/v2/studies,Borrelia miyamotoi,Borrelia miyamotoi,"{""query.cond"":""Borrelia miyamotoi"",""query.term"":""Borrelia miyamotoi"",""pageSize"":100,""format"":""json"",""countTotal"":""true""}",United States,All available; preserve source vintage,clinical_trial,"Core disease, pathogen, vector, and syndrome records that define the Lyme problem space.",Build the disease/pathogen terminology graph and identify authoritative baseline datasets.,none,,Pass nextPageToken from the previous response.,No API key is documented for public API v2; use a descriptive User-Agent and conservative concurrency.,NCT number,"NCT number, condition, intervention, sponsor, facility location, PMID where present",false,https://clinicaltrials.gov/data-api/api,"Registry data are not patient-level data. Preserve study status, design, eligibility, outcomes, results-posting status, and update date."
CTG-0006,125,P0,disease_core,ClinicalTrials.gov API v2,clinicaltrials_gov,clinical_study_registry,record_search,GET,https://clinicaltrials.gov/api/v2/studies,tickborne disease,tickborne disease,"{""query.cond"":""tickborne disease"",""query.term"":""tickborne disease"",""pageSize"":100,""format"":""json"",""countTotal"":""true""}",United States,All available; preserve source vintage,clinical_trial,"Core disease, pathogen, vector, and syndrome records that define the Lyme problem space.",Build the disease/pathogen terminology graph and identify authoritative baseline datasets.,none,,Pass nextPageToken from the previous response.,No API key is documented for public API v2; use a descriptive User-Agent and conservative concurrency.,NCT number,"NCT number, condition, intervention, sponsor, facility location, PMID where present",false,https://clinicaltrials.gov/data-api/api,"Registry data are not patient-level data. Preserve study status, design, eligibility, outcomes, results-posting status, and update date."
CTG-0007,126,P0,disease_core,ClinicalTrials.gov API v2,clinicaltrials_gov,clinical_study_registry,record_search,GET,https://clinicaltrials.gov/api/v2/studies,blacklegged tick,blacklegged tick,"{""query.cond"":""blacklegged tick"",""query.term"":""blacklegged tick"",""pageSize"":100,""format"":""json"",""countTotal"":""true""}",United States,All available; preserve source vintage,clinical_trial,"Core disease, pathogen, vector, and syndrome records that define the Lyme problem space.",Build the disease/pathogen terminology graph and identify authoritative baseline datasets.,none,,Pass nextPageToken from the previous response.,No API key is documented for public API v2; use a descriptive User-Agent and conservative concurrency.,NCT number,"NCT number, condition, intervention, sponsor, facility location, PMID where present",false,https://clinicaltrials.gov/data-api/api,"Registry data are not patient-level data. Preserve study status, design, eligibility, outcomes, results-posting status, and update date."
CTG-0008,127,P0,disease_core,ClinicalTrials.gov API v2,clinicaltrials_gov,clinical_study_registry,record_search,GET,https://clinicaltrials.gov/api/v2/studies,Ixodes scapularis,Ixodes scapularis,"{""query.cond"":""Ixodes scapularis"",""query.term"":""Ixodes scapularis"",""pageSize"":100,""format"":""json"",""countTotal"":""true""}",United States,All available; preserve source vintage,clinical_trial,"Core disease, pathogen, vector, and syndrome records that define the Lyme problem space.",Build the disease/pathogen terminology graph and identify authoritative baseline datasets.,none,,Pass nextPageToken from the previous response.,No API key is documented for public API v2; use a descriptive User-Agent and conservative concurrency.,NCT number,"NCT number, condition, intervention, sponsor, facility location, PMID where present",false,https://clinicaltrials.gov/data-api/api,"Registry data are not patient-level data. Preserve study status, design, eligibility, outcomes, results-posting status, and update date."
CTG-0009,128,P0,diagnosis_testing,ClinicalTrials.gov API v2,clinicaltrials_gov,clinical_study_registry,record_search,GET,https://clinicaltrials.gov/api/v2/studies,Lyme disease diagnosis,Lyme disease diagnosis,"{""query.cond"":""Lyme Disease"",""query.term"":""Lyme disease diagnosis"",""pageSize"":100,""format"":""json"",""countTotal"":""true""}",United States,All available; preserve source vintage,clinical_trial,"Diagnostic tests, accuracy evidence, biomarkers, delays, false results, and differential-diagnosis resources.","Map diagnostic failure modes and candidate opportunities for faster, clearer testing and interpretation.",none,,Pass nextPageToken from the previous response.,No API key is documented for public API v2; use a descriptive User-Agent and conservative concurrency.,NCT number,"NCT number, condition, intervention, sponsor, facility location, PMID where present",false,https://clinicaltrials.gov/data-api/api,"Registry data are not patient-level data. Preserve study status, design, eligibility, outcomes, results-posting status, and update date."
CTG-0010,129,P0,diagnosis_testing,ClinicalTrials.gov API v2,clinicaltrials_gov,clinical_study_registry,record_search,GET,https://clinicaltrials.gov/api/v2/studies,diagnostic delay Lyme disease,diagnostic delay Lyme disease,"{""query.cond"":""Lyme Disease"",""query.term"":""diagnostic delay Lyme disease"",""pageSize"":100,""format"":""json"",""countTotal"":""true""}",United States,All available; preserve source vintage,clinical_trial,"Diagnostic tests, accuracy evidence, biomarkers, delays, false results, and differential-diagnosis resources.","Map diagnostic failure modes and candidate opportunities for faster, clearer testing and interpretation.",none,,Pass nextPageToken from the previous response.,No API key is documented for public API v2; use a descriptive User-Agent and conservative concurrency.,NCT number,"NCT number, condition, intervention, sponsor, facility location, PMID where present",false,https://clinicaltrials.gov/data-api/api,"Registry data are not patient-level data. Preserve study status, design, eligibility, outcomes, results-posting status, and update date."
CTG-0011,130,P0,diagnosis_testing,ClinicalTrials.gov API v2,clinicaltrials_gov,clinical_study_registry,record_search,GET,https://clinicaltrials.gov/api/v2/studies,delayed diagnosis tickborne disease,delayed diagnosis tickborne disease,"{""query.cond"":""Lyme Disease"",""query.term"":""delayed diagnosis tickborne disease"",""pageSize"":100,""format"":""json"",""countTotal"":""true""}",United States,All available; preserve source vintage,clinical_trial,"Diagnostic tests, accuracy evidence, biomarkers, delays, false results, and differential-diagnosis resources.","Map diagnostic failure modes and candidate opportunities for faster, clearer testing and interpretation.",none,,Pass nextPageToken from the previous response.,No API key is documented for public API v2; use a descriptive User-Agent and conservative concurrency.,NCT number,"NCT number, condition, intervention, sponsor, facility location, PMID where present",false,https://clinicaltrials.gov/data-api/api,"Registry data are not patient-level data. Preserve study status, design, eligibility, outcomes, results-posting status, and update date."
CTG-0012,131,P0,diagnosis_testing,ClinicalTrials.gov API v2,clinicaltrials_gov,clinical_study_registry,record_search,GET,https://clinicaltrials.gov/api/v2/studies,Lyme disease misdiagnosis,Lyme disease misdiagnosis,"{""query.cond"":""Lyme Disease"",""query.term"":""Lyme disease misdiagnosis"",""pageSize"":100,""format"":""json"",""countTotal"":""true""}",United States,All available; preserve source vintage,clinical_trial,"Diagnostic tests, accuracy evidence, biomarkers, delays, false results, and differential-diagnosis resources.","Map diagnostic failure modes and candidate opportunities for faster, clearer testing and interpretation.",none,,Pass nextPageToken from the previous response.,No API key is documented for public API v2; use a descriptive User-Agent and conservative concurrency.,NCT number,"NCT number, condition, intervention, sponsor, facility location, PMID where present",false,https://clinicaltrials.gov/data-api/api,"Registry data are not patient-level data. Preserve study status, design, eligibility, outcomes, results-posting status, and update date."
CTG-0013,132,P1,diagnosis_testing,ClinicalTrials.gov API v2,clinicaltrials_gov,clinical_study_registry,record_search,GET,https://clinicaltrials.gov/api/v2/studies,Lyme disease differential diagnosis,Lyme disease differential diagnosis,"{""query.cond"":""Lyme Disease"",""query.term"":""Lyme disease differential diagnosis"",""pageSize"":100,""format"":""json"",""countTotal"":""true""}",United States,All available; preserve source vintage,clinical_trial,"Diagnostic tests, accuracy evidence, biomarkers, delays, false results, and differential-diagnosis resources.","Map diagnostic failure modes and candidate opportunities for faster, clearer testing and interpretation.",none,,Pass nextPageToken from the previous response.,No API key is documented for public API v2; use a descriptive User-Agent and conservative concurrency.,NCT number,"NCT number, condition, intervention, sponsor, facility location, PMID where present",false,https://clinicaltrials.gov/data-api/api,"Registry data are not patient-level data. Preserve study status, design, eligibility, outcomes, results-posting status, and update date."
CTG-0014,133,P1,diagnosis_testing,ClinicalTrials.gov API v2,clinicaltrials_gov,clinical_study_registry,record_search,GET,https://clinicaltrials.gov/api/v2/studies,Lyme serology,Lyme serology,"{""query.cond"":""Lyme Disease"",""query.term"":""Lyme serology"",""pageSize"":100,""format"":""json"",""countTotal"":""true""}",United States,All available; preserve source vintage,clinical_trial,"Diagnostic tests, accuracy evidence, biomarkers, delays, false results, and differential-diagnosis resources.","Map diagnostic failure modes and candidate opportunities for faster, clearer testing and interpretation.",none,,Pass nextPageToken from the previous response.,No API key is documented for public API v2; use a descriptive User-Agent and conservative concurrency.,NCT number,"NCT number, condition, intervention, sponsor, facility location, PMID where present",false,https://clinicaltrials.gov/data-api/api,"Registry data are not patient-level data. Preserve study status, design, eligibility, outcomes, results-posting status, and update date."
CTG-0015,134,P1,treatment,ClinicalTrials.gov API v2,clinicaltrials_gov,clinical_study_registry,record_search,GET,https://clinicaltrials.gov/api/v2/studies,Lyme disease treatment,Lyme disease treatment,"{""query.cond"":""Lyme Disease"",""query.term"":""Lyme disease treatment"",""pageSize"":100,""format"":""json"",""countTotal"":""true""}",United States,All available; preserve source vintage,clinical_trial,"Interventions, medications, treatment duration, comparative effectiveness, outcomes, and safety evidence.","Map current interventions, evidence gaps, safety signals, and treatment-navigation needs.",none,,Pass nextPageToken from the previous response.,No API key is documented for public API v2; use a descriptive User-Agent and conservative concurrency.,NCT number,"NCT number, condition, intervention, sponsor, facility location, PMID where present",false,https://clinicaltrials.gov/data-api/api,"Registry data are not patient-level data. Preserve study status, design, eligibility, outcomes, results-posting status, and update date."
CTG-0016,135,P1,treatment,ClinicalTrials.gov API v2,clinicaltrials_gov,clinical_study_registry,record_search,GET,https://clinicaltrials.gov/api/v2/studies,doxycycline Lyme disease,doxycycline Lyme disease,"{""query.cond"":""Lyme Disease"",""query.term"":""doxycycline Lyme disease"",""pageSize"":100,""format"":""json"",""countTotal"":""true""}",United States,All available; preserve source vintage,clinical_trial,"Interventions, medications, treatment duration, comparative effectiveness, outcomes, and safety evidence.","Map current interventions, evidence gaps, safety signals, and treatment-navigation needs.",none,,Pass nextPageToken from the previous response.,No API key is documented for public API v2; use a descriptive User-Agent and conservative concurrency.,NCT number,"NCT number, condition, intervention, sponsor, facility location, PMID where present",false,https://clinicaltrials.gov/data-api/api,"Registry data are not patient-level data. Preserve study status, design, eligibility, outcomes, results-posting status, and update date."
CTG-0017,136,P1,treatment,ClinicalTrials.gov API v2,clinicaltrials_gov,clinical_study_registry,record_search,GET,https://clinicaltrials.gov/api/v2/studies,amoxicillin Lyme disease,amoxicillin Lyme disease,"{""query.cond"":""Lyme Disease"",""query.term"":""amoxicillin Lyme disease"",""pageSize"":100,""format"":""json"",""countTotal"":""true""}",United States,All available; preserve source vintage,clinical_trial,"Interventions, medications, treatment duration, comparative effectiveness, outcomes, and safety evidence.","Map current interventions, evidence gaps, safety signals, and treatment-navigation needs.",none,,Pass nextPageToken from the previous response.,No API key is documented for public API v2; use a descriptive User-Agent and conservative concurrency.,NCT number,"NCT number, condition, intervention, sponsor, facility location, PMID where present",false,https://clinicaltrials.gov/data-api/api,"Registry data are not patient-level data. Preserve study status, design, eligibility, outcomes, results-posting status, and update date."
CTG-0018,137,P1,treatment,ClinicalTrials.gov API v2,clinicaltrials_gov,clinical_study_registry,record_search,GET,https://clinicaltrials.gov/api/v2/studies,cefuroxime Lyme disease,cefuroxime Lyme disease,"{""query.cond"":""Lyme Disease"",""query.term"":""cefuroxime Lyme disease"",""pageSize"":100,""format"":""json"",""countTotal"":""true""}",United States,All available; preserve source vintage,clinical_trial,"Interventions, medications, treatment duration, comparative effectiveness, outcomes, and safety evidence.","Map current interventions, evidence gaps, safety signals, and treatment-navigation needs.",none,,Pass nextPageToken from the previous response.,No API key is documented for public API v2; use a descriptive User-Agent and conservative concurrency.,NCT number,"NCT number, condition, intervention, sponsor, facility location, PMID where present",false,https://clinicaltrials.gov/data-api/api,"Registry data are not patient-level data. Preserve study status, design, eligibility, outcomes, results-posting status, and update date."
CTG-0019,138,P1,treatment,ClinicalTrials.gov API v2,clinicaltrials_gov,clinical_study_registry,record_search,GET,https://clinicaltrials.gov/api/v2/studies,ceftriaxone Lyme disease,ceftriaxone Lyme disease,"{""query.cond"":""Lyme Disease"",""query.term"":""ceftriaxone Lyme disease"",""pageSize"":100,""format"":""json"",""countTotal"":""true""}",United States,All available; preserve source vintage,clinical_trial,"Interventions, medications, treatment duration, comparative effectiveness, outcomes, and safety evidence.","Map current interventions, evidence gaps, safety signals, and treatment-navigation needs.",none,,Pass nextPageToken from the previous response.,No API key is documented for public API v2; use a descriptive User-Agent and conservative concurrency.,NCT number,"NCT number, condition, intervention, sponsor, facility location, PMID where present",false,https://clinicaltrials.gov/data-api/api,"Registry data are not patient-level data. Preserve study status, design, eligibility, outcomes, results-posting status, and update date."
CTG-0020,139,P1,treatment,ClinicalTrials.gov API v2,clinicaltrials_gov,clinical_study_registry,record_search,GET,https://clinicaltrials.gov/api/v2/studies,antibiotics Lyme disease,antibiotics Lyme disease,"{""query.cond"":""Lyme Disease"",""query.term"":""antibiotics Lyme disease"",""pageSize"":100,""format"":""json"",""countTotal"":""true""}",United States,All available; preserve source vintage,clinical_trial,"Interventions, medications, treatment duration, comparative effectiveness, outcomes, and safety evidence.","Map current interventions, evidence gaps, safety signals, and treatment-navigation needs.",none,,Pass nextPageToken from the previous response.,No API key is documented for public API v2; use a descriptive User-Agent and conservative concurrency.,NCT number,"NCT number, condition, intervention, sponsor, facility location, PMID where present",false,https://clinicaltrials.gov/data-api/api,"Registry data are not patient-level data. Preserve study status, design, eligibility, outcomes, results-posting status, and update date."
CTG-0021,140,P1,coinfections,ClinicalTrials.gov API v2,clinicaltrials_gov,clinical_study_registry,record_search,GET,https://clinicaltrials.gov/api/v2/studies,Lyme babesiosis coinfection,Lyme babesiosis coinfection,"{""query.cond"":""Lyme babesiosis coinfection"",""query.term"":""Lyme babesiosis coinfection"",""pageSize"":100,""format"":""json"",""countTotal"":""true""}",United States,All available; preserve source vintage,clinical_trial,"Other tickborne pathogens, coinfection patterns, and related surveillance or clinical evidence.",Identify where single-disease workflows miss clinically relevant tickborne conditions.,none,,Pass nextPageToken from the previous response.,No API key is documented for public API v2; use a descriptive User-Agent and conservative concurrency.,NCT number,"NCT number, condition, intervention, sponsor, facility location, PMID where present",false,https://clinicaltrials.gov/data-api/api,"Registry data are not patient-level data. Preserve study status, design, eligibility, outcomes, results-posting status, and update date."
CTG-0022,141,P1,coinfections,ClinicalTrials.gov API v2,clinicaltrials_gov,clinical_study_registry,record_search,GET,https://clinicaltrials.gov/api/v2/studies,Lyme anaplasmosis coinfection,Lyme anaplasmosis coinfection,"{""query.cond"":""Lyme anaplasmosis coinfection"",""query.term"":""Lyme anaplasmosis coinfection"",""pageSize"":100,""format"":""json"",""countTotal"":""true""}",United States,All available; preserve source vintage,clinical_trial,"Other tickborne pathogens, coinfection patterns, and related surveillance or clinical evidence.",Identify where single-disease workflows miss clinically relevant tickborne conditions.,none,,Pass nextPageToken from the previous response.,No API key is documented for public API v2; use a descriptive User-Agent and conservative concurrency.,NCT number,"NCT number, condition, intervention, sponsor, facility location, PMID where present",false,https://clinicaltrials.gov/data-api/api,"Registry data are not patient-level data. Preserve study status, design, eligibility, outcomes, results-posting status, and update date."
PUBM-0001,142,P0,disease_core,NCBI PubMed E-utilities,pubmed,biomedical_citation_database,record_search,GET,https://eutils.ncbi.nlm.nih.gov/entrez/eutils/esearch.fcgi,Lyme disease,"(""Lyme disease""[Title/Abstract]) AND humans[MeSH Terms]","{""db"":""pubmed"",""term"":""(\""Lyme disease\""[Title/Abstract]) AND humans[MeSH Terms]"",""retmode"":""json"",""retmax"":100,""usehistory"":""y"",""sort"":""pub date"",""tool"":""topx_lyme_explorer"",""email"":""${NCBI_EMAIL}"",""api_key"":""${NCBI_API_KEY}""}",United States,All available; preserve source vintage,publication_citation,"Core disease, pathogen, vector, and syndrome records that define the Lyme problem space.",Build the disease/pathogen terminology graph and identify authoritative baseline datasets.,optional_recommended,NCBI_API_KEY,Use WebEnv/query_key history plus retstart/retmax; retrieve details in batched ESummary/EFetch calls.,Without a key stay at or below 3 requests/second; with a key the default supported limit is 10 requests/second.,PMID,"PMID, PMCID, DOI, NCT number, MeSH terms, publication date",false,https://www.ncbi.nlm.nih.gov/books/NBK25501/,"Do not assume all abstracts or full text are reusable. Capture publication type, retraction/correction status, and linked identifiers."
PUBM-0002,143,P0,disease_core,NCBI PubMed E-utilities,pubmed,biomedical_citation_database,record_search,GET,https://eutils.ncbi.nlm.nih.gov/entrez/eutils/esearch.fcgi,Lyme borreliosis,"(""Lyme borreliosis""[Title/Abstract]) AND humans[MeSH Terms]","{""db"":""pubmed"",""term"":""(\""Lyme borreliosis\""[Title/Abstract]) AND humans[MeSH Terms]"",""retmode"":""json"",""retmax"":100,""usehistory"":""y"",""sort"":""pub date"",""tool"":""topx_lyme_explorer"",""email"":""${NCBI_EMAIL}"",""api_key"":""${NCBI_API_KEY}""}",United States,All available; preserve source vintage,publication_citation,"Core disease, pathogen, vector, and syndrome records that define the Lyme problem space.",Build the disease/pathogen terminology graph and identify authoritative baseline datasets.,optional_recommended,NCBI_API_KEY,Use WebEnv/query_key history plus retstart/retmax; retrieve details in batched ESummary/EFetch calls.,Without a key stay at or below 3 requests/second; with a key the default supported limit is 10 requests/second.,PMID,"PMID, PMCID, DOI, NCT number, MeSH terms, publication date",false,https://www.ncbi.nlm.nih.gov/books/NBK25501/,"Do not assume all abstracts or full text are reusable. Capture publication type, retraction/correction status, and linked identifiers."
PUBM-0003,144,P0,disease_core,NCBI PubMed E-utilities,pubmed,biomedical_citation_database,record_search,GET,https://eutils.ncbi.nlm.nih.gov/entrez/eutils/esearch.fcgi,Borrelia burgdorferi,"(""Borrelia burgdorferi""[Title/Abstract]) AND humans[MeSH Terms]","{""db"":""pubmed"",""term"":""(\""Borrelia burgdorferi\""[Title/Abstract]) AND humans[MeSH Terms]"",""retmode"":""json"",""retmax"":100,""usehistory"":""y"",""sort"":""pub date"",""tool"":""topx_lyme_explorer"",""email"":""${NCBI_EMAIL}"",""api_key"":""${NCBI_API_KEY}""}",United States,All available; preserve source vintage,publication_citation,"Core disease, pathogen, vector, and syndrome records that define the Lyme problem space.",Build the disease/pathogen terminology graph and identify authoritative baseline datasets.,optional_recommended,NCBI_API_KEY,Use WebEnv/query_key history plus retstart/retmax; retrieve details in batched ESummary/EFetch calls.,Without a key stay at or below 3 requests/second; with a key the default supported limit is 10 requests/second.,PMID,"PMID, PMCID, DOI, NCT number, MeSH terms, publication date",false,https://www.ncbi.nlm.nih.gov/books/NBK25501/,"Do not assume all abstracts or full text are reusable. Capture publication type, retraction/correction status, and linked identifiers."
PUBM-0004,145,P0,disease_core,NCBI PubMed E-utilities,pubmed,biomedical_citation_database,record_search,GET,https://eutils.ncbi.nlm.nih.gov/entrez/eutils/esearch.fcgi,Borrelia mayonii,"(""Borrelia mayonii""[Title/Abstract]) AND humans[MeSH Terms]","{""db"":""pubmed"",""term"":""(\""Borrelia mayonii\""[Title/Abstract]) AND humans[MeSH Terms]"",""retmode"":""json"",""retmax"":100,""usehistory"":""y"",""sort"":""pub date"",""tool"":""topx_lyme_explorer"",""email"":""${NCBI_EMAIL}"",""api_key"":""${NCBI_API_KEY}""}",United States,All available; preserve source vintage,publication_citation,"Core disease, pathogen, vector, and syndrome records that define the Lyme problem space.",Build the disease/pathogen terminology graph and identify authoritative baseline datasets.,optional_recommended,NCBI_API_KEY,Use WebEnv/query_key history plus retstart/retmax; retrieve details in batched ESummary/EFetch calls.,Without a key stay at or below 3 requests/second; with a key the default supported limit is 10 requests/second.,PMID,"PMID, PMCID, DOI, NCT number, MeSH terms, publication date",false,https://www.ncbi.nlm.nih.gov/books/NBK25501/,"Do not assume all abstracts or full text are reusable. Capture publication type, retraction/correction status, and linked identifiers."
PUBM-0005,146,P0,disease_core,NCBI PubMed E-utilities,pubmed,biomedical_citation_database,record_search,GET,https://eutils.ncbi.nlm.nih.gov/entrez/eutils/esearch.fcgi,Borrelia miyamotoi,"(""Borrelia miyamotoi""[Title/Abstract]) AND humans[MeSH Terms]","{""db"":""pubmed"",""term"":""(\""Borrelia miyamotoi\""[Title/Abstract]) AND humans[MeSH Terms]"",""retmode"":""json"",""retmax"":100,""usehistory"":""y"",""sort"":""pub date"",""tool"":""topx_lyme_explorer"",""email"":""${NCBI_EMAIL}"",""api_key"":""${NCBI_API_KEY}""}",United States,All available; preserve source vintage,publication_citation,"Core disease, pathogen, vector, and syndrome records that define the Lyme problem space.",Build the disease/pathogen terminology graph and identify authoritative baseline datasets.,optional_recommended,NCBI_API_KEY,Use WebEnv/query_key history plus retstart/retmax; retrieve details in batched ESummary/EFetch calls.,Without a key stay at or below 3 requests/second; with a key the default supported limit is 10 requests/second.,PMID,"PMID, PMCID, DOI, NCT number, MeSH terms, publication date",false,https://www.ncbi.nlm.nih.gov/books/NBK25501/,"Do not assume all abstracts or full text are reusable. Capture publication type, retraction/correction status, and linked identifiers."
PUBM-0006,147,P0,disease_core,NCBI PubMed E-utilities,pubmed,biomedical_citation_database,record_search,GET,https://eutils.ncbi.nlm.nih.gov/entrez/eutils/esearch.fcgi,tickborne disease,"(""tickborne disease""[Title/Abstract]) AND humans[MeSH Terms]","{""db"":""pubmed"",""term"":""(\""tickborne disease\""[Title/Abstract]) AND humans[MeSH Terms]"",""retmode"":""json"",""retmax"":100,""usehistory"":""y"",""sort"":""pub date"",""tool"":""topx_lyme_explorer"",""email"":""${NCBI_EMAIL}"",""api_key"":""${NCBI_API_KEY}""}",United States,All available; preserve source vintage,publication_citation,"Core disease, pathogen, vector, and syndrome records that define the Lyme problem space.",Build the disease/pathogen terminology graph and identify authoritative baseline datasets.,optional_recommended,NCBI_API_KEY,Use WebEnv/query_key history plus retstart/retmax; retrieve details in batched ESummary/EFetch calls.,Without a key stay at or below 3 requests/second; with a key the default supported limit is 10 requests/second.,PMID,"PMID, PMCID, DOI, NCT number, MeSH terms, publication date",false,https://www.ncbi.nlm.nih.gov/books/NBK25501/,"Do not assume all abstracts or full text are reusable. Capture publication type, retraction/correction status, and linked identifiers."
PUBM-0007,148,P0,disease_core,NCBI PubMed E-utilities,pubmed,biomedical_citation_database,record_search,GET,https://eutils.ncbi.nlm.nih.gov/entrez/eutils/esearch.fcgi,blacklegged tick,"(""blacklegged tick""[Title/Abstract]) AND humans[MeSH Terms]","{""db"":""pubmed"",""term"":""(\""blacklegged tick\""[Title/Abstract]) AND humans[MeSH Terms]"",""retmode"":""json"",""retmax"":100,""usehistory"":""y"",""sort"":""pub date"",""tool"":""topx_lyme_explorer"",""email"":""${NCBI_EMAIL}"",""api_key"":""${NCBI_API_KEY}""}",United States,All available; preserve source vintage,publication_citation,"Core disease, pathogen, vector, and syndrome records that define the Lyme problem space.",Build the disease/pathogen terminology graph and identify authoritative baseline datasets.,optional_recommended,NCBI_API_KEY,Use WebEnv/query_key history plus retstart/retmax; retrieve details in batched ESummary/EFetch calls.,Without a key stay at or below 3 requests/second; with a key the default supported limit is 10 requests/second.,PMID,"PMID, PMCID, DOI, NCT number, MeSH terms, publication date",false,https://www.ncbi.nlm.nih.gov/books/NBK25501/,"Do not assume all abstracts or full text are reusable. Capture publication type, retraction/correction status, and linked identifiers."
PUBM-0008,149,P0,disease_core,NCBI PubMed E-utilities,pubmed,biomedical_citation_database,record_search,GET,https://eutils.ncbi.nlm.nih.gov/entrez/eutils/esearch.fcgi,Ixodes scapularis,"(""Ixodes scapularis""[Title/Abstract]) AND humans[MeSH Terms]","{""db"":""pubmed"",""term"":""(\""Ixodes scapularis\""[Title/Abstract]) AND humans[MeSH Terms]"",""retmode"":""json"",""retmax"":100,""usehistory"":""y"",""sort"":""pub date"",""tool"":""topx_lyme_explorer"",""email"":""${NCBI_EMAIL}"",""api_key"":""${NCBI_API_KEY}""}",United States,All available; preserve source vintage,publication_citation,"Core disease, pathogen, vector, and syndrome records that define the Lyme problem space.",Build the disease/pathogen terminology graph and identify authoritative baseline datasets.,optional_recommended,NCBI_API_KEY,Use WebEnv/query_key history plus retstart/retmax; retrieve details in batched ESummary/EFetch calls.,Without a key stay at or below 3 requests/second; with a key the default supported limit is 10 requests/second.,PMID,"PMID, PMCID, DOI, NCT number, MeSH terms, publication date",false,https://www.ncbi.nlm.nih.gov/books/NBK25501/,"Do not assume all abstracts or full text are reusable. Capture publication type, retraction/correction status, and linked identifiers."
PUBM-0009,150,P0,disease_core,NCBI PubMed E-utilities,pubmed,biomedical_citation_database,record_search,GET,https://eutils.ncbi.nlm.nih.gov/entrez/eutils/esearch.fcgi,Ixodes pacificus,"(""Ixodes pacificus""[Title/Abstract]) AND humans[MeSH Terms]","{""db"":""pubmed"",""term"":""(\""Ixodes pacificus\""[Title/Abstract]) AND humans[MeSH Terms]"",""retmode"":""json"",""retmax"":100,""usehistory"":""y"",""sort"":""pub date"",""tool"":""topx_lyme_explorer"",""email"":""${NCBI_EMAIL}"",""api_key"":""${NCBI_API_KEY}""}",United States,All available; preserve source vintage,publication_citation,"Core disease, pathogen, vector, and syndrome records that define the Lyme problem space.",Build the disease/pathogen terminology graph and identify authoritative baseline datasets.,optional_recommended,NCBI_API_KEY,Use WebEnv/query_key history plus retstart/retmax; retrieve details in batched ESummary/EFetch calls.,Without a key stay at or below 3 requests/second; with a key the default supported limit is 10 requests/second.,PMID,"PMID, PMCID, DOI, NCT number, MeSH terms, publication date",false,https://www.ncbi.nlm.nih.gov/books/NBK25501/,"Do not assume all abstracts or full text are reusable. Capture publication type, retraction/correction status, and linked identifiers."
PUBM-0010,151,P0,disease_core,NCBI PubMed E-utilities,pubmed,biomedical_citation_database,record_search,GET,https://eutils.ncbi.nlm.nih.gov/entrez/eutils/esearch.fcgi,erythema migrans,"(""erythema migrans""[Title/Abstract]) AND humans[MeSH Terms]","{""db"":""pubmed"",""term"":""(\""erythema migrans\""[Title/Abstract]) AND humans[MeSH Terms]"",""retmode"":""json"",""retmax"":100,""usehistory"":""y"",""sort"":""pub date"",""tool"":""topx_lyme_explorer"",""email"":""${NCBI_EMAIL}"",""api_key"":""${NCBI_API_KEY}""}",United States,All available; preserve source vintage,publication_citation,"Core disease, pathogen, vector, and syndrome records that define the Lyme problem space.",Build the disease/pathogen terminology graph and identify authoritative baseline datasets.,optional_recommended,NCBI_API_KEY,Use WebEnv/query_key history plus retstart/retmax; retrieve details in batched ESummary/EFetch calls.,Without a key stay at or below 3 requests/second; with a key the default supported limit is 10 requests/second.,PMID,"PMID, PMCID, DOI, NCT number, MeSH terms, publication date",false,https://www.ncbi.nlm.nih.gov/books/NBK25501/,"Do not assume all abstracts or full text are reusable. Capture publication type, retraction/correction status, and linked identifiers."
PUBM-0011,152,P0,diagnosis_testing,NCBI PubMed E-utilities,pubmed,biomedical_citation_database,record_search,GET,https://eutils.ncbi.nlm.nih.gov/entrez/eutils/esearch.fcgi,Lyme disease diagnosis,"(""Lyme disease diagnosis""[Title/Abstract]) AND humans[MeSH Terms]","{""db"":""pubmed"",""term"":""(\""Lyme disease diagnosis\""[Title/Abstract]) AND humans[MeSH Terms]"",""retmode"":""json"",""retmax"":100,""usehistory"":""y"",""sort"":""pub date"",""tool"":""topx_lyme_explorer"",""email"":""${NCBI_EMAIL}"",""api_key"":""${NCBI_API_KEY}""}",United States,All available; preserve source vintage,publication_citation,"Diagnostic tests, accuracy evidence, biomarkers, delays, false results, and differential-diagnosis resources.","Map diagnostic failure modes and candidate opportunities for faster, clearer testing and interpretation.",optional_recommended,NCBI_API_KEY,Use WebEnv/query_key history plus retstart/retmax; retrieve details in batched ESummary/EFetch calls.,Without a key stay at or below 3 requests/second; with a key the default supported limit is 10 requests/second.,PMID,"PMID, PMCID, DOI, NCT number, MeSH terms, publication date",false,https://www.ncbi.nlm.nih.gov/books/NBK25501/,"Do not assume all abstracts or full text are reusable. Capture publication type, retraction/correction status, and linked identifiers."
PUBM-0012,153,P0,diagnosis_testing,NCBI PubMed E-utilities,pubmed,biomedical_citation_database,record_search,GET,https://eutils.ncbi.nlm.nih.gov/entrez/eutils/esearch.fcgi,diagnostic delay Lyme disease,"(""diagnostic delay Lyme disease""[Title/Abstract]) AND humans[MeSH Terms]","{""db"":""pubmed"",""term"":""(\""diagnostic delay Lyme disease\""[Title/Abstract]) AND humans[MeSH Terms]"",""retmode"":""json"",""retmax"":100,""usehistory"":""y"",""sort"":""pub date"",""tool"":""topx_lyme_explorer"",""email"":""${NCBI_EMAIL}"",""api_key"":""${NCBI_API_KEY}""}",United States,All available; preserve source vintage,publication_citation,"Diagnostic tests, accuracy evidence, biomarkers, delays, false results, and differential-diagnosis resources.","Map diagnostic failure modes and candidate opportunities for faster, clearer testing and interpretation.",optional_recommended,NCBI_API_KEY,Use WebEnv/query_key history plus retstart/retmax; retrieve details in batched ESummary/EFetch calls.,Without a key stay at or below 3 requests/second; with a key the default supported limit is 10 requests/second.,PMID,"PMID, PMCID, DOI, NCT number, MeSH terms, publication date",false,https://www.ncbi.nlm.nih.gov/books/NBK25501/,"Do not assume all abstracts or full text are reusable. Capture publication type, retraction/correction status, and linked identifiers."
PUBM-0013,154,P0,diagnosis_testing,NCBI PubMed E-utilities,pubmed,biomedical_citation_database,record_search,GET,https://eutils.ncbi.nlm.nih.gov/entrez/eutils/esearch.fcgi,delayed diagnosis tickborne disease,"(""delayed diagnosis tickborne disease""[Title/Abstract]) AND humans[MeSH Terms]","{""db"":""pubmed"",""term"":""(\""delayed diagnosis tickborne disease\""[Title/Abstract]) AND humans[MeSH Terms]"",""retmode"":""json"",""retmax"":100,""usehistory"":""y"",""sort"":""pub date"",""tool"":""topx_lyme_explorer"",""email"":""${NCBI_EMAIL}"",""api_key"":""${NCBI_API_KEY}""}",United States,All available; preserve source vintage,publication_citation,"Diagnostic tests, accuracy evidence, biomarkers, delays, false results, and differential-diagnosis resources.","Map diagnostic failure modes and candidate opportunities for faster, clearer testing and interpretation.",optional_recommended,NCBI_API_KEY,Use WebEnv/query_key history plus retstart/retmax; retrieve details in batched ESummary/EFetch calls.,Without a key stay at or below 3 requests/second; with a key the default supported limit is 10 requests/second.,PMID,"PMID, PMCID, DOI, NCT number, MeSH terms, publication date",false,https://www.ncbi.nlm.nih.gov/books/NBK25501/,"Do not assume all abstracts or full text are reusable. Capture publication type, retraction/correction status, and linked identifiers."
PUBM-0014,155,P0,diagnosis_testing,NCBI PubMed E-utilities,pubmed,biomedical_citation_database,record_search,GET,https://eutils.ncbi.nlm.nih.gov/entrez/eutils/esearch.fcgi,Lyme disease misdiagnosis,"(""Lyme disease misdiagnosis""[Title/Abstract]) AND humans[MeSH Terms]","{""db"":""pubmed"",""term"":""(\""Lyme disease misdiagnosis\""[Title/Abstract]) AND humans[MeSH Terms]"",""retmode"":""json"",""retmax"":100,""usehistory"":""y"",""sort"":""pub date"",""tool"":""topx_lyme_explorer"",""email"":""${NCBI_EMAIL}"",""api_key"":""${NCBI_API_KEY}""}",United States,All available; preserve source vintage,publication_citation,"Diagnostic tests, accuracy evidence, biomarkers, delays, false results, and differential-diagnosis resources.","Map diagnostic failure modes and candidate opportunities for faster, clearer testing and interpretation.",optional_recommended,NCBI_API_KEY,Use WebEnv/query_key history plus retstart/retmax; retrieve details in batched ESummary/EFetch calls.,Without a key stay at or below 3 requests/second; with a key the default supported limit is 10 requests/second.,PMID,"PMID, PMCID, DOI, NCT number, MeSH terms, publication date",false,https://www.ncbi.nlm.nih.gov/books/NBK25501/,"Do not assume all abstracts or full text are reusable. Capture publication type, retraction/correction status, and linked identifiers."
PUBM-0015,156,P0,diagnosis_testing,NCBI PubMed E-utilities,pubmed,biomedical_citation_database,record_search,GET,https://eutils.ncbi.nlm.nih.gov/entrez/eutils/esearch.fcgi,Lyme disease differential diagnosis,"(""Lyme disease differential diagnosis""[Title/Abstract]) AND humans[MeSH Terms]","{""db"":""pubmed"",""term"":""(\""Lyme disease differential diagnosis\""[Title/Abstract]) AND humans[MeSH Terms]"",""retmode"":""json"",""retmax"":100,""usehistory"":""y"",""sort"":""pub date"",""tool"":""topx_lyme_explorer"",""email"":""${NCBI_EMAIL}"",""api_key"":""${NCBI_API_KEY}""}",United States,All available; preserve source vintage,publication_citation,"Diagnostic tests, accuracy evidence, biomarkers, delays, false results, and differential-diagnosis resources.","Map diagnostic failure modes and candidate opportunities for faster, clearer testing and interpretation.",optional_recommended,NCBI_API_KEY,Use WebEnv/query_key history plus retstart/retmax; retrieve details in batched ESummary/EFetch calls.,Without a key stay at or below 3 requests/second; with a key the default supported limit is 10 requests/second.,PMID,"PMID, PMCID, DOI, NCT number, MeSH terms, publication date",false,https://www.ncbi.nlm.nih.gov/books/NBK25501/,"Do not assume all abstracts or full text are reusable. Capture publication type, retraction/correction status, and linked identifiers."
PUBM-0016,157,P0,diagnosis_testing,NCBI PubMed E-utilities,pubmed,biomedical_citation_database,record_search,GET,https://eutils.ncbi.nlm.nih.gov/entrez/eutils/esearch.fcgi,Lyme serology,"(""Lyme serology""[Title/Abstract]) AND humans[MeSH Terms]","{""db"":""pubmed"",""term"":""(\""Lyme serology\""[Title/Abstract]) AND humans[MeSH Terms]"",""retmode"":""json"",""retmax"":100,""usehistory"":""y"",""sort"":""pub date"",""tool"":""topx_lyme_explorer"",""email"":""${NCBI_EMAIL}"",""api_key"":""${NCBI_API_KEY}""}",United States,All available; preserve source vintage,publication_citation,"Diagnostic tests, accuracy evidence, biomarkers, delays, false results, and differential-diagnosis resources.","Map diagnostic failure modes and candidate opportunities for faster, clearer testing and interpretation.",optional_recommended,NCBI_API_KEY,Use WebEnv/query_key history plus retstart/retmax; retrieve details in batched ESummary/EFetch calls.,Without a key stay at or below 3 requests/second; with a key the default supported limit is 10 requests/second.,PMID,"PMID, PMCID, DOI, NCT number, MeSH terms, publication date",false,https://www.ncbi.nlm.nih.gov/books/NBK25501/,"Do not assume all abstracts or full text are reusable. Capture publication type, retraction/correction status, and linked identifiers."
PUBM-0017,158,P0,diagnosis_testing,NCBI PubMed E-utilities,pubmed,biomedical_citation_database,record_search,GET,https://eutils.ncbi.nlm.nih.gov/entrez/eutils/esearch.fcgi,two-tier Lyme testing,"(""two-tier Lyme testing""[Title/Abstract]) AND humans[MeSH Terms]","{""db"":""pubmed"",""term"":""(\""two-tier Lyme testing\""[Title/Abstract]) AND humans[MeSH Terms]"",""retmode"":""json"",""retmax"":100,""usehistory"":""y"",""sort"":""pub date"",""tool"":""topx_lyme_explorer"",""email"":""${NCBI_EMAIL}"",""api_key"":""${NCBI_API_KEY}""}",United States,All available; preserve source vintage,publication_citation,"Diagnostic tests, accuracy evidence, biomarkers, delays, false results, and differential-diagnosis resources.","Map diagnostic failure modes and candidate opportunities for faster, clearer testing and interpretation.",optional_recommended,NCBI_API_KEY,Use WebEnv/query_key history plus retstart/retmax; retrieve details in batched ESummary/EFetch calls.,Without a key stay at or below 3 requests/second; with a key the default supported limit is 10 requests/second.,PMID,"PMID, PMCID, DOI, NCT number, MeSH terms, publication date",false,https://www.ncbi.nlm.nih.gov/books/NBK25501/,"Do not assume all abstracts or full text are reusable. Capture publication type, retraction/correction status, and linked identifiers."
PUBM-0018,159,P0,diagnosis_testing,NCBI PubMed E-utilities,pubmed,biomedical_citation_database,record_search,GET,https://eutils.ncbi.nlm.nih.gov/entrez/eutils/esearch.fcgi,modified two-tier testing Lyme,"(""modified two-tier testing Lyme""[Title/Abstract]) AND humans[MeSH Terms]","{""db"":""pubmed"",""term"":""(\""modified two-tier testing Lyme\""[Title/Abstract]) AND humans[MeSH Terms]"",""retmode"":""json"",""retmax"":100,""usehistory"":""y"",""sort"":""pub date"",""tool"":""topx_lyme_explorer"",""email"":""${NCBI_EMAIL}"",""api_key"":""${NCBI_API_KEY}""}",United States,All available; preserve source vintage,publication_citation,"Diagnostic tests, accuracy evidence, biomarkers, delays, false results, and differential-diagnosis resources.","Map diagnostic failure modes and candidate opportunities for faster, clearer testing and interpretation.",optional_recommended,NCBI_API_KEY,Use WebEnv/query_key history plus retstart/retmax; retrieve details in batched ESummary/EFetch calls.,Without a key stay at or below 3 requests/second; with a key the default supported limit is 10 requests/second.,PMID,"PMID, PMCID, DOI, NCT number, MeSH terms, publication date",false,https://www.ncbi.nlm.nih.gov/books/NBK25501/,"Do not assume all abstracts or full text are reusable. Capture publication type, retraction/correction status, and linked identifiers."
PUBM-0019,160,P0,diagnosis_testing,NCBI PubMed E-utilities,pubmed,biomedical_citation_database,record_search,GET,https://eutils.ncbi.nlm.nih.gov/entrez/eutils/esearch.fcgi,ELISA Lyme disease,"(""ELISA Lyme disease""[Title/Abstract]) AND humans[MeSH Terms]","{""db"":""pubmed"",""term"":""(\""ELISA Lyme disease\""[Title/Abstract]) AND humans[MeSH Terms]"",""retmode"":""json"",""retmax"":100,""usehistory"":""y"",""sort"":""pub date"",""tool"":""topx_lyme_explorer"",""email"":""${NCBI_EMAIL}"",""api_key"":""${NCBI_API_KEY}""}",United States,All available; preserve source vintage,publication_citation,"Diagnostic tests, accuracy evidence, biomarkers, delays, false results, and differential-diagnosis resources.","Map diagnostic failure modes and candidate opportunities for faster, clearer testing and interpretation.",optional_recommended,NCBI_API_KEY,Use WebEnv/query_key history plus retstart/retmax; retrieve details in batched ESummary/EFetch calls.,Without a key stay at or below 3 requests/second; with a key the default supported limit is 10 requests/second.,PMID,"PMID, PMCID, DOI, NCT number, MeSH terms, publication date",false,https://www.ncbi.nlm.nih.gov/books/NBK25501/,"Do not assume all abstracts or full text are reusable. Capture publication type, retraction/correction status, and linked identifiers."
PUBM-0020,161,P0,diagnosis_testing,NCBI PubMed E-utilities,pubmed,biomedical_citation_database,record_search,GET,https://eutils.ncbi.nlm.nih.gov/entrez/eutils/esearch.fcgi,immunoblot Lyme disease,"(""immunoblot Lyme disease""[Title/Abstract]) AND humans[MeSH Terms]","{""db"":""pubmed"",""term"":""(\""immunoblot Lyme disease\""[Title/Abstract]) AND humans[MeSH Terms]"",""retmode"":""json"",""retmax"":100,""usehistory"":""y"",""sort"":""pub date"",""tool"":""topx_lyme_explorer"",""email"":""${NCBI_EMAIL}"",""api_key"":""${NCBI_API_KEY}""}",United States,All available; preserve source vintage,publication_citation,"Diagnostic tests, accuracy evidence, biomarkers, delays, false results, and differential-diagnosis resources.","Map diagnostic failure modes and candidate opportunities for faster, clearer testing and interpretation.",optional_recommended,NCBI_API_KEY,Use WebEnv/query_key history plus retstart/retmax; retrieve details in batched ESummary/EFetch calls.,Without a key stay at or below 3 requests/second; with a key the default supported limit is 10 requests/second.,PMID,"PMID, PMCID, DOI, NCT number, MeSH terms, publication date",false,https://www.ncbi.nlm.nih.gov/books/NBK25501/,"Do not assume all abstracts or full text are reusable. Capture publication type, retraction/correction status, and linked identifiers."
PUBM-0021,162,P1,symptoms_outcomes,NCBI PubMed E-utilities,pubmed,biomedical_citation_database,record_search,GET,https://eutils.ncbi.nlm.nih.gov/entrez/eutils/esearch.fcgi,Lyme disease fatigue,"(""Lyme disease fatigue""[Title/Abstract]) AND humans[MeSH Terms]","{""db"":""pubmed"",""term"":""(\""Lyme disease fatigue\""[Title/Abstract]) AND humans[MeSH Terms]"",""retmode"":""json"",""retmax"":100,""usehistory"":""y"",""sort"":""pub date"",""tool"":""topx_lyme_explorer"",""email"":""${NCBI_EMAIL}"",""api_key"":""${NCBI_API_KEY}""}",United States,All available; preserve source vintage,publication_citation,"Symptoms, complications, disability, utilization, and patient-reported outcome information.",Characterize patient burden and prioritize outcomes a Phase 1 concept should improve.,optional_recommended,NCBI_API_KEY,Use WebEnv/query_key history plus retstart/retmax; retrieve details in batched ESummary/EFetch calls.,Without a key stay at or below 3 requests/second; with a key the default supported limit is 10 requests/second.,PMID,"PMID, PMCID, DOI, NCT number, MeSH terms, publication date",false,https://www.ncbi.nlm.nih.gov/books/NBK25501/,"Do not assume all abstracts or full text are reusable. Capture publication type, retraction/correction status, and linked identifiers."
PUBM-0022,163,P1,symptoms_outcomes,NCBI PubMed E-utilities,pubmed,biomedical_citation_database,record_search,GET,https://eutils.ncbi.nlm.nih.gov/entrez/eutils/esearch.fcgi,Lyme disease cognitive symptoms,"(""Lyme disease cognitive symptoms""[Title/Abstract]) AND humans[MeSH Terms]","{""db"":""pubmed"",""term"":""(\""Lyme disease cognitive symptoms\""[Title/Abstract]) AND humans[MeSH Terms]"",""retmode"":""json"",""retmax"":100,""usehistory"":""y"",""sort"":""pub date"",""tool"":""topx_lyme_explorer"",""email"":""${NCBI_EMAIL}"",""api_key"":""${NCBI_API_KEY}""}",United States,All available; preserve source vintage,publication_citation,"Symptoms, complications, disability, utilization, and patient-reported outcome information.",Characterize patient burden and prioritize outcomes a Phase 1 concept should improve.,optional_recommended,NCBI_API_KEY,Use WebEnv/query_key history plus retstart/retmax; retrieve details in batched ESummary/EFetch calls.,Without a key stay at or below 3 requests/second; with a key the default supported limit is 10 requests/second.,PMID,"PMID, PMCID, DOI, NCT number, MeSH terms, publication date",false,https://www.ncbi.nlm.nih.gov/books/NBK25501/,"Do not assume all abstracts or full text are reusable. Capture publication type, retraction/correction status, and linked identifiers."
PUBM-0023,164,P1,symptoms_outcomes,NCBI PubMed E-utilities,pubmed,biomedical_citation_database,record_search,GET,https://eutils.ncbi.nlm.nih.gov/entrez/eutils/esearch.fcgi,Lyme disease brain fog,"(""Lyme disease brain fog""[Title/Abstract]) AND humans[MeSH Terms]","{""db"":""pubmed"",""term"":""(\""Lyme disease brain fog\""[Title/Abstract]) AND humans[MeSH Terms]"",""retmode"":""json"",""retmax"":100,""usehistory"":""y"",""sort"":""pub date"",""tool"":""topx_lyme_explorer"",""email"":""${NCBI_EMAIL}"",""api_key"":""${NCBI_API_KEY}""}",United States,All available; preserve source vintage,publication_citation,"Symptoms, complications, disability, utilization, and patient-reported outcome information.",Characterize patient burden and prioritize outcomes a Phase 1 concept should improve.,optional_recommended,NCBI_API_KEY,Use WebEnv/query_key history plus retstart/retmax; retrieve details in batched ESummary/EFetch calls.,Without a key stay at or below 3 requests/second; with a key the default supported limit is 10 requests/second.,PMID,"PMID, PMCID, DOI, NCT number, MeSH terms, publication date",false,https://www.ncbi.nlm.nih.gov/books/NBK25501/,"Do not assume all abstracts or full text are reusable. Capture publication type, retraction/correction status, and linked identifiers."
PUBM-0024,165,P1,symptoms_outcomes,NCBI PubMed E-utilities,pubmed,biomedical_citation_database,record_search,GET,https://eutils.ncbi.nlm.nih.gov/entrez/eutils/esearch.fcgi,Lyme disease pain,"(""Lyme disease pain""[Title/Abstract]) AND humans[MeSH Terms]","{""db"":""pubmed"",""term"":""(\""Lyme disease pain\""[Title/Abstract]) AND humans[MeSH Terms]"",""retmode"":""json"",""retmax"":100,""usehistory"":""y"",""sort"":""pub date"",""tool"":""topx_lyme_explorer"",""email"":""${NCBI_EMAIL}"",""api_key"":""${NCBI_API_KEY}""}",United States,All available; preserve source vintage,publication_citation,"Symptoms, complications, disability, utilization, and patient-reported outcome information.",Characterize patient burden and prioritize outcomes a Phase 1 concept should improve.,optional_recommended,NCBI_API_KEY,Use WebEnv/query_key history plus retstart/retmax; retrieve details in batched ESummary/EFetch calls.,Without a key stay at or below 3 requests/second; with a key the default supported limit is 10 requests/second.,PMID,"PMID, PMCID, DOI, NCT number, MeSH terms, publication date",false,https://www.ncbi.nlm.nih.gov/books/NBK25501/,"Do not assume all abstracts or full text are reusable. Capture publication type, retraction/correction status, and linked identifiers."
PUBM-0025,166,P1,symptoms_outcomes,NCBI PubMed E-utilities,pubmed,biomedical_citation_database,record_search,GET,https://eutils.ncbi.nlm.nih.gov/entrez/eutils/esearch.fcgi,Lyme disease neuropathy,"(""Lyme disease neuropathy""[Title/Abstract]) AND humans[MeSH Terms]","{""db"":""pubmed"",""term"":""(\""Lyme disease neuropathy\""[Title/Abstract]) AND humans[MeSH Terms]"",""retmode"":""json"",""retmax"":100,""usehistory"":""y"",""sort"":""pub date"",""tool"":""topx_lyme_explorer"",""email"":""${NCBI_EMAIL}"",""api_key"":""${NCBI_API_KEY}""}",United States,All available; preserve source vintage,publication_citation,"Symptoms, complications, disability, utilization, and patient-reported outcome information.",Characterize patient burden and prioritize outcomes a Phase 1 concept should improve.,optional_recommended,NCBI_API_KEY,Use WebEnv/query_key history plus retstart/retmax; retrieve details in batched ESummary/EFetch calls.,Without a key stay at or below 3 requests/second; with a key the default supported limit is 10 requests/second.,PMID,"PMID, PMCID, DOI, NCT number, MeSH terms, publication date",false,https://www.ncbi.nlm.nih.gov/books/NBK25501/,"Do not assume all abstracts or full text are reusable. Capture publication type, retraction/correction status, and linked identifiers."
PUBM-0026,167,P1,symptoms_outcomes,NCBI PubMed E-utilities,pubmed,biomedical_citation_database,record_search,GET,https://eutils.ncbi.nlm.nih.gov/entrez/eutils/esearch.fcgi,Lyme disease facial palsy,"(""Lyme disease facial palsy""[Title/Abstract]) AND humans[MeSH Terms]","{""db"":""pubmed"",""term"":""(\""Lyme disease facial palsy\""[Title/Abstract]) AND humans[MeSH Terms]"",""retmode"":""json"",""retmax"":100,""usehistory"":""y"",""sort"":""pub date"",""tool"":""topx_lyme_explorer"",""email"":""${NCBI_EMAIL}"",""api_key"":""${NCBI_API_KEY}""}",United States,All available; preserve source vintage,publication_citation,"Symptoms, complications, disability, utilization, and patient-reported outcome information.",Characterize patient burden and prioritize outcomes a Phase 1 concept should improve.,optional_recommended,NCBI_API_KEY,Use WebEnv/query_key history plus retstart/retmax; retrieve details in batched ESummary/EFetch calls.,Without a key stay at or below 3 requests/second; with a key the default supported limit is 10 requests/second.,PMID,"PMID, PMCID, DOI, NCT number, MeSH terms, publication date",false,https://www.ncbi.nlm.nih.gov/books/NBK25501/,"Do not assume all abstracts or full text are reusable. Capture publication type, retraction/correction status, and linked identifiers."
PUBM-0027,168,P1,symptoms_outcomes,NCBI PubMed E-utilities,pubmed,biomedical_citation_database,record_search,GET,https://eutils.ncbi.nlm.nih.gov/entrez/eutils/esearch.fcgi,Lyme disease headache,"(""Lyme disease headache""[Title/Abstract]) AND humans[MeSH Terms]","{""db"":""pubmed"",""term"":""(\""Lyme disease headache\""[Title/Abstract]) AND humans[MeSH Terms]"",""retmode"":""json"",""retmax"":100,""usehistory"":""y"",""sort"":""pub date"",""tool"":""topx_lyme_explorer"",""email"":""${NCBI_EMAIL}"",""api_key"":""${NCBI_API_KEY}""}",United States,All available; preserve source vintage,publication_citation,"Symptoms, complications, disability, utilization, and patient-reported outcome information.",Characterize patient burden and prioritize outcomes a Phase 1 concept should improve.,optional_recommended,NCBI_API_KEY,Use WebEnv/query_key history plus retstart/retmax; retrieve details in batched ESummary/EFetch calls.,Without a key stay at or below 3 requests/second; with a key the default supported limit is 10 requests/second.,PMID,"PMID, PMCID, DOI, NCT number, MeSH terms, publication date",false,https://www.ncbi.nlm.nih.gov/books/NBK25501/,"Do not assume all abstracts or full text are reusable. Capture publication type, retraction/correction status, and linked identifiers."
PUBM-0028,169,P1,treatment,NCBI PubMed E-utilities,pubmed,biomedical_citation_database,record_search,GET,https://eutils.ncbi.nlm.nih.gov/entrez/eutils/esearch.fcgi,Lyme disease treatment,"(""Lyme disease treatment""[Title/Abstract]) AND humans[MeSH Terms]","{""db"":""pubmed"",""term"":""(\""Lyme disease treatment\""[Title/Abstract]) AND humans[MeSH Terms]"",""retmode"":""json"",""retmax"":100,""usehistory"":""y"",""sort"":""pub date"",""tool"":""topx_lyme_explorer"",""email"":""${NCBI_EMAIL}"",""api_key"":""${NCBI_API_KEY}""}",United States,All available; preserve source vintage,publication_citation,"Interventions, medications, treatment duration, comparative effectiveness, outcomes, and safety evidence.","Map current interventions, evidence gaps, safety signals, and treatment-navigation needs.",optional_recommended,NCBI_API_KEY,Use WebEnv/query_key history plus retstart/retmax; retrieve details in batched ESummary/EFetch calls.,Without a key stay at or below 3 requests/second; with a key the default supported limit is 10 requests/second.,PMID,"PMID, PMCID, DOI, NCT number, MeSH terms, publication date",false,https://www.ncbi.nlm.nih.gov/books/NBK25501/,"Do not assume all abstracts or full text are reusable. Capture publication type, retraction/correction status, and linked identifiers."
PUBM-0029,170,P1,treatment,NCBI PubMed E-utilities,pubmed,biomedical_citation_database,record_search,GET,https://eutils.ncbi.nlm.nih.gov/entrez/eutils/esearch.fcgi,doxycycline Lyme disease,"(""doxycycline Lyme disease""[Title/Abstract]) AND humans[MeSH Terms]","{""db"":""pubmed"",""term"":""(\""doxycycline Lyme disease\""[Title/Abstract]) AND humans[MeSH Terms]"",""retmode"":""json"",""retmax"":100,""usehistory"":""y"",""sort"":""pub date"",""tool"":""topx_lyme_explorer"",""email"":""${NCBI_EMAIL}"",""api_key"":""${NCBI_API_KEY}""}",United States,All available; preserve source vintage,publication_citation,"Interventions, medications, treatment duration, comparative effectiveness, outcomes, and safety evidence.","Map current interventions, evidence gaps, safety signals, and treatment-navigation needs.",optional_recommended,NCBI_API_KEY,Use WebEnv/query_key history plus retstart/retmax; retrieve details in batched ESummary/EFetch calls.,Without a key stay at or below 3 requests/second; with a key the default supported limit is 10 requests/second.,PMID,"PMID, PMCID, DOI, NCT number, MeSH terms, publication date",false,https://www.ncbi.nlm.nih.gov/books/NBK25501/,"Do not assume all abstracts or full text are reusable. Capture publication type, retraction/correction status, and linked identifiers."
PUBM-0030,171,P1,treatment,NCBI PubMed E-utilities,pubmed,biomedical_citation_database,record_search,GET,https://eutils.ncbi.nlm.nih.gov/entrez/eutils/esearch.fcgi,amoxicillin Lyme disease,"(""amoxicillin Lyme disease""[Title/Abstract]) AND humans[MeSH Terms]","{""db"":""pubmed"",""term"":""(\""amoxicillin Lyme disease\""[Title/Abstract]) AND humans[MeSH Terms]"",""retmode"":""json"",""retmax"":100,""usehistory"":""y"",""sort"":""pub date"",""tool"":""topx_lyme_explorer"",""email"":""${NCBI_EMAIL}"",""api_key"":""${NCBI_API_KEY}""}",United States,All available; preserve source vintage,publication_citation,"Interventions, medications, treatment duration, comparative effectiveness, outcomes, and safety evidence.","Map current interventions, evidence gaps, safety signals, and treatment-navigation needs.",optional_recommended,NCBI_API_KEY,Use WebEnv/query_key history plus retstart/retmax; retrieve details in batched ESummary/EFetch calls.,Without a key stay at or below 3 requests/second; with a key the default supported limit is 10 requests/second.,PMID,"PMID, PMCID, DOI, NCT number, MeSH terms, publication date",false,https://www.ncbi.nlm.nih.gov/books/NBK25501/,"Do not assume all abstracts or full text are reusable. Capture publication type, retraction/correction status, and linked identifiers."
PUBM-0031,172,P1,treatment,NCBI PubMed E-utilities,pubmed,biomedical_citation_database,record_search,GET,https://eutils.ncbi.nlm.nih.gov/entrez/eutils/esearch.fcgi,cefuroxime Lyme disease,"(""cefuroxime Lyme disease""[Title/Abstract]) AND humans[MeSH Terms]","{""db"":""pubmed"",""term"":""(\""cefuroxime Lyme disease\""[Title/Abstract]) AND humans[MeSH Terms]"",""retmode"":""json"",""retmax"":100,""usehistory"":""y"",""sort"":""pub date"",""tool"":""topx_lyme_explorer"",""email"":""${NCBI_EMAIL}"",""api_key"":""${NCBI_API_KEY}""}",United States,All available; preserve source vintage,publication_citation,"Interventions, medications, treatment duration, comparative effectiveness, outcomes, and safety evidence.","Map current interventions, evidence gaps, safety signals, and treatment-navigation needs.",optional_recommended,NCBI_API_KEY,Use WebEnv/query_key history plus retstart/retmax; retrieve details in batched ESummary/EFetch calls.,Without a key stay at or below 3 requests/second; with a key the default supported limit is 10 requests/second.,PMID,"PMID, PMCID, DOI, NCT number, MeSH terms, publication date",false,https://www.ncbi.nlm.nih.gov/books/NBK25501/,"Do not assume all abstracts or full text are reusable. Capture publication type, retraction/correction status, and linked identifiers."
PUBM-0032,173,P1,treatment,NCBI PubMed E-utilities,pubmed,biomedical_citation_database,record_search,GET,https://eutils.ncbi.nlm.nih.gov/entrez/eutils/esearch.fcgi,ceftriaxone Lyme disease,"(""ceftriaxone Lyme disease""[Title/Abstract]) AND humans[MeSH Terms]","{""db"":""pubmed"",""term"":""(\""ceftriaxone Lyme disease\""[Title/Abstract]) AND humans[MeSH Terms]"",""retmode"":""json"",""retmax"":100,""usehistory"":""y"",""sort"":""pub date"",""tool"":""topx_lyme_explorer"",""email"":""${NCBI_EMAIL}"",""api_key"":""${NCBI_API_KEY}""}",United States,All available; preserve source vintage,publication_citation,"Interventions, medications, treatment duration, comparative effectiveness, outcomes, and safety evidence.","Map current interventions, evidence gaps, safety signals, and treatment-navigation needs.",optional_recommended,NCBI_API_KEY,Use WebEnv/query_key history plus retstart/retmax; retrieve details in batched ESummary/EFetch calls.,Without a key stay at or below 3 requests/second; with a key the default supported limit is 10 requests/second.,PMID,"PMID, PMCID, DOI, NCT number, MeSH terms, publication date",false,https://www.ncbi.nlm.nih.gov/books/NBK25501/,"Do not assume all abstracts or full text are reusable. Capture publication type, retraction/correction status, and linked identifiers."
PUBM-0033,174,P1,treatment,NCBI PubMed E-utilities,pubmed,biomedical_citation_database,record_search,GET,https://eutils.ncbi.nlm.nih.gov/entrez/eutils/esearch.fcgi,antibiotics Lyme disease,"(""antibiotics Lyme disease""[Title/Abstract]) AND humans[MeSH Terms]","{""db"":""pubmed"",""term"":""(\""antibiotics Lyme disease\""[Title/Abstract]) AND humans[MeSH Terms]"",""retmode"":""json"",""retmax"":100,""usehistory"":""y"",""sort"":""pub date"",""tool"":""topx_lyme_explorer"",""email"":""${NCBI_EMAIL}"",""api_key"":""${NCBI_API_KEY}""}",United States,All available; preserve source vintage,publication_citation,"Interventions, medications, treatment duration, comparative effectiveness, outcomes, and safety evidence.","Map current interventions, evidence gaps, safety signals, and treatment-navigation needs.",optional_recommended,NCBI_API_KEY,Use WebEnv/query_key history plus retstart/retmax; retrieve details in batched ESummary/EFetch calls.,Without a key stay at or below 3 requests/second; with a key the default supported limit is 10 requests/second.,PMID,"PMID, PMCID, DOI, NCT number, MeSH terms, publication date",false,https://www.ncbi.nlm.nih.gov/books/NBK25501/,"Do not assume all abstracts or full text are reusable. Capture publication type, retraction/correction status, and linked identifiers."
PUBM-0034,175,P1,treatment,NCBI PubMed E-utilities,pubmed,biomedical_citation_database,record_search,GET,https://eutils.ncbi.nlm.nih.gov/entrez/eutils/esearch.fcgi,Lyme disease treatment duration,"(""Lyme disease treatment duration""[Title/Abstract]) AND humans[MeSH Terms]","{""db"":""pubmed"",""term"":""(\""Lyme disease treatment duration\""[Title/Abstract]) AND humans[MeSH Terms]"",""retmode"":""json"",""retmax"":100,""usehistory"":""y"",""sort"":""pub date"",""tool"":""topx_lyme_explorer"",""email"":""${NCBI_EMAIL}"",""api_key"":""${NCBI_API_KEY}""}",United States,All available; preserve source vintage,publication_citation,"Interventions, medications, treatment duration, comparative effectiveness, outcomes, and safety evidence.","Map current interventions, evidence gaps, safety signals, and treatment-navigation needs.",optional_recommended,NCBI_API_KEY,Use WebEnv/query_key history plus retstart/retmax; retrieve details in batched ESummary/EFetch calls.,Without a key stay at or below 3 requests/second; with a key the default supported limit is 10 requests/second.,PMID,"PMID, PMCID, DOI, NCT number, MeSH terms, publication date",false,https://www.ncbi.nlm.nih.gov/books/NBK25501/,"Do not assume all abstracts or full text are reusable. Capture publication type, retraction/correction status, and linked identifiers."
PUBM-0035,176,P1,evidence_research,NCBI PubMed E-utilities,pubmed,biomedical_citation_database,record_search,GET,https://eutils.ncbi.nlm.nih.gov/entrez/eutils/esearch.fcgi,Lyme disease systematic review,"(""Lyme disease systematic review""[Title/Abstract]) AND humans[MeSH Terms]","{""db"":""pubmed"",""term"":""(\""Lyme disease systematic review\""[Title/Abstract]) AND humans[MeSH Terms]"",""retmode"":""json"",""retmax"":100,""usehistory"":""y"",""sort"":""pub date"",""tool"":""topx_lyme_explorer"",""email"":""${NCBI_EMAIL}"",""api_key"":""${NCBI_API_KEY}""}",United States,All available; preserve source vintage,publication_citation,"Trials, publications, grants, guidelines, study designs, and evidence-quality metadata.","Create a source-grounded evidence layer and identify active experts, studies, and gaps.",optional_recommended,NCBI_API_KEY,Use WebEnv/query_key history plus retstart/retmax; retrieve details in batched ESummary/EFetch calls.,Without a key stay at or below 3 requests/second; with a key the default supported limit is 10 requests/second.,PMID,"PMID, PMCID, DOI, NCT number, MeSH terms, publication date",false,https://www.ncbi.nlm.nih.gov/books/NBK25501/,"Do not assume all abstracts or full text are reusable. Capture publication type, retraction/correction status, and linked identifiers."
PUBM-0036,177,P1,evidence_research,NCBI PubMed E-utilities,pubmed,biomedical_citation_database,record_search,GET,https://eutils.ncbi.nlm.nih.gov/entrez/eutils/esearch.fcgi,Lyme disease randomized trial,"(""Lyme disease randomized trial""[Title/Abstract]) AND humans[MeSH Terms]","{""db"":""pubmed"",""term"":""(\""Lyme disease randomized trial\""[Title/Abstract]) AND humans[MeSH Terms]"",""retmode"":""json"",""retmax"":100,""usehistory"":""y"",""sort"":""pub date"",""tool"":""topx_lyme_explorer"",""email"":""${NCBI_EMAIL}"",""api_key"":""${NCBI_API_KEY}""}",United States,All available; preserve source vintage,publication_citation,"Trials, publications, grants, guidelines, study designs, and evidence-quality metadata.","Create a source-grounded evidence layer and identify active experts, studies, and gaps.",optional_recommended,NCBI_API_KEY,Use WebEnv/query_key history plus retstart/retmax; retrieve details in batched ESummary/EFetch calls.,Without a key stay at or below 3 requests/second; with a key the default supported limit is 10 requests/second.,PMID,"PMID, PMCID, DOI, NCT number, MeSH terms, publication date",false,https://www.ncbi.nlm.nih.gov/books/NBK25501/,"Do not assume all abstracts or full text are reusable. Capture publication type, retraction/correction status, and linked identifiers."
PUBM-0037,178,P1,evidence_research,NCBI PubMed E-utilities,pubmed,biomedical_citation_database,record_search,GET,https://eutils.ncbi.nlm.nih.gov/entrez/eutils/esearch.fcgi,Lyme disease cohort study,"(""Lyme disease cohort study""[Title/Abstract]) AND humans[MeSH Terms]","{""db"":""pubmed"",""term"":""(\""Lyme disease cohort study\""[Title/Abstract]) AND humans[MeSH Terms]"",""retmode"":""json"",""retmax"":100,""usehistory"":""y"",""sort"":""pub date"",""tool"":""topx_lyme_explorer"",""email"":""${NCBI_EMAIL}"",""api_key"":""${NCBI_API_KEY}""}",United States,All available; preserve source vintage,publication_citation,"Trials, publications, grants, guidelines, study designs, and evidence-quality metadata.","Create a source-grounded evidence layer and identify active experts, studies, and gaps.",optional_recommended,NCBI_API_KEY,Use WebEnv/query_key history plus retstart/retmax; retrieve details in batched ESummary/EFetch calls.,Without a key stay at or below 3 requests/second; with a key the default supported limit is 10 requests/second.,PMID,"PMID, PMCID, DOI, NCT number, MeSH terms, publication date",false,https://www.ncbi.nlm.nih.gov/books/NBK25501/,"Do not assume all abstracts or full text are reusable. Capture publication type, retraction/correction status, and linked identifiers."
PUBM-0038,179,P1,evidence_research,NCBI PubMed E-utilities,pubmed,biomedical_citation_database,record_search,GET,https://eutils.ncbi.nlm.nih.gov/entrez/eutils/esearch.fcgi,Lyme disease diagnostic study,"(""Lyme disease diagnostic study""[Title/Abstract]) AND humans[MeSH Terms]","{""db"":""pubmed"",""term"":""(\""Lyme disease diagnostic study\""[Title/Abstract]) AND humans[MeSH Terms]"",""retmode"":""json"",""retmax"":100,""usehistory"":""y"",""sort"":""pub date"",""tool"":""topx_lyme_explorer"",""email"":""${NCBI_EMAIL}"",""api_key"":""${NCBI_API_KEY}""}",United States,All available; preserve source vintage,publication_citation,"Trials, publications, grants, guidelines, study designs, and evidence-quality metadata.","Create a source-grounded evidence layer and identify active experts, studies, and gaps.",optional_recommended,NCBI_API_KEY,Use WebEnv/query_key history plus retstart/retmax; retrieve details in batched ESummary/EFetch calls.,Without a key stay at or below 3 requests/second; with a key the default supported limit is 10 requests/second.,PMID,"PMID, PMCID, DOI, NCT number, MeSH terms, publication date",false,https://www.ncbi.nlm.nih.gov/books/NBK25501/,"Do not assume all abstracts or full text are reusable. Capture publication type, retraction/correction status, and linked identifiers."
PUBM-0039,180,P1,evidence_research,NCBI PubMed E-utilities,pubmed,biomedical_citation_database,record_search,GET,https://eutils.ncbi.nlm.nih.gov/entrez/eutils/esearch.fcgi,Lyme disease clinical guideline,"(""Lyme disease clinical guideline""[Title/Abstract]) AND humans[MeSH Terms]","{""db"":""pubmed"",""term"":""(\""Lyme disease clinical guideline\""[Title/Abstract]) AND humans[MeSH Terms]"",""retmode"":""json"",""retmax"":100,""usehistory"":""y"",""sort"":""pub date"",""tool"":""topx_lyme_explorer"",""email"":""${NCBI_EMAIL}"",""api_key"":""${NCBI_API_KEY}""}",United States,All available; preserve source vintage,publication_citation,"Trials, publications, grants, guidelines, study designs, and evidence-quality metadata.","Create a source-grounded evidence layer and identify active experts, studies, and gaps.",optional_recommended,NCBI_API_KEY,Use WebEnv/query_key history plus retstart/retmax; retrieve details in batched ESummary/EFetch calls.,Without a key stay at or below 3 requests/second; with a key the default supported limit is 10 requests/second.,PMID,"PMID, PMCID, DOI, NCT number, MeSH terms, publication date",false,https://www.ncbi.nlm.nih.gov/books/NBK25501/,"Do not assume all abstracts or full text are reusable. Capture publication type, retraction/correction status, and linked identifiers."
PUBM-0040,181,P1,evidence_research,NCBI PubMed E-utilities,pubmed,biomedical_citation_database,record_search,GET,https://eutils.ncbi.nlm.nih.gov/entrez/eutils/esearch.fcgi,Lyme disease research grant,"(""Lyme disease research grant""[Title/Abstract]) AND humans[MeSH Terms]","{""db"":""pubmed"",""term"":""(\""Lyme disease research grant\""[Title/Abstract]) AND humans[MeSH Terms]"",""retmode"":""json"",""retmax"":100,""usehistory"":""y"",""sort"":""pub date"",""tool"":""topx_lyme_explorer"",""email"":""${NCBI_EMAIL}"",""api_key"":""${NCBI_API_KEY}""}",United States,All available; preserve source vintage,publication_citation,"Trials, publications, grants, guidelines, study designs, and evidence-quality metadata.","Create a source-grounded evidence layer and identify active experts, studies, and gaps.",optional_recommended,NCBI_API_KEY,Use WebEnv/query_key history plus retstart/retmax; retrieve details in batched ESummary/EFetch calls.,Without a key stay at or below 3 requests/second; with a key the default supported limit is 10 requests/second.,PMID,"PMID, PMCID, DOI, NCT number, MeSH terms, publication date",false,https://www.ncbi.nlm.nih.gov/books/NBK25501/,"Do not assume all abstracts or full text are reusable. Capture publication type, retraction/correction status, and linked identifiers."
PMC-0001,182,P1,evidence_research,NCBI PubMed Central E-utilities,pubmed_central,open_access_full_text_archive,record_search,GET,https://eutils.ncbi.nlm.nih.gov/entrez/eutils/esearch.fcgi,Lyme disease systematic review,"(""Lyme disease systematic review""[Title/Abstract]) AND open access[filter]","{""db"":""pmc"",""term"":""(\""Lyme disease systematic review\""[Title/Abstract]) AND open access[filter]"",""retmode"":""json"",""retmax"":100,""usehistory"":""y"",""tool"":""topx_lyme_explorer"",""email"":""${NCBI_EMAIL}"",""api_key"":""${NCBI_API_KEY}""}",United States,All available; preserve source vintage,full_text_article_metadata,"Trials, publications, grants, guidelines, study designs, and evidence-quality metadata.","Create a source-grounded evidence layer and identify active experts, studies, and gaps.",optional_recommended,NCBI_API_KEY,Use history server plus batched ESummary/EFetch retrieval.,Same NCBI E-utilities limits as PubMed.,PMCID; link to PMID/DOI when present,"PMCID, PMID, DOI, NCT number, MeSH terms",false,https://www.ncbi.nlm.nih.gov/books/NBK25501/,Confirm article-specific reuse rights before storing or redistributing full text.
PMC-0002,183,P1,evidence_research,NCBI PubMed Central E-utilities,pubmed_central,open_access_full_text_archive,record_search,GET,https://eutils.ncbi.nlm.nih.gov/entrez/eutils/esearch.fcgi,Lyme disease randomized trial,"(""Lyme disease randomized trial""[Title/Abstract]) AND open access[filter]","{""db"":""pmc"",""term"":""(\""Lyme disease randomized trial\""[Title/Abstract]) AND open access[filter]"",""retmode"":""json"",""retmax"":100,""usehistory"":""y"",""tool"":""topx_lyme_explorer"",""email"":""${NCBI_EMAIL}"",""api_key"":""${NCBI_API_KEY}""}",United States,All available; preserve source vintage,full_text_article_metadata,"Trials, publications, grants, guidelines, study designs, and evidence-quality metadata.","Create a source-grounded evidence layer and identify active experts, studies, and gaps.",optional_recommended,NCBI_API_KEY,Use history server plus batched ESummary/EFetch retrieval.,Same NCBI E-utilities limits as PubMed.,PMCID; link to PMID/DOI when present,"PMCID, PMID, DOI, NCT number, MeSH terms",false,https://www.ncbi.nlm.nih.gov/books/NBK25501/,Confirm article-specific reuse rights before storing or redistributing full text.
PMC-0003,184,P1,evidence_research,NCBI PubMed Central E-utilities,pubmed_central,open_access_full_text_archive,record_search,GET,https://eutils.ncbi.nlm.nih.gov/entrez/eutils/esearch.fcgi,Lyme disease cohort study,"(""Lyme disease cohort study""[Title/Abstract]) AND open access[filter]","{""db"":""pmc"",""term"":""(\""Lyme disease cohort study\""[Title/Abstract]) AND open access[filter]"",""retmode"":""json"",""retmax"":100,""usehistory"":""y"",""tool"":""topx_lyme_explorer"",""email"":""${NCBI_EMAIL}"",""api_key"":""${NCBI_API_KEY}""}",United States,All available; preserve source vintage,full_text_article_metadata,"Trials, publications, grants, guidelines, study designs, and evidence-quality metadata.","Create a source-grounded evidence layer and identify active experts, studies, and gaps.",optional_recommended,NCBI_API_KEY,Use history server plus batched ESummary/EFetch retrieval.,Same NCBI E-utilities limits as PubMed.,PMCID; link to PMID/DOI when present,"PMCID, PMID, DOI, NCT number, MeSH terms",false,https://www.ncbi.nlm.nih.gov/books/NBK25501/,Confirm article-specific reuse rights before storing or redistributing full text.
PMC-0004,185,P1,evidence_research,NCBI PubMed Central E-utilities,pubmed_central,open_access_full_text_archive,record_search,GET,https://eutils.ncbi.nlm.nih.gov/entrez/eutils/esearch.fcgi,Lyme disease diagnostic study,"(""Lyme disease diagnostic study""[Title/Abstract]) AND open access[filter]","{""db"":""pmc"",""term"":""(\""Lyme disease diagnostic study\""[Title/Abstract]) AND open access[filter]"",""retmode"":""json"",""retmax"":100,""usehistory"":""y"",""tool"":""topx_lyme_explorer"",""email"":""${NCBI_EMAIL}"",""api_key"":""${NCBI_API_KEY}""}",United States,All available; preserve source vintage,full_text_article_metadata,"Trials, publications, grants, guidelines, study designs, and evidence-quality metadata.","Create a source-grounded evidence layer and identify active experts, studies, and gaps.",optional_recommended,NCBI_API_KEY,Use history server plus batched ESummary/EFetch retrieval.,Same NCBI E-utilities limits as PubMed.,PMCID; link to PMID/DOI when present,"PMCID, PMID, DOI, NCT number, MeSH terms",false,https://www.ncbi.nlm.nih.gov/books/NBK25501/,Confirm article-specific reuse rights before storing or redistributing full text.
PMC-0005,186,P1,evidence_research,NCBI PubMed Central E-utilities,pubmed_central,open_access_full_text_archive,record_search,GET,https://eutils.ncbi.nlm.nih.gov/entrez/eutils/esearch.fcgi,Lyme disease clinical guideline,"(""Lyme disease clinical guideline""[Title/Abstract]) AND open access[filter]","{""db"":""pmc"",""term"":""(\""Lyme disease clinical guideline\""[Title/Abstract]) AND open access[filter]"",""retmode"":""json"",""retmax"":100,""usehistory"":""y"",""tool"":""topx_lyme_explorer"",""email"":""${NCBI_EMAIL}"",""api_key"":""${NCBI_API_KEY}""}",United States,All available; preserve source vintage,full_text_article_metadata,"Trials, publications, grants, guidelines, study designs, and evidence-quality metadata.","Create a source-grounded evidence layer and identify active experts, studies, and gaps.",optional_recommended,NCBI_API_KEY,Use history server plus batched ESummary/EFetch retrieval.,Same NCBI E-utilities limits as PubMed.,PMCID; link to PMID/DOI when present,"PMCID, PMID, DOI, NCT number, MeSH terms",false,https://www.ncbi.nlm.nih.gov/books/NBK25501/,Confirm article-specific reuse rights before storing or redistributing full text.
PMC-0006,187,P1,evidence_research,NCBI PubMed Central E-utilities,pubmed_central,open_access_full_text_archive,record_search,GET,https://eutils.ncbi.nlm.nih.gov/entrez/eutils/esearch.fcgi,Lyme disease research grant,"(""Lyme disease research grant""[Title/Abstract]) AND open access[filter]","{""db"":""pmc"",""term"":""(\""Lyme disease research grant\""[Title/Abstract]) AND open access[filter]"",""retmode"":""json"",""retmax"":100,""usehistory"":""y"",""tool"":""topx_lyme_explorer"",""email"":""${NCBI_EMAIL}"",""api_key"":""${NCBI_API_KEY}""}",United States,All available; preserve source vintage,full_text_article_metadata,"Trials, publications, grants, guidelines, study designs, and evidence-quality metadata.","Create a source-grounded evidence layer and identify active experts, studies, and gaps.",optional_recommended,NCBI_API_KEY,Use history server plus batched ESummary/EFetch retrieval.,Same NCBI E-utilities limits as PubMed.,PMCID; link to PMID/DOI when present,"PMCID, PMID, DOI, NCT number, MeSH terms",false,https://www.ncbi.nlm.nih.gov/books/NBK25501/,Confirm article-specific reuse rights before storing or redistributing full text.
PMC-0007,188,P1,evidence_research,NCBI PubMed Central E-utilities,pubmed_central,open_access_full_text_archive,record_search,GET,https://eutils.ncbi.nlm.nih.gov/entrez/eutils/esearch.fcgi,Lyme disease clinical trial,"(""Lyme disease clinical trial""[Title/Abstract]) AND open access[filter]","{""db"":""pmc"",""term"":""(\""Lyme disease clinical trial\""[Title/Abstract]) AND open access[filter]"",""retmode"":""json"",""retmax"":100,""usehistory"":""y"",""tool"":""topx_lyme_explorer"",""email"":""${NCBI_EMAIL}"",""api_key"":""${NCBI_API_KEY}""}",United States,All available; preserve source vintage,full_text_article_metadata,"Trials, publications, grants, guidelines, study designs, and evidence-quality metadata.","Create a source-grounded evidence layer and identify active experts, studies, and gaps.",optional_recommended,NCBI_API_KEY,Use history server plus batched ESummary/EFetch retrieval.,Same NCBI E-utilities limits as PubMed.,PMCID; link to PMID/DOI when present,"PMCID, PMID, DOI, NCT number, MeSH terms",false,https://www.ncbi.nlm.nih.gov/books/NBK25501/,Confirm article-specific reuse rights before storing or redistributing full text.
PMC-0008,189,P1,evidence_research,NCBI PubMed Central E-utilities,pubmed_central,open_access_full_text_archive,record_search,GET,https://eutils.ncbi.nlm.nih.gov/entrez/eutils/esearch.fcgi,Lyme disease patient-reported outcomes,"(""Lyme disease patient-reported outcomes""[Title/Abstract]) AND open access[filter]","{""db"":""pmc"",""term"":""(\""Lyme disease patient-reported outcomes\""[Title/Abstract]) AND open access[filter]"",""retmode"":""json"",""retmax"":100,""usehistory"":""y"",""tool"":""topx_lyme_explorer"",""email"":""${NCBI_EMAIL}"",""api_key"":""${NCBI_API_KEY}""}",United States,All available; preserve source vintage,full_text_article_metadata,"Trials, publications, grants, guidelines, study designs, and evidence-quality metadata.","Create a source-grounded evidence layer and identify active experts, studies, and gaps.",optional_recommended,NCBI_API_KEY,Use history server plus batched ESummary/EFetch retrieval.,Same NCBI E-utilities limits as PubMed.,PMCID; link to PMID/DOI when present,"PMCID, PMID, DOI, NCT number, MeSH terms",false,https://www.ncbi.nlm.nih.gov/books/NBK25501/,Confirm article-specific reuse rights before storing or redistributing full text.
PMC-0009,190,P1,diagnosis_testing,NCBI PubMed Central E-utilities,pubmed_central,open_access_full_text_archive,record_search,GET,https://eutils.ncbi.nlm.nih.gov/entrez/eutils/esearch.fcgi,Lyme disease diagnosis,"(""Lyme disease diagnosis""[Title/Abstract]) AND open access[filter]","{""db"":""pmc"",""term"":""(\""Lyme disease diagnosis\""[Title/Abstract]) AND open access[filter]"",""retmode"":""json"",""retmax"":100,""usehistory"":""y"",""tool"":""topx_lyme_explorer"",""email"":""${NCBI_EMAIL}"",""api_key"":""${NCBI_API_KEY}""}",United States,All available; preserve source vintage,full_text_article_metadata,"Diagnostic tests, accuracy evidence, biomarkers, delays, false results, and differential-diagnosis resources.","Map diagnostic failure modes and candidate opportunities for faster, clearer testing and interpretation.",optional_recommended,NCBI_API_KEY,Use history server plus batched ESummary/EFetch retrieval.,Same NCBI E-utilities limits as PubMed.,PMCID; link to PMID/DOI when present,"PMCID, PMID, DOI, NCT number, MeSH terms",false,https://www.ncbi.nlm.nih.gov/books/NBK25501/,Confirm article-specific reuse rights before storing or redistributing full text.
PMC-0010,191,P1,diagnosis_testing,NCBI PubMed Central E-utilities,pubmed_central,open_access_full_text_archive,record_search,GET,https://eutils.ncbi.nlm.nih.gov/entrez/eutils/esearch.fcgi,diagnostic delay Lyme disease,"(""diagnostic delay Lyme disease""[Title/Abstract]) AND open access[filter]","{""db"":""pmc"",""term"":""(\""diagnostic delay Lyme disease\""[Title/Abstract]) AND open access[filter]"",""retmode"":""json"",""retmax"":100,""usehistory"":""y"",""tool"":""topx_lyme_explorer"",""email"":""${NCBI_EMAIL}"",""api_key"":""${NCBI_API_KEY}""}",United States,All available; preserve source vintage,full_text_article_metadata,"Diagnostic tests, accuracy evidence, biomarkers, delays, false results, and differential-diagnosis resources.","Map diagnostic failure modes and candidate opportunities for faster, clearer testing and interpretation.",optional_recommended,NCBI_API_KEY,Use history server plus batched ESummary/EFetch retrieval.,Same NCBI E-utilities limits as PubMed.,PMCID; link to PMID/DOI when present,"PMCID, PMID, DOI, NCT number, MeSH terms",false,https://www.ncbi.nlm.nih.gov/books/NBK25501/,Confirm article-specific reuse rights before storing or redistributing full text.
PMC-0011,192,P1,diagnosis_testing,NCBI PubMed Central E-utilities,pubmed_central,open_access_full_text_archive,record_search,GET,https://eutils.ncbi.nlm.nih.gov/entrez/eutils/esearch.fcgi,delayed diagnosis tickborne disease,"(""delayed diagnosis tickborne disease""[Title/Abstract]) AND open access[filter]","{""db"":""pmc"",""term"":""(\""delayed diagnosis tickborne disease\""[Title/Abstract]) AND open access[filter]"",""retmode"":""json"",""retmax"":100,""usehistory"":""y"",""tool"":""topx_lyme_explorer"",""email"":""${NCBI_EMAIL}"",""api_key"":""${NCBI_API_KEY}""}",United States,All available; preserve source vintage,full_text_article_metadata,"Diagnostic tests, accuracy evidence, biomarkers, delays, false results, and differential-diagnosis resources.","Map diagnostic failure modes and candidate opportunities for faster, clearer testing and interpretation.",optional_recommended,NCBI_API_KEY,Use history server plus batched ESummary/EFetch retrieval.,Same NCBI E-utilities limits as PubMed.,PMCID; link to PMID/DOI when present,"PMCID, PMID, DOI, NCT number, MeSH terms",false,https://www.ncbi.nlm.nih.gov/books/NBK25501/,Confirm article-specific reuse rights before storing or redistributing full text.
PMC-0012,193,P1,diagnosis_testing,NCBI PubMed Central E-utilities,pubmed_central,open_access_full_text_archive,record_search,GET,https://eutils.ncbi.nlm.nih.gov/entrez/eutils/esearch.fcgi,Lyme disease misdiagnosis,"(""Lyme disease misdiagnosis""[Title/Abstract]) AND open access[filter]","{""db"":""pmc"",""term"":""(\""Lyme disease misdiagnosis\""[Title/Abstract]) AND open access[filter]"",""retmode"":""json"",""retmax"":100,""usehistory"":""y"",""tool"":""topx_lyme_explorer"",""email"":""${NCBI_EMAIL}"",""api_key"":""${NCBI_API_KEY}""}",United States,All available; preserve source vintage,full_text_article_metadata,"Diagnostic tests, accuracy evidence, biomarkers, delays, false results, and differential-diagnosis resources.","Map diagnostic failure modes and candidate opportunities for faster, clearer testing and interpretation.",optional_recommended,NCBI_API_KEY,Use history server plus batched ESummary/EFetch retrieval.,Same NCBI E-utilities limits as PubMed.,PMCID; link to PMID/DOI when present,"PMCID, PMID, DOI, NCT number, MeSH terms",false,https://www.ncbi.nlm.nih.gov/books/NBK25501/,Confirm article-specific reuse rights before storing or redistributing full text.
PMC-0013,194,P1,symptoms_outcomes,NCBI PubMed Central E-utilities,pubmed_central,open_access_full_text_archive,record_search,GET,https://eutils.ncbi.nlm.nih.gov/entrez/eutils/esearch.fcgi,Lyme disease fatigue,"(""Lyme disease fatigue""[Title/Abstract]) AND open access[filter]","{""db"":""pmc"",""term"":""(\""Lyme disease fatigue\""[Title/Abstract]) AND open access[filter]"",""retmode"":""json"",""retmax"":100,""usehistory"":""y"",""tool"":""topx_lyme_explorer"",""email"":""${NCBI_EMAIL}"",""api_key"":""${NCBI_API_KEY}""}",United States,All available; preserve source vintage,full_text_article_metadata,"Symptoms, complications, disability, utilization, and patient-reported outcome information.",Characterize patient burden and prioritize outcomes a Phase 1 concept should improve.,optional_recommended,NCBI_API_KEY,Use history server plus batched ESummary/EFetch retrieval.,Same NCBI E-utilities limits as PubMed.,PMCID; link to PMID/DOI when present,"PMCID, PMID, DOI, NCT number, MeSH terms",false,https://www.ncbi.nlm.nih.gov/books/NBK25501/,Confirm article-specific reuse rights before storing or redistributing full text.
PMC-0014,195,P1,symptoms_outcomes,NCBI PubMed Central E-utilities,pubmed_central,open_access_full_text_archive,record_search,GET,https://eutils.ncbi.nlm.nih.gov/entrez/eutils/esearch.fcgi,Lyme disease cognitive symptoms,"(""Lyme disease cognitive symptoms""[Title/Abstract]) AND open access[filter]","{""db"":""pmc"",""term"":""(\""Lyme disease cognitive symptoms\""[Title/Abstract]) AND open access[filter]"",""retmode"":""json"",""retmax"":100,""usehistory"":""y"",""tool"":""topx_lyme_explorer"",""email"":""${NCBI_EMAIL}"",""api_key"":""${NCBI_API_KEY}""}",United States,All available; preserve source vintage,full_text_article_metadata,"Symptoms, complications, disability, utilization, and patient-reported outcome information.",Characterize patient burden and prioritize outcomes a Phase 1 concept should improve.,optional_recommended,NCBI_API_KEY,Use history server plus batched ESummary/EFetch retrieval.,Same NCBI E-utilities limits as PubMed.,PMCID; link to PMID/DOI when present,"PMCID, PMID, DOI, NCT number, MeSH terms",false,https://www.ncbi.nlm.nih.gov/books/NBK25501/,Confirm article-specific reuse rights before storing or redistributing full text.
PMC-0015,196,P1,symptoms_outcomes,NCBI PubMed Central E-utilities,pubmed_central,open_access_full_text_archive,record_search,GET,https://eutils.ncbi.nlm.nih.gov/entrez/eutils/esearch.fcgi,Lyme disease brain fog,"(""Lyme disease brain fog""[Title/Abstract]) AND open access[filter]","{""db"":""pmc"",""term"":""(\""Lyme disease brain fog\""[Title/Abstract]) AND open access[filter]"",""retmode"":""json"",""retmax"":100,""usehistory"":""y"",""tool"":""topx_lyme_explorer"",""email"":""${NCBI_EMAIL}"",""api_key"":""${NCBI_API_KEY}""}",United States,All available; preserve source vintage,full_text_article_metadata,"Symptoms, complications, disability, utilization, and patient-reported outcome information.",Characterize patient burden and prioritize outcomes a Phase 1 concept should improve.,optional_recommended,NCBI_API_KEY,Use history server plus batched ESummary/EFetch retrieval.,Same NCBI E-utilities limits as PubMed.,PMCID; link to PMID/DOI when present,"PMCID, PMID, DOI, NCT number, MeSH terms",false,https://www.ncbi.nlm.nih.gov/books/NBK25501/,Confirm article-specific reuse rights before storing or redistributing full text.
NIHR-0001,197,P0,disease_core,NIH RePORTER API v2,nih_reporter,research_grant_portfolio,record_search,POST,https://api.reporter.nih.gov/v2/projects/search,Lyme disease,Lyme disease,"{""criteria"":{""advanced_text_search"":{""operator"":""and"",""search_field"":""projecttitle,terms,abstracttext"",""search_text"":""Lyme disease""},""include_active_projects"":true,""exclude_subprojects"":true,""use_relevance"":true},""offset"":0,""limit"":500,""sort_field"":""award_notice_date"",""sort_order"":""desc""}",United States,All available; preserve source vintage,funded_research_project,"Core disease, pathogen, vector, and syndrome records that define the Lyme problem space.",Build the disease/pathogen terminology graph and identify authoritative baseline datasets.,none,,"Increase offset by limit; maximum project offset is constrained, so split broad searches by fiscal year if needed.",No API key is documented; avoid parallel scraping and prefer bulk export for very large retrievals.,application_id or project number + fiscal year,"project number, application id, PMID, organization, investigator, FIPS, fiscal year",false,https://api.reporter.nih.gov/,"Funding is not evidence that a hypothesis is validated. Preserve project dates, award amounts, investigators, organizations, and public-health relevance."
NIHR-0002,198,P0,disease_core,NIH RePORTER API v2,nih_reporter,research_grant_portfolio,record_search,POST,https://api.reporter.nih.gov/v2/projects/search,Lyme borreliosis,Lyme borreliosis,"{""criteria"":{""advanced_text_search"":{""operator"":""and"",""search_field"":""projecttitle,terms,abstracttext"",""search_text"":""Lyme borreliosis""},""include_active_projects"":true,""exclude_subprojects"":true,""use_relevance"":true},""offset"":0,""limit"":500,""sort_field"":""award_notice_date"",""sort_order"":""desc""}",United States,All available; preserve source vintage,funded_research_project,"Core disease, pathogen, vector, and syndrome records that define the Lyme problem space.",Build the disease/pathogen terminology graph and identify authoritative baseline datasets.,none,,"Increase offset by limit; maximum project offset is constrained, so split broad searches by fiscal year if needed.",No API key is documented; avoid parallel scraping and prefer bulk export for very large retrievals.,application_id or project number + fiscal year,"project number, application id, PMID, organization, investigator, FIPS, fiscal year",false,https://api.reporter.nih.gov/,"Funding is not evidence that a hypothesis is validated. Preserve project dates, award amounts, investigators, organizations, and public-health relevance."
NIHR-0003,199,P0,disease_core,NIH RePORTER API v2,nih_reporter,research_grant_portfolio,record_search,POST,https://api.reporter.nih.gov/v2/projects/search,Borrelia burgdorferi,Borrelia burgdorferi,"{""criteria"":{""advanced_text_search"":{""operator"":""and"",""search_field"":""projecttitle,terms,abstracttext"",""search_text"":""Borrelia burgdorferi""},""include_active_projects"":true,""exclude_subprojects"":true,""use_relevance"":true},""offset"":0,""limit"":500,""sort_field"":""award_notice_date"",""sort_order"":""desc""}",United States,All available; preserve source vintage,funded_research_project,"Core disease, pathogen, vector, and syndrome records that define the Lyme problem space.",Build the disease/pathogen terminology graph and identify authoritative baseline datasets.,none,,"Increase offset by limit; maximum project offset is constrained, so split broad searches by fiscal year if needed.",No API key is documented; avoid parallel scraping and prefer bulk export for very large retrievals.,application_id or project number + fiscal year,"project number, application id, PMID, organization, investigator, FIPS, fiscal year",false,https://api.reporter.nih.gov/,"Funding is not evidence that a hypothesis is validated. Preserve project dates, award amounts, investigators, organizations, and public-health relevance."
NIHR-0004,200,P0,disease_core,NIH RePORTER API v2,nih_reporter,research_grant_portfolio,record_search,POST,https://api.reporter.nih.gov/v2/projects/search,Borrelia mayonii,Borrelia mayonii,"{""criteria"":{""advanced_text_search"":{""operator"":""and"",""search_field"":""projecttitle,terms,abstracttext"",""search_text"":""Borrelia mayonii""},""include_active_projects"":true,""exclude_subprojects"":true,""use_relevance"":true},""offset"":0,""limit"":500,""sort_field"":""award_notice_date"",""sort_order"":""desc""}",United States,All available; preserve source vintage,funded_research_project,"Core disease, pathogen, vector, and syndrome records that define the Lyme problem space.",Build the disease/pathogen terminology graph and identify authoritative baseline datasets.,none,,"Increase offset by limit; maximum project offset is constrained, so split broad searches by fiscal year if needed.",No API key is documented; avoid parallel scraping and prefer bulk export for very large retrievals.,application_id or project number + fiscal year,"project number, application id, PMID, organization, investigator, FIPS, fiscal year",false,https://api.reporter.nih.gov/,"Funding is not evidence that a hypothesis is validated. Preserve project dates, award amounts, investigators, organizations, and public-health relevance."
NIHR-0005,201,P0,disease_core,NIH RePORTER API v2,nih_reporter,research_grant_portfolio,record_search,POST,https://api.reporter.nih.gov/v2/projects/search,Borrelia miyamotoi,Borrelia miyamotoi,"{""criteria"":{""advanced_text_search"":{""operator"":""and"",""search_field"":""projecttitle,terms,abstracttext"",""search_text"":""Borrelia miyamotoi""},""include_active_projects"":true,""exclude_subprojects"":true,""use_relevance"":true},""offset"":0,""limit"":500,""sort_field"":""award_notice_date"",""sort_order"":""desc""}",United States,All available; preserve source vintage,funded_research_project,"Core disease, pathogen, vector, and syndrome records that define the Lyme problem space.",Build the disease/pathogen terminology graph and identify authoritative baseline datasets.,none,,"Increase offset by limit; maximum project offset is constrained, so split broad searches by fiscal year if needed.",No API key is documented; avoid parallel scraping and prefer bulk export for very large retrievals.,application_id or project number + fiscal year,"project number, application id, PMID, organization, investigator, FIPS, fiscal year",false,https://api.reporter.nih.gov/,"Funding is not evidence that a hypothesis is validated. Preserve project dates, award amounts, investigators, organizations, and public-health relevance."
NIHR-0006,202,P0,disease_core,NIH RePORTER API v2,nih_reporter,research_grant_portfolio,record_search,POST,https://api.reporter.nih.gov/v2/projects/search,tickborne disease,tickborne disease,"{""criteria"":{""advanced_text_search"":{""operator"":""and"",""search_field"":""projecttitle,terms,abstracttext"",""search_text"":""tickborne disease""},""include_active_projects"":true,""exclude_subprojects"":true,""use_relevance"":true},""offset"":0,""limit"":500,""sort_field"":""award_notice_date"",""sort_order"":""desc""}",United States,All available; preserve source vintage,funded_research_project,"Core disease, pathogen, vector, and syndrome records that define the Lyme problem space.",Build the disease/pathogen terminology graph and identify authoritative baseline datasets.,none,,"Increase offset by limit; maximum project offset is constrained, so split broad searches by fiscal year if needed.",No API key is documented; avoid parallel scraping and prefer bulk export for very large retrievals.,application_id or project number + fiscal year,"project number, application id, PMID, organization, investigator, FIPS, fiscal year",false,https://api.reporter.nih.gov/,"Funding is not evidence that a hypothesis is validated. Preserve project dates, award amounts, investigators, organizations, and public-health relevance."
NIHR-0007,203,P0,disease_core,NIH RePORTER API v2,nih_reporter,research_grant_portfolio,record_search,POST,https://api.reporter.nih.gov/v2/projects/search,blacklegged tick,blacklegged tick,"{""criteria"":{""advanced_text_search"":{""operator"":""and"",""search_field"":""projecttitle,terms,abstracttext"",""search_text"":""blacklegged tick""},""include_active_projects"":true,""exclude_subprojects"":true,""use_relevance"":true},""offset"":0,""limit"":500,""sort_field"":""award_notice_date"",""sort_order"":""desc""}",United States,All available; preserve source vintage,funded_research_project,"Core disease, pathogen, vector, and syndrome records that define the Lyme problem space.",Build the disease/pathogen terminology graph and identify authoritative baseline datasets.,none,,"Increase offset by limit; maximum project offset is constrained, so split broad searches by fiscal year if needed.",No API key is documented; avoid parallel scraping and prefer bulk export for very large retrievals.,application_id or project number + fiscal year,"project number, application id, PMID, organization, investigator, FIPS, fiscal year",false,https://api.reporter.nih.gov/,"Funding is not evidence that a hypothesis is validated. Preserve project dates, award amounts, investigators, organizations, and public-health relevance."
NIHR-0008,204,P0,diagnosis_testing,NIH RePORTER API v2,nih_reporter,research_grant_portfolio,record_search,POST,https://api.reporter.nih.gov/v2/projects/search,Lyme disease diagnosis,Lyme disease diagnosis,"{""criteria"":{""advanced_text_search"":{""operator"":""and"",""search_field"":""projecttitle,terms,abstracttext"",""search_text"":""Lyme disease diagnosis""},""include_active_projects"":true,""exclude_subprojects"":true,""use_relevance"":true},""offset"":0,""limit"":500,""sort_field"":""award_notice_date"",""sort_order"":""desc""}",United States,All available; preserve source vintage,funded_research_project,"Diagnostic tests, accuracy evidence, biomarkers, delays, false results, and differential-diagnosis resources.","Map diagnostic failure modes and candidate opportunities for faster, clearer testing and interpretation.",none,,"Increase offset by limit; maximum project offset is constrained, so split broad searches by fiscal year if needed.",No API key is documented; avoid parallel scraping and prefer bulk export for very large retrievals.,application_id or project number + fiscal year,"project number, application id, PMID, organization, investigator, FIPS, fiscal year",false,https://api.reporter.nih.gov/,"Funding is not evidence that a hypothesis is validated. Preserve project dates, award amounts, investigators, organizations, and public-health relevance."
NIHR-0009,205,P0,diagnosis_testing,NIH RePORTER API v2,nih_reporter,research_grant_portfolio,record_search,POST,https://api.reporter.nih.gov/v2/projects/search,diagnostic delay Lyme disease,diagnostic delay Lyme disease,"{""criteria"":{""advanced_text_search"":{""operator"":""and"",""search_field"":""projecttitle,terms,abstracttext"",""search_text"":""diagnostic delay Lyme disease""},""include_active_projects"":true,""exclude_subprojects"":true,""use_relevance"":true},""offset"":0,""limit"":500,""sort_field"":""award_notice_date"",""sort_order"":""desc""}",United States,All available; preserve source vintage,funded_research_project,"Diagnostic tests, accuracy evidence, biomarkers, delays, false results, and differential-diagnosis resources.","Map diagnostic failure modes and candidate opportunities for faster, clearer testing and interpretation.",none,,"Increase offset by limit; maximum project offset is constrained, so split broad searches by fiscal year if needed.",No API key is documented; avoid parallel scraping and prefer bulk export for very large retrievals.,application_id or project number + fiscal year,"project number, application id, PMID, organization, investigator, FIPS, fiscal year",false,https://api.reporter.nih.gov/,"Funding is not evidence that a hypothesis is validated. Preserve project dates, award amounts, investigators, organizations, and public-health relevance."
NIHR-0010,206,P0,diagnosis_testing,NIH RePORTER API v2,nih_reporter,research_grant_portfolio,record_search,POST,https://api.reporter.nih.gov/v2/projects/search,delayed diagnosis tickborne disease,delayed diagnosis tickborne disease,"{""criteria"":{""advanced_text_search"":{""operator"":""and"",""search_field"":""projecttitle,terms,abstracttext"",""search_text"":""delayed diagnosis tickborne disease""},""include_active_projects"":true,""exclude_subprojects"":true,""use_relevance"":true},""offset"":0,""limit"":500,""sort_field"":""award_notice_date"",""sort_order"":""desc""}",United States,All available; preserve source vintage,funded_research_project,"Diagnostic tests, accuracy evidence, biomarkers, delays, false results, and differential-diagnosis resources.","Map diagnostic failure modes and candidate opportunities for faster, clearer testing and interpretation.",none,,"Increase offset by limit; maximum project offset is constrained, so split broad searches by fiscal year if needed.",No API key is documented; avoid parallel scraping and prefer bulk export for very large retrievals.,application_id or project number + fiscal year,"project number, application id, PMID, organization, investigator, FIPS, fiscal year",false,https://api.reporter.nih.gov/,"Funding is not evidence that a hypothesis is validated. Preserve project dates, award amounts, investigators, organizations, and public-health relevance."
NIHR-0011,207,P1,diagnosis_testing,NIH RePORTER API v2,nih_reporter,research_grant_portfolio,record_search,POST,https://api.reporter.nih.gov/v2/projects/search,Lyme disease misdiagnosis,Lyme disease misdiagnosis,"{""criteria"":{""advanced_text_search"":{""operator"":""and"",""search_field"":""projecttitle,terms,abstracttext"",""search_text"":""Lyme disease misdiagnosis""},""include_active_projects"":true,""exclude_subprojects"":true,""use_relevance"":true},""offset"":0,""limit"":500,""sort_field"":""award_notice_date"",""sort_order"":""desc""}",United States,All available; preserve source vintage,funded_research_project,"Diagnostic tests, accuracy evidence, biomarkers, delays, false results, and differential-diagnosis resources.","Map diagnostic failure modes and candidate opportunities for faster, clearer testing and interpretation.",none,,"Increase offset by limit; maximum project offset is constrained, so split broad searches by fiscal year if needed.",No API key is documented; avoid parallel scraping and prefer bulk export for very large retrievals.,application_id or project number + fiscal year,"project number, application id, PMID, organization, investigator, FIPS, fiscal year",false,https://api.reporter.nih.gov/,"Funding is not evidence that a hypothesis is validated. Preserve project dates, award amounts, investigators, organizations, and public-health relevance."
NIHR-0012,208,P1,diagnosis_testing,NIH RePORTER API v2,nih_reporter,research_grant_portfolio,record_search,POST,https://api.reporter.nih.gov/v2/projects/search,Lyme disease differential diagnosis,Lyme disease differential diagnosis,"{""criteria"":{""advanced_text_search"":{""operator"":""and"",""search_field"":""projecttitle,terms,abstracttext"",""search_text"":""Lyme disease differential diagnosis""},""include_active_projects"":true,""exclude_subprojects"":true,""use_relevance"":true},""offset"":0,""limit"":500,""sort_field"":""award_notice_date"",""sort_order"":""desc""}",United States,All available; preserve source vintage,funded_research_project,"Diagnostic tests, accuracy evidence, biomarkers, delays, false results, and differential-diagnosis resources.","Map diagnostic failure modes and candidate opportunities for faster, clearer testing and interpretation.",none,,"Increase offset by limit; maximum project offset is constrained, so split broad searches by fiscal year if needed.",No API key is documented; avoid parallel scraping and prefer bulk export for very large retrievals.,application_id or project number + fiscal year,"project number, application id, PMID, organization, investigator, FIPS, fiscal year",false,https://api.reporter.nih.gov/,"Funding is not evidence that a hypothesis is validated. Preserve project dates, award amounts, investigators, organizations, and public-health relevance."
NIHR-0013,209,P1,treatment,NIH RePORTER API v2,nih_reporter,research_grant_portfolio,record_search,POST,https://api.reporter.nih.gov/v2/projects/search,Lyme disease treatment,Lyme disease treatment,"{""criteria"":{""advanced_text_search"":{""operator"":""and"",""search_field"":""projecttitle,terms,abstracttext"",""search_text"":""Lyme disease treatment""},""include_active_projects"":true,""exclude_subprojects"":true,""use_relevance"":true},""offset"":0,""limit"":500,""sort_field"":""award_notice_date"",""sort_order"":""desc""}",United States,All available; preserve source vintage,funded_research_project,"Interventions, medications, treatment duration, comparative effectiveness, outcomes, and safety evidence.","Map current interventions, evidence gaps, safety signals, and treatment-navigation needs.",none,,"Increase offset by limit; maximum project offset is constrained, so split broad searches by fiscal year if needed.",No API key is documented; avoid parallel scraping and prefer bulk export for very large retrievals.,application_id or project number + fiscal year,"project number, application id, PMID, organization, investigator, FIPS, fiscal year",false,https://api.reporter.nih.gov/,"Funding is not evidence that a hypothesis is validated. Preserve project dates, award amounts, investigators, organizations, and public-health relevance."
NIHR-0014,210,P1,treatment,NIH RePORTER API v2,nih_reporter,research_grant_portfolio,record_search,POST,https://api.reporter.nih.gov/v2/projects/search,doxycycline Lyme disease,doxycycline Lyme disease,"{""criteria"":{""advanced_text_search"":{""operator"":""and"",""search_field"":""projecttitle,terms,abstracttext"",""search_text"":""doxycycline Lyme disease""},""include_active_projects"":true,""exclude_subprojects"":true,""use_relevance"":true},""offset"":0,""limit"":500,""sort_field"":""award_notice_date"",""sort_order"":""desc""}",United States,All available; preserve source vintage,funded_research_project,"Interventions, medications, treatment duration, comparative effectiveness, outcomes, and safety evidence.","Map current interventions, evidence gaps, safety signals, and treatment-navigation needs.",none,,"Increase offset by limit; maximum project offset is constrained, so split broad searches by fiscal year if needed.",No API key is documented; avoid parallel scraping and prefer bulk export for very large retrievals.,application_id or project number + fiscal year,"project number, application id, PMID, organization, investigator, FIPS, fiscal year",false,https://api.reporter.nih.gov/,"Funding is not evidence that a hypothesis is validated. Preserve project dates, award amounts, investigators, organizations, and public-health relevance."
NIHR-0015,211,P1,treatment,NIH RePORTER API v2,nih_reporter,research_grant_portfolio,record_search,POST,https://api.reporter.nih.gov/v2/projects/search,amoxicillin Lyme disease,amoxicillin Lyme disease,"{""criteria"":{""advanced_text_search"":{""operator"":""and"",""search_field"":""projecttitle,terms,abstracttext"",""search_text"":""amoxicillin Lyme disease""},""include_active_projects"":true,""exclude_subprojects"":true,""use_relevance"":true},""offset"":0,""limit"":500,""sort_field"":""award_notice_date"",""sort_order"":""desc""}",United States,All available; preserve source vintage,funded_research_project,"Interventions, medications, treatment duration, comparative effectiveness, outcomes, and safety evidence.","Map current interventions, evidence gaps, safety signals, and treatment-navigation needs.",none,,"Increase offset by limit; maximum project offset is constrained, so split broad searches by fiscal year if needed.",No API key is documented; avoid parallel scraping and prefer bulk export for very large retrievals.,application_id or project number + fiscal year,"project number, application id, PMID, organization, investigator, FIPS, fiscal year",false,https://api.reporter.nih.gov/,"Funding is not evidence that a hypothesis is validated. Preserve project dates, award amounts, investigators, organizations, and public-health relevance."
NIHR-0016,212,P1,ecology_climate,NIH RePORTER API v2,nih_reporter,research_grant_portfolio,record_search,POST,https://api.reporter.nih.gov/v2/projects/search,Lyme disease climate,Lyme disease climate,"{""criteria"":{""advanced_text_search"":{""operator"":""and"",""search_field"":""projecttitle,terms,abstracttext"",""search_text"":""Lyme disease climate""},""include_active_projects"":true,""exclude_subprojects"":true,""use_relevance"":true},""offset"":0,""limit"":500,""sort_field"":""award_notice_date"",""sort_order"":""desc""}",United States,All available; preserve source vintage,funded_research_project,"Tick ecology, weather, climate, habitat, land-cover, hosts, and geographic-risk features.",Construct environmental context and risk features without treating correlation as causation.,none,,"Increase offset by limit; maximum project offset is constrained, so split broad searches by fiscal year if needed.",No API key is documented; avoid parallel scraping and prefer bulk export for very large retrievals.,application_id or project number + fiscal year,"project number, application id, PMID, organization, investigator, FIPS, fiscal year",false,https://api.reporter.nih.gov/,"Funding is not evidence that a hypothesis is validated. Preserve project dates, award amounts, investigators, organizations, and public-health relevance."
NIHR-0017,213,P1,ecology_climate,NIH RePORTER API v2,nih_reporter,research_grant_portfolio,record_search,POST,https://api.reporter.nih.gov/v2/projects/search,tick habitat,tick habitat,"{""criteria"":{""advanced_text_search"":{""operator"":""and"",""search_field"":""projecttitle,terms,abstracttext"",""search_text"":""tick habitat""},""include_active_projects"":true,""exclude_subprojects"":true,""use_relevance"":true},""offset"":0,""limit"":500,""sort_field"":""award_notice_date"",""sort_order"":""desc""}",United States,All available; preserve source vintage,funded_research_project,"Tick ecology, weather, climate, habitat, land-cover, hosts, and geographic-risk features.",Construct environmental context and risk features without treating correlation as causation.,none,,"Increase offset by limit; maximum project offset is constrained, so split broad searches by fiscal year if needed.",No API key is documented; avoid parallel scraping and prefer bulk export for very large retrievals.,application_id or project number + fiscal year,"project number, application id, PMID, organization, investigator, FIPS, fiscal year",false,https://api.reporter.nih.gov/,"Funding is not evidence that a hypothesis is validated. Preserve project dates, award amounts, investigators, organizations, and public-health relevance."
NIHR-0018,214,P1,ecology_climate,NIH RePORTER API v2,nih_reporter,research_grant_portfolio,record_search,POST,https://api.reporter.nih.gov/v2/projects/search,blacklegged tick habitat,blacklegged tick habitat,"{""criteria"":{""advanced_text_search"":{""operator"":""and"",""search_field"":""projecttitle,terms,abstracttext"",""search_text"":""blacklegged tick habitat""},""include_active_projects"":true,""exclude_subprojects"":true,""use_relevance"":true},""offset"":0,""limit"":500,""sort_field"":""award_notice_date"",""sort_order"":""desc""}",United States,All available; preserve source vintage,funded_research_project,"Tick ecology, weather, climate, habitat, land-cover, hosts, and geographic-risk features.",Construct environmental context and risk features without treating correlation as causation.,none,,"Increase offset by limit; maximum project offset is constrained, so split broad searches by fiscal year if needed.",No API key is documented; avoid parallel scraping and prefer bulk export for very large retrievals.,application_id or project number + fiscal year,"project number, application id, PMID, organization, investigator, FIPS, fiscal year",false,https://api.reporter.nih.gov/,"Funding is not evidence that a hypothesis is validated. Preserve project dates, award amounts, investigators, organizations, and public-health relevance."
NIHR-0019,215,P1,evidence_research,NIH RePORTER API v2,nih_reporter,research_grant_portfolio,record_search,POST,https://api.reporter.nih.gov/v2/projects/search,Lyme disease research grant,Lyme disease research grant,"{""criteria"":{""advanced_text_search"":{""operator"":""and"",""search_field"":""projecttitle,terms,abstracttext"",""search_text"":""Lyme disease research grant""},""include_active_projects"":true,""exclude_subprojects"":true,""use_relevance"":true},""offset"":0,""limit"":500,""sort_field"":""award_notice_date"",""sort_order"":""desc""}",United States,All available; preserve source vintage,funded_research_project,"Trials, publications, grants, guidelines, study designs, and evidence-quality metadata.","Create a source-grounded evidence layer and identify active experts, studies, and gaps.",none,,"Increase offset by limit; maximum project offset is constrained, so split broad searches by fiscal year if needed.",No API key is documented; avoid parallel scraping and prefer bulk export for very large retrievals.,application_id or project number + fiscal year,"project number, application id, PMID, organization, investigator, FIPS, fiscal year",false,https://api.reporter.nih.gov/,"Funding is not evidence that a hypothesis is validated. Preserve project dates, award amounts, investigators, organizations, and public-health relevance."
NIHR-0020,216,P1,evidence_research,NIH RePORTER API v2,nih_reporter,research_grant_portfolio,record_search,POST,https://api.reporter.nih.gov/v2/projects/search,Lyme disease clinical trial,Lyme disease clinical trial,"{""criteria"":{""advanced_text_search"":{""operator"":""and"",""search_field"":""projecttitle,terms,abstracttext"",""search_text"":""Lyme disease clinical trial""},""include_active_projects"":true,""exclude_subprojects"":true,""use_relevance"":true},""offset"":0,""limit"":500,""sort_field"":""award_notice_date"",""sort_order"":""desc""}",United States,All available; preserve source vintage,funded_research_project,"Trials, publications, grants, guidelines, study designs, and evidence-quality metadata.","Create a source-grounded evidence layer and identify active experts, studies, and gaps.",none,,"Increase offset by limit; maximum project offset is constrained, so split broad searches by fiscal year if needed.",No API key is documented; avoid parallel scraping and prefer bulk export for very large retrievals.,application_id or project number + fiscal year,"project number, application id, PMID, organization, investigator, FIPS, fiscal year",false,https://api.reporter.nih.gov/,"Funding is not evidence that a hypothesis is validated. Preserve project dates, award amounts, investigators, organizations, and public-health relevance."
CMSD-0001,217,P1,care_access,CMS Data Catalog,cms_data,healthcare_provider_utilization_quality_catalog,catalog_search,GET,https://data.cms.gov/,Lyme disease utilization,Lyme disease utilization,"{""catalog_search_term"":""Lyme disease utilization"",""follow_access_api_link"":true}",United States,All available; preserve source vintage,dataset_metadata,"Providers, facilities, travel burden, utilization, cost, referral, wait-time, and navigation signals.","Identify care deserts and product opportunities in navigation, referral, and access.",none,,"Catalog-specific. Once a dataset is selected, use its published API endpoint or downloadable file.",Throttle conservatively and retry 429/5xx with exponential backoff.,CMS dataset UUID/version,"NPI, CCN, facility, ZIP, county/state, year, measure",true,https://data.cms.gov/api-docs,"CMS APIs are dataset-specific. First capture dataset UUID, version, schema, update cadence, and API/download links."
CMSD-0002,218,P1,treatment,CMS Data Catalog,cms_data,healthcare_provider_utilization_quality_catalog,catalog_search,GET,https://data.cms.gov/,tickborne disease hospitalization,tickborne disease hospitalization,"{""catalog_search_term"":""tickborne disease hospitalization"",""follow_access_api_link"":true}",United States,All available; preserve source vintage,dataset_metadata,"Interventions, medications, treatment duration, comparative effectiveness, outcomes, and safety evidence.","Map current interventions, evidence gaps, safety signals, and treatment-navigation needs.",none,,"Catalog-specific. Once a dataset is selected, use its published API endpoint or downloadable file.",Throttle conservatively and retry 429/5xx with exponential backoff.,CMS dataset UUID/version,"NPI, CCN, facility, ZIP, county/state, year, measure",true,https://data.cms.gov/api-docs,"CMS APIs are dataset-specific. First capture dataset UUID, version, schema, update cadence, and API/download links."
CMSD-0003,219,P1,treatment,CMS Data Catalog,cms_data,healthcare_provider_utilization_quality_catalog,catalog_search,GET,https://data.cms.gov/,infectious disease services,infectious disease services,"{""catalog_search_term"":""infectious disease services"",""follow_access_api_link"":true}",United States,All available; preserve source vintage,dataset_metadata,"Interventions, medications, treatment duration, comparative effectiveness, outcomes, and safety evidence.","Map current interventions, evidence gaps, safety signals, and treatment-navigation needs.",none,,"Catalog-specific. Once a dataset is selected, use its published API endpoint or downloadable file.",Throttle conservatively and retry 429/5xx with exponential backoff.,CMS dataset UUID/version,"NPI, CCN, facility, ZIP, county/state, year, measure",true,https://data.cms.gov/api-docs,"CMS APIs are dataset-specific. First capture dataset UUID, version, schema, update cadence, and API/download links."
CMSD-0004,220,P1,treatment,CMS Data Catalog,cms_data,healthcare_provider_utilization_quality_catalog,catalog_search,GET,https://data.cms.gov/,emergency department infectious disease,emergency department infectious disease,"{""catalog_search_term"":""emergency department infectious disease"",""follow_access_api_link"":true}",United States,All available; preserve source vintage,dataset_metadata,"Interventions, medications, treatment duration, comparative effectiveness, outcomes, and safety evidence.","Map current interventions, evidence gaps, safety signals, and treatment-navigation needs.",none,,"Catalog-specific. Once a dataset is selected, use its published API endpoint or downloadable file.",Throttle conservatively and retry 429/5xx with exponential backoff.,CMS dataset UUID/version,"NPI, CCN, facility, ZIP, county/state, year, measure",true,https://data.cms.gov/api-docs,"CMS APIs are dataset-specific. First capture dataset UUID, version, schema, update cadence, and API/download links."
CMSD-0005,221,P1,treatment,CMS Data Catalog,cms_data,healthcare_provider_utilization_quality_catalog,catalog_search,GET,https://data.cms.gov/,antibiotic prescribing,antibiotic prescribing,"{""catalog_search_term"":""antibiotic prescribing"",""follow_access_api_link"":true}",United States,All available; preserve source vintage,dataset_metadata,"Interventions, medications, treatment duration, comparative effectiveness, outcomes, and safety evidence.","Map current interventions, evidence gaps, safety signals, and treatment-navigation needs.",none,,"Catalog-specific. Once a dataset is selected, use its published API endpoint or downloadable file.",Throttle conservatively and retry 429/5xx with exponential backoff.,CMS dataset UUID/version,"NPI, CCN, facility, ZIP, county/state, year, measure",true,https://data.cms.gov/api-docs,"CMS APIs are dataset-specific. First capture dataset UUID, version, schema, update cadence, and API/download links."
CMSD-0006,222,P1,care_access,CMS Data Catalog,cms_data,healthcare_provider_utilization_quality_catalog,catalog_search,GET,https://data.cms.gov/,doxycycline utilization,doxycycline utilization,"{""catalog_search_term"":""doxycycline utilization"",""follow_access_api_link"":true}",United States,All available; preserve source vintage,dataset_metadata,"Providers, facilities, travel burden, utilization, cost, referral, wait-time, and navigation signals.","Identify care deserts and product opportunities in navigation, referral, and access.",none,,"Catalog-specific. Once a dataset is selected, use its published API endpoint or downloadable file.",Throttle conservatively and retry 429/5xx with exponential backoff.,CMS dataset UUID/version,"NPI, CCN, facility, ZIP, county/state, year, measure",true,https://data.cms.gov/api-docs,"CMS APIs are dataset-specific. First capture dataset UUID, version, schema, update cadence, and API/download links."
CMSD-0007,223,P1,care_access,CMS Data Catalog,cms_data,healthcare_provider_utilization_quality_catalog,catalog_search,GET,https://data.cms.gov/,laboratory testing utilization,laboratory testing utilization,"{""catalog_search_term"":""laboratory testing utilization"",""follow_access_api_link"":true}",United States,All available; preserve source vintage,dataset_metadata,"Providers, facilities, travel burden, utilization, cost, referral, wait-time, and navigation signals.","Identify care deserts and product opportunities in navigation, referral, and access.",none,,"Catalog-specific. Once a dataset is selected, use its published API endpoint or downloadable file.",Throttle conservatively and retry 429/5xx with exponential backoff.,CMS dataset UUID/version,"NPI, CCN, facility, ZIP, county/state, year, measure",true,https://data.cms.gov/api-docs,"CMS APIs are dataset-specific. First capture dataset UUID, version, schema, update cadence, and API/download links."
CMSD-0008,224,P1,treatment,CMS Data Catalog,cms_data,healthcare_provider_utilization_quality_catalog,catalog_search,GET,https://data.cms.gov/,Medicare geographic variation,Medicare geographic variation,"{""catalog_search_term"":""Medicare geographic variation"",""follow_access_api_link"":true}",United States,All available; preserve source vintage,dataset_metadata,"Interventions, medications, treatment duration, comparative effectiveness, outcomes, and safety evidence.","Map current interventions, evidence gaps, safety signals, and treatment-navigation needs.",none,,"Catalog-specific. Once a dataset is selected, use its published API endpoint or downloadable file.",Throttle conservatively and retry 429/5xx with exponential backoff.,CMS dataset UUID/version,"NPI, CCN, facility, ZIP, county/state, year, measure",true,https://data.cms.gov/api-docs,"CMS APIs are dataset-specific. First capture dataset UUID, version, schema, update cadence, and API/download links."
CMSD-0009,225,P1,care_access,CMS Data Catalog,cms_data,healthcare_provider_utilization_quality_catalog,catalog_search,GET,https://data.cms.gov/,rural health utilization,rural health utilization,"{""catalog_search_term"":""rural health utilization"",""follow_access_api_link"":true}",United States,All available; preserve source vintage,dataset_metadata,"Providers, facilities, travel burden, utilization, cost, referral, wait-time, and navigation signals.","Identify care deserts and product opportunities in navigation, referral, and access.",none,,"Catalog-specific. Once a dataset is selected, use its published API endpoint or downloadable file.",Throttle conservatively and retry 429/5xx with exponential backoff.,CMS dataset UUID/version,"NPI, CCN, facility, ZIP, county/state, year, measure",true,https://data.cms.gov/api-docs,"CMS APIs are dataset-specific. First capture dataset UUID, version, schema, update cadence, and API/download links."
CMSD-0010,226,P1,care_access,CMS Data Catalog,cms_data,healthcare_provider_utilization_quality_catalog,catalog_search,GET,https://data.cms.gov/,telehealth infectious disease,telehealth infectious disease,"{""catalog_search_term"":""telehealth infectious disease"",""follow_access_api_link"":true}",United States,All available; preserve source vintage,dataset_metadata,"Providers, facilities, travel burden, utilization, cost, referral, wait-time, and navigation signals.","Identify care deserts and product opportunities in navigation, referral, and access.",none,,"Catalog-specific. Once a dataset is selected, use its published API endpoint or downloadable file.",Throttle conservatively and retry 429/5xx with exponential backoff.,CMS dataset UUID/version,"NPI, CCN, facility, ZIP, county/state, year, measure",true,https://data.cms.gov/api-docs,"CMS APIs are dataset-specific. First capture dataset UUID, version, schema, update cadence, and API/download links."
CMSD-0011,227,P1,treatment,CMS Data Catalog,cms_data,healthcare_provider_utilization_quality_catalog,catalog_search,GET,https://data.cms.gov/,outpatient antibiotic use,outpatient antibiotic use,"{""catalog_search_term"":""outpatient antibiotic use"",""follow_access_api_link"":true}",United States,All available; preserve source vintage,dataset_metadata,"Interventions, medications, treatment duration, comparative effectiveness, outcomes, and safety evidence.","Map current interventions, evidence gaps, safety signals, and treatment-navigation needs.",none,,"Catalog-specific. Once a dataset is selected, use its published API endpoint or downloadable file.",Throttle conservatively and retry 429/5xx with exponential backoff.,CMS dataset UUID/version,"NPI, CCN, facility, ZIP, county/state, year, measure",true,https://data.cms.gov/api-docs,"CMS APIs are dataset-specific. First capture dataset UUID, version, schema, update cadence, and API/download links."
CMSD-0012,228,P1,treatment,CMS Data Catalog,cms_data,healthcare_provider_utilization_quality_catalog,catalog_search,GET,https://data.cms.gov/,hospital quality infectious disease,hospital quality infectious disease,"{""catalog_search_term"":""hospital quality infectious disease"",""follow_access_api_link"":true}",United States,All available; preserve source vintage,dataset_metadata,"Interventions, medications, treatment duration, comparative effectiveness, outcomes, and safety evidence.","Map current interventions, evidence gaps, safety signals, and treatment-navigation needs.",none,,"Catalog-specific. Once a dataset is selected, use its published API endpoint or downloadable file.",Throttle conservatively and retry 429/5xx with exponential backoff.,CMS dataset UUID/version,"NPI, CCN, facility, ZIP, county/state, year, measure",true,https://data.cms.gov/api-docs,"CMS APIs are dataset-specific. First capture dataset UUID, version, schema, update cadence, and API/download links."
CMSD-0013,229,P1,care_access,CMS Data Catalog,cms_data,healthcare_provider_utilization_quality_catalog,catalog_search,GET,https://data.cms.gov/,Medicaid provider access,Medicaid provider access,"{""catalog_search_term"":""Medicaid provider access"",""follow_access_api_link"":true}",United States,All available; preserve source vintage,dataset_metadata,"Providers, facilities, travel burden, utilization, cost, referral, wait-time, and navigation signals.","Identify care deserts and product opportunities in navigation, referral, and access.",none,,"Catalog-specific. Once a dataset is selected, use its published API endpoint or downloadable file.",Throttle conservatively and retry 429/5xx with exponential backoff.,CMS dataset UUID/version,"NPI, CCN, facility, ZIP, county/state, year, measure",true,https://data.cms.gov/api-docs,"CMS APIs are dataset-specific. First capture dataset UUID, version, schema, update cadence, and API/download links."
CMSD-0014,230,P1,care_access,CMS Data Catalog,cms_data,healthcare_provider_utilization_quality_catalog,catalog_search,GET,https://data.cms.gov/,healthcare spending infectious disease,healthcare spending infectious disease,"{""catalog_search_term"":""healthcare spending infectious disease"",""follow_access_api_link"":true}",United States,All available; preserve source vintage,dataset_metadata,"Providers, facilities, travel burden, utilization, cost, referral, wait-time, and navigation signals.","Identify care deserts and product opportunities in navigation, referral, and access.",none,,"Catalog-specific. Once a dataset is selected, use its published API endpoint or downloadable file.",Throttle conservatively and retry 429/5xx with exponential backoff.,CMS dataset UUID/version,"NPI, CCN, facility, ZIP, county/state, year, measure",true,https://data.cms.gov/api-docs,"CMS APIs are dataset-specific. First capture dataset UUID, version, schema, update cadence, and API/download links."
CMSD-0015,231,P1,care_access,CMS Data Catalog,cms_data,healthcare_provider_utilization_quality_catalog,catalog_search,GET,https://data.cms.gov/,beneficiary travel distance care,beneficiary travel distance care,"{""catalog_search_term"":""beneficiary travel distance care"",""follow_access_api_link"":true}",United States,All available; preserve source vintage,dataset_metadata,"Providers, facilities, travel burden, utilization, cost, referral, wait-time, and navigation signals.","Identify care deserts and product opportunities in navigation, referral, and access.",none,,"Catalog-specific. Once a dataset is selected, use its published API endpoint or downloadable file.",Throttle conservatively and retry 429/5xx with exponential backoff.,CMS dataset UUID/version,"NPI, CCN, facility, ZIP, county/state, year, measure",true,https://data.cms.gov/api-docs,"CMS APIs are dataset-specific. First capture dataset UUID, version, schema, update cadence, and API/download links."
CMSP-0001,232,P0,care_access,CMS Provider Data Catalog,cms_provider_data,provider_and_facility_directory,catalog_search,GET,https://data.cms.gov/provider-data/,infectious disease physician,infectious disease physician,"{""provider_or_facility_focus"":""infectious disease physician"",""follow_access_api_link"":true}",United States,All available; preserve source vintage,provider_or_facility,"Providers, facilities, travel burden, utilization, cost, referral, wait-time, and navigation signals.","Identify care deserts and product opportunities in navigation, referral, and access.",none,,Dataset-specific after selecting the appropriate Provider Data dataset.,Throttle conservatively and retry 429/5xx with exponential backoff.,"NPI, CCN, or facility identifier","NPI, CCN, specialty, address, ZIP, county/state, latitude/longitude if available",true,https://data.cms.gov/provider-data/docs,Open provider data may be incomplete or stale for certain navigation uses. Record data vintage and verify specialty/location fields.
CMSP-0002,233,P0,care_access,CMS Provider Data Catalog,cms_provider_data,provider_and_facility_directory,catalog_search,GET,https://data.cms.gov/provider-data/,family medicine,family medicine,"{""provider_or_facility_focus"":""family medicine"",""follow_access_api_link"":true}",United States,All available; preserve source vintage,provider_or_facility,"Providers, facilities, travel burden, utilization, cost, referral, wait-time, and navigation signals.","Identify care deserts and product opportunities in navigation, referral, and access.",none,,Dataset-specific after selecting the appropriate Provider Data dataset.,Throttle conservatively and retry 429/5xx with exponential backoff.,"NPI, CCN, or facility identifier","NPI, CCN, specialty, address, ZIP, county/state, latitude/longitude if available",true,https://data.cms.gov/provider-data/docs,Open provider data may be incomplete or stale for certain navigation uses. Record data vintage and verify specialty/location fields.
CMSP-0003,234,P0,care_access,CMS Provider Data Catalog,cms_provider_data,provider_and_facility_directory,catalog_search,GET,https://data.cms.gov/provider-data/,internal medicine,internal medicine,"{""provider_or_facility_focus"":""internal medicine"",""follow_access_api_link"":true}",United States,All available; preserve source vintage,provider_or_facility,"Providers, facilities, travel burden, utilization, cost, referral, wait-time, and navigation signals.","Identify care deserts and product opportunities in navigation, referral, and access.",none,,Dataset-specific after selecting the appropriate Provider Data dataset.,Throttle conservatively and retry 429/5xx with exponential backoff.,"NPI, CCN, or facility identifier","NPI, CCN, specialty, address, ZIP, county/state, latitude/longitude if available",true,https://data.cms.gov/provider-data/docs,Open provider data may be incomplete or stale for certain navigation uses. Record data vintage and verify specialty/location fields.
CMSP-0004,235,P0,care_access,CMS Provider Data Catalog,cms_provider_data,provider_and_facility_directory,catalog_search,GET,https://data.cms.gov/provider-data/,pediatrics,pediatrics,"{""provider_or_facility_focus"":""pediatrics"",""follow_access_api_link"":true}",United States,All available; preserve source vintage,provider_or_facility,"Providers, facilities, travel burden, utilization, cost, referral, wait-time, and navigation signals.","Identify care deserts and product opportunities in navigation, referral, and access.",none,,Dataset-specific after selecting the appropriate Provider Data dataset.,Throttle conservatively and retry 429/5xx with exponential backoff.,"NPI, CCN, or facility identifier","NPI, CCN, specialty, address, ZIP, county/state, latitude/longitude if available",true,https://data.cms.gov/provider-data/docs,Open provider data may be incomplete or stale for certain navigation uses. Record data vintage and verify specialty/location fields.
CMSP-0005,236,P0,care_access,CMS Provider Data Catalog,cms_provider_data,provider_and_facility_directory,catalog_search,GET,https://data.cms.gov/provider-data/,rheumatology,rheumatology,"{""provider_or_facility_focus"":""rheumatology"",""follow_access_api_link"":true}",United States,All available; preserve source vintage,provider_or_facility,"Providers, facilities, travel burden, utilization, cost, referral, wait-time, and navigation signals.","Identify care deserts and product opportunities in navigation, referral, and access.",none,,Dataset-specific after selecting the appropriate Provider Data dataset.,Throttle conservatively and retry 429/5xx with exponential backoff.,"NPI, CCN, or facility identifier","NPI, CCN, specialty, address, ZIP, county/state, latitude/longitude if available",true,https://data.cms.gov/provider-data/docs,Open provider data may be incomplete or stale for certain navigation uses. Record data vintage and verify specialty/location fields.
CMSP-0006,237,P0,care_access,CMS Provider Data Catalog,cms_provider_data,provider_and_facility_directory,catalog_search,GET,https://data.cms.gov/provider-data/,neurology,neurology,"{""provider_or_facility_focus"":""neurology"",""follow_access_api_link"":true}",United States,All available; preserve source vintage,provider_or_facility,"Providers, facilities, travel burden, utilization, cost, referral, wait-time, and navigation signals.","Identify care deserts and product opportunities in navigation, referral, and access.",none,,Dataset-specific after selecting the appropriate Provider Data dataset.,Throttle conservatively and retry 429/5xx with exponential backoff.,"NPI, CCN, or facility identifier","NPI, CCN, specialty, address, ZIP, county/state, latitude/longitude if available",true,https://data.cms.gov/provider-data/docs,Open provider data may be incomplete or stale for certain navigation uses. Record data vintage and verify specialty/location fields.
CMSP-0007,238,P0,care_access,CMS Provider Data Catalog,cms_provider_data,provider_and_facility_directory,catalog_search,GET,https://data.cms.gov/provider-data/,cardiology,cardiology,"{""provider_or_facility_focus"":""cardiology"",""follow_access_api_link"":true}",United States,All available; preserve source vintage,provider_or_facility,"Providers, facilities, travel burden, utilization, cost, referral, wait-time, and navigation signals.","Identify care deserts and product opportunities in navigation, referral, and access.",none,,Dataset-specific after selecting the appropriate Provider Data dataset.,Throttle conservatively and retry 429/5xx with exponential backoff.,"NPI, CCN, or facility identifier","NPI, CCN, specialty, address, ZIP, county/state, latitude/longitude if available",true,https://data.cms.gov/provider-data/docs,Open provider data may be incomplete or stale for certain navigation uses. Record data vintage and verify specialty/location fields.
CMSP-0008,239,P0,care_access,CMS Provider Data Catalog,cms_provider_data,provider_and_facility_directory,catalog_search,GET,https://data.cms.gov/provider-data/,emergency medicine,emergency medicine,"{""provider_or_facility_focus"":""emergency medicine"",""follow_access_api_link"":true}",United States,All available; preserve source vintage,provider_or_facility,"Providers, facilities, travel burden, utilization, cost, referral, wait-time, and navigation signals.","Identify care deserts and product opportunities in navigation, referral, and access.",none,,Dataset-specific after selecting the appropriate Provider Data dataset.,Throttle conservatively and retry 429/5xx with exponential backoff.,"NPI, CCN, or facility identifier","NPI, CCN, specialty, address, ZIP, county/state, latitude/longitude if available",true,https://data.cms.gov/provider-data/docs,Open provider data may be incomplete or stale for certain navigation uses. Record data vintage and verify specialty/location fields.
CMSP-0009,240,P0,care_access,CMS Provider Data Catalog,cms_provider_data,provider_and_facility_directory,catalog_search,GET,https://data.cms.gov/provider-data/,clinical laboratory,clinical laboratory,"{""provider_or_facility_focus"":""clinical laboratory"",""follow_access_api_link"":true}",United States,All available; preserve source vintage,provider_or_facility,"Providers, facilities, travel burden, utilization, cost, referral, wait-time, and navigation signals.","Identify care deserts and product opportunities in navigation, referral, and access.",none,,Dataset-specific after selecting the appropriate Provider Data dataset.,Throttle conservatively and retry 429/5xx with exponential backoff.,"NPI, CCN, or facility identifier","NPI, CCN, specialty, address, ZIP, county/state, latitude/longitude if available",true,https://data.cms.gov/provider-data/docs,Open provider data may be incomplete or stale for certain navigation uses. Record data vintage and verify specialty/location fields.
CMSP-0010,241,P1,care_access,CMS Provider Data Catalog,cms_provider_data,provider_and_facility_directory,catalog_search,GET,https://data.cms.gov/provider-data/,critical access hospital,critical access hospital,"{""provider_or_facility_focus"":""critical access hospital"",""follow_access_api_link"":true}",United States,All available; preserve source vintage,provider_or_facility,"Providers, facilities, travel burden, utilization, cost, referral, wait-time, and navigation signals.","Identify care deserts and product opportunities in navigation, referral, and access.",none,,Dataset-specific after selecting the appropriate Provider Data dataset.,Throttle conservatively and retry 429/5xx with exponential backoff.,"NPI, CCN, or facility identifier","NPI, CCN, specialty, address, ZIP, county/state, latitude/longitude if available",true,https://data.cms.gov/provider-data/docs,Open provider data may be incomplete or stale for certain navigation uses. Record data vintage and verify specialty/location fields.
CMSP-0011,242,P1,care_access,CMS Provider Data Catalog,cms_provider_data,provider_and_facility_directory,catalog_search,GET,https://data.cms.gov/provider-data/,rural health clinic,rural health clinic,"{""provider_or_facility_focus"":""rural health clinic"",""follow_access_api_link"":true}",United States,All available; preserve source vintage,provider_or_facility,"Providers, facilities, travel burden, utilization, cost, referral, wait-time, and navigation signals.","Identify care deserts and product opportunities in navigation, referral, and access.",none,,Dataset-specific after selecting the appropriate Provider Data dataset.,Throttle conservatively and retry 429/5xx with exponential backoff.,"NPI, CCN, or facility identifier","NPI, CCN, specialty, address, ZIP, county/state, latitude/longitude if available",true,https://data.cms.gov/provider-data/docs,Open provider data may be incomplete or stale for certain navigation uses. Record data vintage and verify specialty/location fields.
CMSP-0012,243,P1,care_access,CMS Provider Data Catalog,cms_provider_data,provider_and_facility_directory,catalog_search,GET,https://data.cms.gov/provider-data/,federally qualified health center,federally qualified health center,"{""provider_or_facility_focus"":""federally qualified health center"",""follow_access_api_link"":true}",United States,All available; preserve source vintage,provider_or_facility,"Providers, facilities, travel burden, utilization, cost, referral, wait-time, and navigation signals.","Identify care deserts and product opportunities in navigation, referral, and access.",none,,Dataset-specific after selecting the appropriate Provider Data dataset.,Throttle conservatively and retry 429/5xx with exponential backoff.,"NPI, CCN, or facility identifier","NPI, CCN, specialty, address, ZIP, county/state, latitude/longitude if available",true,https://data.cms.gov/provider-data/docs,Open provider data may be incomplete or stale for certain navigation uses. Record data vintage and verify specialty/location fields.
CMSP-0013,244,P1,care_access,CMS Provider Data Catalog,cms_provider_data,provider_and_facility_directory,catalog_search,GET,https://data.cms.gov/provider-data/,telehealth provider,telehealth provider,"{""provider_or_facility_focus"":""telehealth provider"",""follow_access_api_link"":true}",United States,All available; preserve source vintage,provider_or_facility,"Providers, facilities, travel burden, utilization, cost, referral, wait-time, and navigation signals.","Identify care deserts and product opportunities in navigation, referral, and access.",none,,Dataset-specific after selecting the appropriate Provider Data dataset.,Throttle conservatively and retry 429/5xx with exponential backoff.,"NPI, CCN, or facility identifier","NPI, CCN, specialty, address, ZIP, county/state, latitude/longitude if available",true,https://data.cms.gov/provider-data/docs,Open provider data may be incomplete or stale for certain navigation uses. Record data vintage and verify specialty/location fields.
CMSP-0014,245,P1,care_access,CMS Provider Data Catalog,cms_provider_data,provider_and_facility_directory,catalog_search,GET,https://data.cms.gov/provider-data/,hospital outpatient department,hospital outpatient department,"{""provider_or_facility_focus"":""hospital outpatient department"",""follow_access_api_link"":true}",United States,All available; preserve source vintage,provider_or_facility,"Providers, facilities, travel burden, utilization, cost, referral, wait-time, and navigation signals.","Identify care deserts and product opportunities in navigation, referral, and access.",none,,Dataset-specific after selecting the appropriate Provider Data dataset.,Throttle conservatively and retry 429/5xx with exponential backoff.,"NPI, CCN, or facility identifier","NPI, CCN, specialty, address, ZIP, county/state, latitude/longitude if available",true,https://data.cms.gov/provider-data/docs,Open provider data may be incomplete or stale for certain navigation uses. Record data vintage and verify specialty/location fields.
CMSP-0015,246,P1,care_access,CMS Provider Data Catalog,cms_provider_data,provider_and_facility_directory,catalog_search,GET,https://data.cms.gov/provider-data/,urgent care,urgent care,"{""provider_or_facility_focus"":""urgent care"",""follow_access_api_link"":true}",United States,All available; preserve source vintage,provider_or_facility,"Providers, facilities, travel burden, utilization, cost, referral, wait-time, and navigation signals.","Identify care deserts and product opportunities in navigation, referral, and access.",none,,Dataset-specific after selecting the appropriate Provider Data dataset.,Throttle conservatively and retry 429/5xx with exponential backoff.,"NPI, CCN, or facility identifier","NPI, CCN, specialty, address, ZIP, county/state, latitude/longitude if available",true,https://data.cms.gov/provider-data/docs,Open provider data may be incomplete or stale for certain navigation uses. Record data vintage and verify specialty/location fields.
AHRQ-0001,247,P1,symptoms_outcomes,AHRQ Data Tools / MEPS / Community-Level Health,ahrq,survey_and_downloadable_context_data,download_manifest,GET,https://datatools.ahrq.gov/,Lyme disease healthcare expenditures,Lyme disease healthcare expenditures,"{""asset_search_term"":""Lyme disease healthcare expenditures"",""capture_codebook"":true}",United States,All available; preserve source vintage,dataset_metadata_or_public_use_file,"Symptoms, complications, disability, utilization, and patient-reported outcome information.",Characterize patient burden and prioritize outcomes a Phase 1 concept should improve.,none,,"No single API; enumerate candidate files, codebooks, data-use terms, and download URLs.",Throttle conservatively and retry 429/5xx with exponential backoff.,AHRQ product + file year + file identifier,"county/tract/ZCTA, survey year, condition codes where available",true,https://datatools.ahrq.gov/,"Do not assume HCUP products are fully open. Record licensing, purchase, and data-use restrictions separately."
AHRQ-0002,248,P1,care_access,AHRQ Data Tools / MEPS / Community-Level Health,ahrq,survey_and_downloadable_context_data,download_manifest,GET,https://datatools.ahrq.gov/,tickborne disease utilization,tickborne disease utilization,"{""asset_search_term"":""tickborne disease utilization"",""capture_codebook"":true}",United States,All available; preserve source vintage,dataset_metadata_or_public_use_file,"Providers, facilities, travel burden, utilization, cost, referral, wait-time, and navigation signals.","Identify care deserts and product opportunities in navigation, referral, and access.",none,,"No single API; enumerate candidate files, codebooks, data-use terms, and download URLs.",Throttle conservatively and retry 429/5xx with exponential backoff.,AHRQ product + file year + file identifier,"county/tract/ZCTA, survey year, condition codes where available",true,https://datatools.ahrq.gov/,"Do not assume HCUP products are fully open. Record licensing, purchase, and data-use restrictions separately."
AHRQ-0003,249,P1,care_access,AHRQ Data Tools / MEPS / Community-Level Health,ahrq,survey_and_downloadable_context_data,download_manifest,GET,https://datatools.ahrq.gov/,infectious disease access to care,infectious disease access to care,"{""asset_search_term"":""infectious disease access to care"",""capture_codebook"":true}",United States,All available; preserve source vintage,dataset_metadata_or_public_use_file,"Providers, facilities, travel burden, utilization, cost, referral, wait-time, and navigation signals.","Identify care deserts and product opportunities in navigation, referral, and access.",none,,"No single API; enumerate candidate files, codebooks, data-use terms, and download URLs.",Throttle conservatively and retry 429/5xx with exponential backoff.,AHRQ product + file year + file identifier,"county/tract/ZCTA, survey year, condition codes where available",true,https://datatools.ahrq.gov/,"Do not assume HCUP products are fully open. Record licensing, purchase, and data-use restrictions separately."
AHRQ-0004,250,P1,care_access,AHRQ Data Tools / MEPS / Community-Level Health,ahrq,survey_and_downloadable_context_data,download_manifest,GET,https://datatools.ahrq.gov/,rural healthcare access,rural healthcare access,"{""asset_search_term"":""rural healthcare access"",""capture_codebook"":true}",United States,All available; preserve source vintage,dataset_metadata_or_public_use_file,"Providers, facilities, travel burden, utilization, cost, referral, wait-time, and navigation signals.","Identify care deserts and product opportunities in navigation, referral, and access.",none,,"No single API; enumerate candidate files, codebooks, data-use terms, and download URLs.",Throttle conservatively and retry 429/5xx with exponential backoff.,AHRQ product + file year + file identifier,"county/tract/ZCTA, survey year, condition codes where available",true,https://datatools.ahrq.gov/,"Do not assume HCUP products are fully open. Record licensing, purchase, and data-use restrictions separately."
AHRQ-0005,251,P1,care_access,AHRQ Data Tools / MEPS / Community-Level Health,ahrq,survey_and_downloadable_context_data,download_manifest,GET,https://datatools.ahrq.gov/,insurance coverage,insurance coverage,"{""asset_search_term"":""insurance coverage"",""capture_codebook"":true}",United States,All available; preserve source vintage,dataset_metadata_or_public_use_file,"Providers, facilities, travel burden, utilization, cost, referral, wait-time, and navigation signals.","Identify care deserts and product opportunities in navigation, referral, and access.",none,,"No single API; enumerate candidate files, codebooks, data-use terms, and download URLs.",Throttle conservatively and retry 429/5xx with exponential backoff.,AHRQ product + file year + file identifier,"county/tract/ZCTA, survey year, condition codes where available",true,https://datatools.ahrq.gov/,"Do not assume HCUP products are fully open. Record licensing, purchase, and data-use restrictions separately."
AHRQ-0006,252,P1,care_access,AHRQ Data Tools / MEPS / Community-Level Health,ahrq,survey_and_downloadable_context_data,download_manifest,GET,https://datatools.ahrq.gov/,out-of-pocket healthcare cost,out-of-pocket healthcare cost,"{""asset_search_term"":""out-of-pocket healthcare cost"",""capture_codebook"":true}",United States,All available; preserve source vintage,dataset_metadata_or_public_use_file,"Providers, facilities, travel burden, utilization, cost, referral, wait-time, and navigation signals.","Identify care deserts and product opportunities in navigation, referral, and access.",none,,"No single API; enumerate candidate files, codebooks, data-use terms, and download URLs.",Throttle conservatively and retry 429/5xx with exponential backoff.,AHRQ product + file year + file identifier,"county/tract/ZCTA, survey year, condition codes where available",true,https://datatools.ahrq.gov/,"Do not assume HCUP products are fully open. Record licensing, purchase, and data-use restrictions separately."
AHRQ-0007,253,P1,care_access,AHRQ Data Tools / MEPS / Community-Level Health,ahrq,survey_and_downloadable_context_data,download_manifest,GET,https://datatools.ahrq.gov/,community provider availability,community provider availability,"{""asset_search_term"":""community provider availability"",""capture_codebook"":true}",United States,All available; preserve source vintage,dataset_metadata_or_public_use_file,"Providers, facilities, travel burden, utilization, cost, referral, wait-time, and navigation signals.","Identify care deserts and product opportunities in navigation, referral, and access.",none,,"No single API; enumerate candidate files, codebooks, data-use terms, and download URLs.",Throttle conservatively and retry 429/5xx with exponential backoff.,AHRQ product + file year + file identifier,"county/tract/ZCTA, survey year, condition codes where available",true,https://datatools.ahrq.gov/,"Do not assume HCUP products are fully open. Record licensing, purchase, and data-use restrictions separately."
AHRQ-0008,254,P1,care_access,AHRQ Data Tools / MEPS / Community-Level Health,ahrq,survey_and_downloadable_context_data,download_manifest,GET,https://datatools.ahrq.gov/,travel time healthcare,travel time healthcare,"{""asset_search_term"":""travel time healthcare"",""capture_codebook"":true}",United States,All available; preserve source vintage,dataset_metadata_or_public_use_file,"Providers, facilities, travel burden, utilization, cost, referral, wait-time, and navigation signals.","Identify care deserts and product opportunities in navigation, referral, and access.",none,,"No single API; enumerate candidate files, codebooks, data-use terms, and download URLs.",Throttle conservatively and retry 429/5xx with exponential backoff.,AHRQ product + file year + file identifier,"county/tract/ZCTA, survey year, condition codes where available",true,https://datatools.ahrq.gov/,"Do not assume HCUP products are fully open. Record licensing, purchase, and data-use restrictions separately."
AHRQ-0009,255,P1,care_access,AHRQ Data Tools / MEPS / Community-Level Health,ahrq,survey_and_downloadable_context_data,download_manifest,GET,https://datatools.ahrq.gov/,healthcare quality rural communities,healthcare quality rural communities,"{""asset_search_term"":""healthcare quality rural communities"",""capture_codebook"":true}",United States,All available; preserve source vintage,dataset_metadata_or_public_use_file,"Providers, facilities, travel burden, utilization, cost, referral, wait-time, and navigation signals.","Identify care deserts and product opportunities in navigation, referral, and access.",none,,"No single API; enumerate candidate files, codebooks, data-use terms, and download URLs.",Throttle conservatively and retry 429/5xx with exponential backoff.,AHRQ product + file year + file identifier,"county/tract/ZCTA, survey year, condition codes where available",true,https://datatools.ahrq.gov/,"Do not assume HCUP products are fully open. Record licensing, purchase, and data-use restrictions separately."
AHRQ-0010,256,P1,care_access,AHRQ Data Tools / MEPS / Community-Level Health,ahrq,survey_and_downloadable_context_data,download_manifest,GET,https://datatools.ahrq.gov/,community-level health database,community-level health database,"{""asset_search_term"":""community-level health database"",""capture_codebook"":true}",United States,All available; preserve source vintage,dataset_metadata_or_public_use_file,"Providers, facilities, travel burden, utilization, cost, referral, wait-time, and navigation signals.","Identify care deserts and product opportunities in navigation, referral, and access.",none,,"No single API; enumerate candidate files, codebooks, data-use terms, and download URLs.",Throttle conservatively and retry 429/5xx with exponential backoff.,AHRQ product + file year + file identifier,"county/tract/ZCTA, survey year, condition codes where available",true,https://datatools.ahrq.gov/,"Do not assume HCUP products are fully open. Record licensing, purchase, and data-use restrictions separately."
ACS-0001,257,P0,equity_context,U.S. Census ACS 5-Year API,census_acs5,population_and_social_context,variable_query,GET,https://api.census.gov/data/2024/acs/acs5,total population,total population,"{""get"":""NAME,B01003_001E"",""for"":""county:*"",""key"":""${CENSUS_API_KEY}""}",United States,All available; preserve source vintage,area_level_context_observation,"Area-level or population-level access, vulnerability, insurance, transportation, language, and digital-access context.",Test whether proposed tools could reduce or worsen disparities.,required,CENSUS_API_KEY,No page cursor for this county query; split by state or geography level when requesting tract/block-group data.,All Census Data API queries require a key as of 2026; avoid excessively wide group requests.,vintage + dataset + geography FIPS + variable,"state FIPS, county FIPS, tract, block group, ZCTA as applicable",false,https://www.census.gov/data/developers/data-sets/acs-5year.html,Expected use: Population denominator. Preserve estimate and margin-of-error variables; do not treat ZCTA as postal ZIP.
ACS-0002,258,P0,equity_context,U.S. Census ACS 5-Year API,census_acs5,population_and_social_context,variable_query,GET,https://api.census.gov/data/2024/acs/acs5,age distribution,age distribution,"{""get"":""NAME,group(B01001)"",""for"":""county:*"",""key"":""${CENSUS_API_KEY}""}",United States,All available; preserve source vintage,area_level_context_observation,"Area-level or population-level access, vulnerability, insurance, transportation, language, and digital-access context.",Test whether proposed tools could reduce or worsen disparities.,required,CENSUS_API_KEY,No page cursor for this county query; split by state or geography level when requesting tract/block-group data.,All Census Data API queries require a key as of 2026; avoid excessively wide group requests.,vintage + dataset + geography FIPS + variable,"state FIPS, county FIPS, tract, block group, ZCTA as applicable",false,https://www.census.gov/data/developers/data-sets/acs-5year.html,Expected use: Age-stratified population. Preserve estimate and margin-of-error variables; do not treat ZCTA as postal ZIP.
ACS-0003,259,P0,equity_context,U.S. Census ACS 5-Year API,census_acs5,population_and_social_context,variable_query,GET,https://api.census.gov/data/2024/acs/acs5,poverty status,poverty status,"{""get"":""NAME,group(B17001)"",""for"":""county:*"",""key"":""${CENSUS_API_KEY}""}",United States,All available; preserve source vintage,area_level_context_observation,"Area-level or population-level access, vulnerability, insurance, transportation, language, and digital-access context.",Test whether proposed tools could reduce or worsen disparities.,required,CENSUS_API_KEY,No page cursor for this county query; split by state or geography level when requesting tract/block-group data.,All Census Data API queries require a key as of 2026; avoid excessively wide group requests.,vintage + dataset + geography FIPS + variable,"state FIPS, county FIPS, tract, block group, ZCTA as applicable",false,https://www.census.gov/data/developers/data-sets/acs-5year.html,Expected use: Poverty context. Preserve estimate and margin-of-error variables; do not treat ZCTA as postal ZIP.
ACS-0004,260,P0,equity_context,U.S. Census ACS 5-Year API,census_acs5,population_and_social_context,variable_query,GET,https://api.census.gov/data/2024/acs/acs5,median household income,median household income,"{""get"":""NAME,B19013_001E"",""for"":""county:*"",""key"":""${CENSUS_API_KEY}""}",United States,All available; preserve source vintage,area_level_context_observation,"Area-level or population-level access, vulnerability, insurance, transportation, language, and digital-access context.",Test whether proposed tools could reduce or worsen disparities.,required,CENSUS_API_KEY,No page cursor for this county query; split by state or geography level when requesting tract/block-group data.,All Census Data API queries require a key as of 2026; avoid excessively wide group requests.,vintage + dataset + geography FIPS + variable,"state FIPS, county FIPS, tract, block group, ZCTA as applicable",false,https://www.census.gov/data/developers/data-sets/acs-5year.html,Expected use: Income context. Preserve estimate and margin-of-error variables; do not treat ZCTA as postal ZIP.
ACS-0005,261,P0,equity_context,U.S. Census ACS 5-Year API,census_acs5,population_and_social_context,variable_query,GET,https://api.census.gov/data/2024/acs/acs5,health insurance coverage,health insurance coverage,"{""get"":""NAME,group(B27001)"",""for"":""county:*"",""key"":""${CENSUS_API_KEY}""}",United States,All available; preserve source vintage,area_level_context_observation,"Area-level or population-level access, vulnerability, insurance, transportation, language, and digital-access context.",Test whether proposed tools could reduce or worsen disparities.,required,CENSUS_API_KEY,No page cursor for this county query; split by state or geography level when requesting tract/block-group data.,All Census Data API queries require a key as of 2026; avoid excessively wide group requests.,vintage + dataset + geography FIPS + variable,"state FIPS, county FIPS, tract, block group, ZCTA as applicable",false,https://www.census.gov/data/developers/data-sets/acs-5year.html,Expected use: Insurance access. Preserve estimate and margin-of-error variables; do not treat ZCTA as postal ZIP.
ACS-0006,262,P0,equity_context,U.S. Census ACS 5-Year API,census_acs5,population_and_social_context,variable_query,GET,https://api.census.gov/data/2024/acs/acs5,disability status,disability status,"{""get"":""NAME,group(C18108)"",""for"":""county:*"",""key"":""${CENSUS_API_KEY}""}",United States,All available; preserve source vintage,area_level_context_observation,"Area-level or population-level access, vulnerability, insurance, transportation, language, and digital-access context.",Test whether proposed tools could reduce or worsen disparities.,required,CENSUS_API_KEY,No page cursor for this county query; split by state or geography level when requesting tract/block-group data.,All Census Data API queries require a key as of 2026; avoid excessively wide group requests.,vintage + dataset + geography FIPS + variable,"state FIPS, county FIPS, tract, block group, ZCTA as applicable",false,https://www.census.gov/data/developers/data-sets/acs-5year.html,Expected use: Disability context. Preserve estimate and margin-of-error variables; do not treat ZCTA as postal ZIP.
ACS-0007,263,P0,equity_context,U.S. Census ACS 5-Year API,census_acs5,population_and_social_context,variable_query,GET,https://api.census.gov/data/2024/acs/acs5,internet subscription,internet subscription,"{""get"":""NAME,group(B28002)"",""for"":""county:*"",""key"":""${CENSUS_API_KEY}""}",United States,All available; preserve source vintage,area_level_context_observation,"Area-level or population-level access, vulnerability, insurance, transportation, language, and digital-access context.",Test whether proposed tools could reduce or worsen disparities.,required,CENSUS_API_KEY,No page cursor for this county query; split by state or geography level when requesting tract/block-group data.,All Census Data API queries require a key as of 2026; avoid excessively wide group requests.,vintage + dataset + geography FIPS + variable,"state FIPS, county FIPS, tract, block group, ZCTA as applicable",false,https://www.census.gov/data/developers/data-sets/acs-5year.html,Expected use: Digital access. Preserve estimate and margin-of-error variables; do not treat ZCTA as postal ZIP.
ACS-0008,264,P0,equity_context,U.S. Census ACS 5-Year API,census_acs5,population_and_social_context,variable_query,GET,https://api.census.gov/data/2024/acs/acs5,computer availability,computer availability,"{""get"":""NAME,group(B28001)"",""for"":""county:*"",""key"":""${CENSUS_API_KEY}""}",United States,All available; preserve source vintage,area_level_context_observation,"Area-level or population-level access, vulnerability, insurance, transportation, language, and digital-access context.",Test whether proposed tools could reduce or worsen disparities.,required,CENSUS_API_KEY,No page cursor for this county query; split by state or geography level when requesting tract/block-group data.,All Census Data API queries require a key as of 2026; avoid excessively wide group requests.,vintage + dataset + geography FIPS + variable,"state FIPS, county FIPS, tract, block group, ZCTA as applicable",false,https://www.census.gov/data/developers/data-sets/acs-5year.html,Expected use: Digital access. Preserve estimate and margin-of-error variables; do not treat ZCTA as postal ZIP.
ACS-0009,265,P0,equity_context,U.S. Census ACS 5-Year API,census_acs5,population_and_social_context,variable_query,GET,https://api.census.gov/data/2024/acs/acs5,vehicle availability,vehicle availability,"{""get"":""NAME,group(B08201)"",""for"":""county:*"",""key"":""${CENSUS_API_KEY}""}",United States,All available; preserve source vintage,area_level_context_observation,"Area-level or population-level access, vulnerability, insurance, transportation, language, and digital-access context.",Test whether proposed tools could reduce or worsen disparities.,required,CENSUS_API_KEY,No page cursor for this county query; split by state or geography level when requesting tract/block-group data.,All Census Data API queries require a key as of 2026; avoid excessively wide group requests.,vintage + dataset + geography FIPS + variable,"state FIPS, county FIPS, tract, block group, ZCTA as applicable",false,https://www.census.gov/data/developers/data-sets/acs-5year.html,Expected use: Transportation access. Preserve estimate and margin-of-error variables; do not treat ZCTA as postal ZIP.
ACS-0010,266,P0,equity_context,U.S. Census ACS 5-Year API,census_acs5,population_and_social_context,variable_query,GET,https://api.census.gov/data/2024/acs/acs5,means of transportation to work,means of transportation to work,"{""get"":""NAME,group(B08301)"",""for"":""county:*"",""key"":""${CENSUS_API_KEY}""}",United States,All available; preserve source vintage,area_level_context_observation,"Area-level or population-level access, vulnerability, insurance, transportation, language, and digital-access context.",Test whether proposed tools could reduce or worsen disparities.,required,CENSUS_API_KEY,No page cursor for this county query; split by state or geography level when requesting tract/block-group data.,All Census Data API queries require a key as of 2026; avoid excessively wide group requests.,vintage + dataset + geography FIPS + variable,"state FIPS, county FIPS, tract, block group, ZCTA as applicable",false,https://www.census.gov/data/developers/data-sets/acs-5year.html,Expected use: Transportation context. Preserve estimate and margin-of-error variables; do not treat ZCTA as postal ZIP.
ACS-0011,267,P1,equity_context,U.S. Census ACS 5-Year API,census_acs5,population_and_social_context,variable_query,GET,https://api.census.gov/data/2024/acs/acs5,educational attainment,educational attainment,"{""get"":""NAME,group(B15003)"",""for"":""county:*"",""key"":""${CENSUS_API_KEY}""}",United States,All available; preserve source vintage,area_level_context_observation,"Area-level or population-level access, vulnerability, insurance, transportation, language, and digital-access context.",Test whether proposed tools could reduce or worsen disparities.,required,CENSUS_API_KEY,No page cursor for this county query; split by state or geography level when requesting tract/block-group data.,All Census Data API queries require a key as of 2026; avoid excessively wide group requests.,vintage + dataset + geography FIPS + variable,"state FIPS, county FIPS, tract, block group, ZCTA as applicable",false,https://www.census.gov/data/developers/data-sets/acs-5year.html,Expected use: Education context. Preserve estimate and margin-of-error variables; do not treat ZCTA as postal ZIP.
ACS-0012,268,P1,equity_context,U.S. Census ACS 5-Year API,census_acs5,population_and_social_context,variable_query,GET,https://api.census.gov/data/2024/acs/acs5,limited English speaking households,limited English speaking households,"{""get"":""NAME,group(C16002)"",""for"":""county:*"",""key"":""${CENSUS_API_KEY}""}",United States,All available; preserve source vintage,area_level_context_observation,"Area-level or population-level access, vulnerability, insurance, transportation, language, and digital-access context.",Test whether proposed tools could reduce or worsen disparities.,required,CENSUS_API_KEY,No page cursor for this county query; split by state or geography level when requesting tract/block-group data.,All Census Data API queries require a key as of 2026; avoid excessively wide group requests.,vintage + dataset + geography FIPS + variable,"state FIPS, county FIPS, tract, block group, ZCTA as applicable",false,https://www.census.gov/data/developers/data-sets/acs-5year.html,Expected use: Language access. Preserve estimate and margin-of-error variables; do not treat ZCTA as postal ZIP.
ACS-0013,269,P1,equity_context,U.S. Census ACS 5-Year API,census_acs5,population_and_social_context,variable_query,GET,https://api.census.gov/data/2024/acs/acs5,migration in previous year,migration in previous year,"{""get"":""NAME,group(B07001)"",""for"":""county:*"",""key"":""${CENSUS_API_KEY}""}",United States,All available; preserve source vintage,area_level_context_observation,"Area-level or population-level access, vulnerability, insurance, transportation, language, and digital-access context.",Test whether proposed tools could reduce or worsen disparities.,required,CENSUS_API_KEY,No page cursor for this county query; split by state or geography level when requesting tract/block-group data.,All Census Data API queries require a key as of 2026; avoid excessively wide group requests.,vintage + dataset + geography FIPS + variable,"state FIPS, county FIPS, tract, block group, ZCTA as applicable",false,https://www.census.gov/data/developers/data-sets/acs-5year.html,Expected use: Population mobility. Preserve estimate and margin-of-error variables; do not treat ZCTA as postal ZIP.
ACS-0014,270,P1,equity_context,U.S. Census ACS 5-Year API,census_acs5,population_and_social_context,variable_query,GET,https://api.census.gov/data/2024/acs/acs5,employment status,employment status,"{""get"":""NAME,group(B23025)"",""for"":""county:*"",""key"":""${CENSUS_API_KEY}""}",United States,All available; preserve source vintage,area_level_context_observation,"Area-level or population-level access, vulnerability, insurance, transportation, language, and digital-access context.",Test whether proposed tools could reduce or worsen disparities.,required,CENSUS_API_KEY,No page cursor for this county query; split by state or geography level when requesting tract/block-group data.,All Census Data API queries require a key as of 2026; avoid excessively wide group requests.,vintage + dataset + geography FIPS + variable,"state FIPS, county FIPS, tract, block group, ZCTA as applicable",false,https://www.census.gov/data/developers/data-sets/acs-5year.html,Expected use: Employment context. Preserve estimate and margin-of-error variables; do not treat ZCTA as postal ZIP.
ACS-0015,271,P1,equity_context,U.S. Census ACS 5-Year API,census_acs5,population_and_social_context,variable_query,GET,https://api.census.gov/data/2024/acs/acs5,rural proxy housing and density variables,rural proxy housing and density variables,"{""get"":""NAME,group(B25001)"",""for"":""county:*"",""key"":""${CENSUS_API_KEY}""}",United States,All available; preserve source vintage,area_level_context_observation,"Area-level or population-level access, vulnerability, insurance, transportation, language, and digital-access context.",Test whether proposed tools could reduce or worsen disparities.,required,CENSUS_API_KEY,No page cursor for this county query; split by state or geography level when requesting tract/block-group data.,All Census Data API queries require a key as of 2026; avoid excessively wide group requests.,vintage + dataset + geography FIPS + variable,"state FIPS, county FIPS, tract, block group, ZCTA as applicable",false,https://www.census.gov/data/developers/data-sets/acs-5year.html,Expected use: Housing/density context. Preserve estimate and margin-of-error variables; do not treat ZCTA as postal ZIP.
ACS-0016,272,P1,equity_context,U.S. Census ACS 5-Year API,census_acs5,population_and_social_context,variable_query,GET,https://api.census.gov/data/2024/acs/acs5,population by county for joins,population by county for joins,"{""get"":""NAME,NAME,B01003_001E"",""for"":""county:*"",""key"":""${CENSUS_API_KEY}""}",United States,All available; preserve source vintage,area_level_context_observation,"Area-level or population-level access, vulnerability, insurance, transportation, language, and digital-access context.",Test whether proposed tools could reduce or worsen disparities.,required,CENSUS_API_KEY,No page cursor for this county query; split by state or geography level when requesting tract/block-group data.,All Census Data API queries require a key as of 2026; avoid excessively wide group requests.,vintage + dataset + geography FIPS + variable,"state FIPS, county FIPS, tract, block group, ZCTA as applicable",false,https://www.census.gov/data/developers/data-sets/acs-5year.html,Expected use: County denominator and labels. Preserve estimate and margin-of-error variables; do not treat ZCTA as postal ZIP.
SVI-0001,273,P0,equity_context,CDC/ATSDR Social Vulnerability Index,cdc_svi,downloadable_area_level_index,download_manifest,GET,https://www.atsdr.cdc.gov/place-health/php/svi/svi-data-documentation-download.html,latest county SVI,latest county SVI,"{""geography"":""county"",""capture_csv_and_documentation"":true}",United States,All available; preserve source vintage,area_level_vulnerability_observation,"Area-level or population-level access, vulnerability, insurance, transportation, language, and digital-access context.",Test whether proposed tools could reduce or worsen disparities.,none,,Download the selected vintage and geography files once; preserve checksums and documentation.,Throttle conservatively and retry 429/5xx with exponential backoff.,SVI vintage + geography FIPS,county FIPS or tract GEOID,true,https://www.atsdr.cdc.gov/place-health/php/svi/index.html,"SVI is an area-level index, not an individual characteristic. Align vintage and geographic boundaries with outcome data."
SVI-0002,274,P0,equity_context,CDC/ATSDR Social Vulnerability Index,cdc_svi,downloadable_area_level_index,download_manifest,GET,https://www.atsdr.cdc.gov/place-health/php/svi/svi-data-documentation-download.html,latest census tract SVI,latest census tract SVI,"{""geography"":""tract"",""capture_csv_and_documentation"":true}",United States,All available; preserve source vintage,area_level_vulnerability_observation,"Area-level or population-level access, vulnerability, insurance, transportation, language, and digital-access context.",Test whether proposed tools could reduce or worsen disparities.,none,,Download the selected vintage and geography files once; preserve checksums and documentation.,Throttle conservatively and retry 429/5xx with exponential backoff.,SVI vintage + geography FIPS,county FIPS or tract GEOID,true,https://www.atsdr.cdc.gov/place-health/php/svi/index.html,"SVI is an area-level index, not an individual characteristic. Align vintage and geographic boundaries with outcome data."
SVI-0003,275,P0,equity_context,CDC/ATSDR Social Vulnerability Index,cdc_svi,downloadable_area_level_index,download_manifest,GET,https://www.atsdr.cdc.gov/place-health/php/svi/svi-data-documentation-download.html,socioeconomic status theme,socioeconomic status theme,"{""geography"":""tract"",""capture_csv_and_documentation"":true}",United States,All available; preserve source vintage,area_level_vulnerability_observation,"Area-level or population-level access, vulnerability, insurance, transportation, language, and digital-access context.",Test whether proposed tools could reduce or worsen disparities.,none,,Download the selected vintage and geography files once; preserve checksums and documentation.,Throttle conservatively and retry 429/5xx with exponential backoff.,SVI vintage + geography FIPS,county FIPS or tract GEOID,true,https://www.atsdr.cdc.gov/place-health/php/svi/index.html,"SVI is an area-level index, not an individual characteristic. Align vintage and geographic boundaries with outcome data."
SVI-0004,276,P0,equity_context,CDC/ATSDR Social Vulnerability Index,cdc_svi,downloadable_area_level_index,download_manifest,GET,https://www.atsdr.cdc.gov/place-health/php/svi/svi-data-documentation-download.html,household characteristics theme,household characteristics theme,"{""geography"":""tract"",""capture_csv_and_documentation"":true}",United States,All available; preserve source vintage,area_level_vulnerability_observation,"Area-level or population-level access, vulnerability, insurance, transportation, language, and digital-access context.",Test whether proposed tools could reduce or worsen disparities.,none,,Download the selected vintage and geography files once; preserve checksums and documentation.,Throttle conservatively and retry 429/5xx with exponential backoff.,SVI vintage + geography FIPS,county FIPS or tract GEOID,true,https://www.atsdr.cdc.gov/place-health/php/svi/index.html,"SVI is an area-level index, not an individual characteristic. Align vintage and geographic boundaries with outcome data."
SVI-0005,277,P0,equity_context,CDC/ATSDR Social Vulnerability Index,cdc_svi,downloadable_area_level_index,download_manifest,GET,https://www.atsdr.cdc.gov/place-health/php/svi/svi-data-documentation-download.html,racial and ethnic minority status theme,racial and ethnic minority status theme,"{""geography"":""tract"",""capture_csv_and_documentation"":true}",United States,All available; preserve source vintage,area_level_vulnerability_observation,"Area-level or population-level access, vulnerability, insurance, transportation, language, and digital-access context.",Test whether proposed tools could reduce or worsen disparities.,none,,Download the selected vintage and geography files once; preserve checksums and documentation.,Throttle conservatively and retry 429/5xx with exponential backoff.,SVI vintage + geography FIPS,county FIPS or tract GEOID,true,https://www.atsdr.cdc.gov/place-health/php/svi/index.html,"SVI is an area-level index, not an individual characteristic. Align vintage and geographic boundaries with outcome data."
SVI-0006,278,P0,equity_context,CDC/ATSDR Social Vulnerability Index,cdc_svi,downloadable_area_level_index,download_manifest,GET,https://www.atsdr.cdc.gov/place-health/php/svi/svi-data-documentation-download.html,housing type and transportation theme,housing type and transportation theme,"{""geography"":""tract"",""capture_csv_and_documentation"":true}",United States,All available; preserve source vintage,area_level_vulnerability_observation,"Area-level or population-level access, vulnerability, insurance, transportation, language, and digital-access context.",Test whether proposed tools could reduce or worsen disparities.,none,,Download the selected vintage and geography files once; preserve checksums and documentation.,Throttle conservatively and retry 429/5xx with exponential backoff.,SVI vintage + geography FIPS,county FIPS or tract GEOID,true,https://www.atsdr.cdc.gov/place-health/php/svi/index.html,"SVI is an area-level index, not an individual characteristic. Align vintage and geographic boundaries with outcome data."
NOAA-0001,279,P1,ecology_climate,NOAA Climate Data Online API v2,noaa_cdo,weather_and_climate_observations,record_search,GET,https://www.ncei.noaa.gov/cdo-web/api/v2/data,daily maximum temperature,daily maximum temperature,"{""datasetid"":""GHCND"",""datatypeid"":""TMAX"",""startdate"":""${START_DATE}"",""enddate"":""${END_DATE}"",""locationid"":""${NOAA_LOCATION_ID}"",""limit"":1000,""offset"":1,""units"":""standard""}",Selected counties/stations; aggregate to county after retrieval,Match Lyme/tick outcome years; include lagged seasonal windows,climate_observation_or_station,"Tick ecology, weather, climate, habitat, land-cover, hosts, and geographic-risk features.",Construct environmental context and risk features without treating correlation as causation.,required,NOAA_CDO_TOKEN,Increase offset by limit; read metadata.resultset.count to stop.,"Limit is 5 requests/second and 10,000 requests/day per token.",station id + date + datatype,"station, latitude/longitude, county mapping, date/year",false,https://www.ncei.noaa.gov/cdo-web/webservices/v2,Use station-quality flags and coverage checks. Climate correlation alone does not establish causation.
NOAA-0002,280,P1,ecology_climate,NOAA Climate Data Online API v2,noaa_cdo,weather_and_climate_observations,record_search,GET,https://www.ncei.noaa.gov/cdo-web/api/v2/data,daily minimum temperature,daily minimum temperature,"{""datasetid"":""GHCND"",""datatypeid"":""TMIN"",""startdate"":""${START_DATE}"",""enddate"":""${END_DATE}"",""locationid"":""${NOAA_LOCATION_ID}"",""limit"":1000,""offset"":1,""units"":""standard""}",Selected counties/stations; aggregate to county after retrieval,Match Lyme/tick outcome years; include lagged seasonal windows,climate_observation_or_station,"Tick ecology, weather, climate, habitat, land-cover, hosts, and geographic-risk features.",Construct environmental context and risk features without treating correlation as causation.,required,NOAA_CDO_TOKEN,Increase offset by limit; read metadata.resultset.count to stop.,"Limit is 5 requests/second and 10,000 requests/day per token.",station id + date + datatype,"station, latitude/longitude, county mapping, date/year",false,https://www.ncei.noaa.gov/cdo-web/webservices/v2,Use station-quality flags and coverage checks. Climate correlation alone does not establish causation.
NOAA-0003,281,P1,ecology_climate,NOAA Climate Data Online API v2,noaa_cdo,weather_and_climate_observations,record_search,GET,https://www.ncei.noaa.gov/cdo-web/api/v2/data,daily average temperature,daily average temperature,"{""datasetid"":""GHCND"",""datatypeid"":""TAVG"",""startdate"":""${START_DATE}"",""enddate"":""${END_DATE}"",""locationid"":""${NOAA_LOCATION_ID}"",""limit"":1000,""offset"":1,""units"":""standard""}",Selected counties/stations; aggregate to county after retrieval,Match Lyme/tick outcome years; include lagged seasonal windows,climate_observation_or_station,"Tick ecology, weather, climate, habitat, land-cover, hosts, and geographic-risk features.",Construct environmental context and risk features without treating correlation as causation.,required,NOAA_CDO_TOKEN,Increase offset by limit; read metadata.resultset.count to stop.,"Limit is 5 requests/second and 10,000 requests/day per token.",station id + date + datatype,"station, latitude/longitude, county mapping, date/year",false,https://www.ncei.noaa.gov/cdo-web/webservices/v2,Use station-quality flags and coverage checks. Climate correlation alone does not establish causation.
NOAA-0004,282,P1,ecology_climate,NOAA Climate Data Online API v2,noaa_cdo,weather_and_climate_observations,record_search,GET,https://www.ncei.noaa.gov/cdo-web/api/v2/data,daily precipitation,daily precipitation,"{""datasetid"":""GHCND"",""datatypeid"":""PRCP"",""startdate"":""${START_DATE}"",""enddate"":""${END_DATE}"",""locationid"":""${NOAA_LOCATION_ID}"",""limit"":1000,""offset"":1,""units"":""standard""}",Selected counties/stations; aggregate to county after retrieval,Match Lyme/tick outcome years; include lagged seasonal windows,climate_observation_or_station,"Tick ecology, weather, climate, habitat, land-cover, hosts, and geographic-risk features.",Construct environmental context and risk features without treating correlation as causation.,required,NOAA_CDO_TOKEN,Increase offset by limit; read metadata.resultset.count to stop.,"Limit is 5 requests/second and 10,000 requests/day per token.",station id + date + datatype,"station, latitude/longitude, county mapping, date/year",false,https://www.ncei.noaa.gov/cdo-web/webservices/v2,Use station-quality flags and coverage checks. Climate correlation alone does not establish causation.
NOAA-0005,283,P1,ecology_climate,NOAA Climate Data Online API v2,noaa_cdo,weather_and_climate_observations,record_search,GET,https://www.ncei.noaa.gov/cdo-web/api/v2/data,snowfall,snowfall,"{""datasetid"":""GHCND"",""datatypeid"":""SNOW"",""startdate"":""${START_DATE}"",""enddate"":""${END_DATE}"",""locationid"":""${NOAA_LOCATION_ID}"",""limit"":1000,""offset"":1,""units"":""standard""}",Selected counties/stations; aggregate to county after retrieval,Match Lyme/tick outcome years; include lagged seasonal windows,climate_observation_or_station,"Tick ecology, weather, climate, habitat, land-cover, hosts, and geographic-risk features.",Construct environmental context and risk features without treating correlation as causation.,required,NOAA_CDO_TOKEN,Increase offset by limit; read metadata.resultset.count to stop.,"Limit is 5 requests/second and 10,000 requests/day per token.",station id + date + datatype,"station, latitude/longitude, county mapping, date/year",false,https://www.ncei.noaa.gov/cdo-web/webservices/v2,Use station-quality flags and coverage checks. Climate correlation alone does not establish causation.
NOAA-0006,284,P1,ecology_climate,NOAA Climate Data Online API v2,noaa_cdo,weather_and_climate_observations,record_search,GET,https://www.ncei.noaa.gov/cdo-web/api/v2/data,snow depth,snow depth,"{""datasetid"":""GHCND"",""datatypeid"":""SNWD"",""startdate"":""${START_DATE}"",""enddate"":""${END_DATE}"",""locationid"":""${NOAA_LOCATION_ID}"",""limit"":1000,""offset"":1,""units"":""standard""}",Selected counties/stations; aggregate to county after retrieval,Match Lyme/tick outcome years; include lagged seasonal windows,climate_observation_or_station,"Tick ecology, weather, climate, habitat, land-cover, hosts, and geographic-risk features.",Construct environmental context and risk features without treating correlation as causation.,required,NOAA_CDO_TOKEN,Increase offset by limit; read metadata.resultset.count to stop.,"Limit is 5 requests/second and 10,000 requests/day per token.",station id + date + datatype,"station, latitude/longitude, county mapping, date/year",false,https://www.ncei.noaa.gov/cdo-web/webservices/v2,Use station-quality flags and coverage checks. Climate correlation alone does not establish causation.
NOAA-0007,285,P1,ecology_climate,NOAA Climate Data Online API v2,noaa_cdo,weather_and_climate_observations,record_search,GET,https://www.ncei.noaa.gov/cdo-web/api/v2/data,heating degree days,heating degree days,"{""datasetid"":""GHCND"",""datatypeid"":""HTDD"",""startdate"":""${START_DATE}"",""enddate"":""${END_DATE}"",""locationid"":""${NOAA_LOCATION_ID}"",""limit"":1000,""offset"":1,""units"":""standard""}",Selected counties/stations; aggregate to county after retrieval,Match Lyme/tick outcome years; include lagged seasonal windows,climate_observation_or_station,"Tick ecology, weather, climate, habitat, land-cover, hosts, and geographic-risk features.",Construct environmental context and risk features without treating correlation as causation.,required,NOAA_CDO_TOKEN,Increase offset by limit; read metadata.resultset.count to stop.,"Limit is 5 requests/second and 10,000 requests/day per token.",station id + date + datatype,"station, latitude/longitude, county mapping, date/year",false,https://www.ncei.noaa.gov/cdo-web/webservices/v2,Use station-quality flags and coverage checks. Climate correlation alone does not establish causation.
NOAA-0008,286,P1,ecology_climate,NOAA Climate Data Online API v2,noaa_cdo,weather_and_climate_observations,record_search,GET,https://www.ncei.noaa.gov/cdo-web/api/v2/data,cooling degree days,cooling degree days,"{""datasetid"":""GHCND"",""datatypeid"":""CLDD"",""startdate"":""${START_DATE}"",""enddate"":""${END_DATE}"",""locationid"":""${NOAA_LOCATION_ID}"",""limit"":1000,""offset"":1,""units"":""standard""}",Selected counties/stations; aggregate to county after retrieval,Match Lyme/tick outcome years; include lagged seasonal windows,climate_observation_or_station,"Tick ecology, weather, climate, habitat, land-cover, hosts, and geographic-risk features.",Construct environmental context and risk features without treating correlation as causation.,required,NOAA_CDO_TOKEN,Increase offset by limit; read metadata.resultset.count to stop.,"Limit is 5 requests/second and 10,000 requests/day per token.",station id + date + datatype,"station, latitude/longitude, county mapping, date/year",false,https://www.ncei.noaa.gov/cdo-web/webservices/v2,Use station-quality flags and coverage checks. Climate correlation alone does not establish causation.
NOAA-0009,287,P1,ecology_climate,NOAA Climate Data Online API v2,noaa_cdo,weather_and_climate_observations,record_search,GET,https://www.ncei.noaa.gov/cdo-web/api/v2/data,monthly temperature normals,monthly temperature normals,"{""datasetid"":""GHCND"",""datatypeid"":""MLY-TAVG-NORMAL"",""startdate"":""${START_DATE}"",""enddate"":""${END_DATE}"",""locationid"":""${NOAA_LOCATION_ID}"",""limit"":1000,""offset"":1,""units"":""standard""}",Selected counties/stations; aggregate to county after retrieval,Match Lyme/tick outcome years; include lagged seasonal windows,climate_observation_or_station,"Tick ecology, weather, climate, habitat, land-cover, hosts, and geographic-risk features.",Construct environmental context and risk features without treating correlation as causation.,required,NOAA_CDO_TOKEN,Increase offset by limit; read metadata.resultset.count to stop.,"Limit is 5 requests/second and 10,000 requests/day per token.",station id + date + datatype,"station, latitude/longitude, county mapping, date/year",false,https://www.ncei.noaa.gov/cdo-web/webservices/v2,Use station-quality flags and coverage checks. Climate correlation alone does not establish causation.
NOAA-0010,288,P1,ecology_climate,NOAA Climate Data Online API v2,noaa_cdo,weather_and_climate_observations,record_search,GET,https://www.ncei.noaa.gov/cdo-web/api/v2/data,monthly precipitation normals,monthly precipitation normals,"{""datasetid"":""GHCND"",""datatypeid"":""MLY-PRCP-NORMAL"",""startdate"":""${START_DATE}"",""enddate"":""${END_DATE}"",""locationid"":""${NOAA_LOCATION_ID}"",""limit"":1000,""offset"":1,""units"":""standard""}",Selected counties/stations; aggregate to county after retrieval,Match Lyme/tick outcome years; include lagged seasonal windows,climate_observation_or_station,"Tick ecology, weather, climate, habitat, land-cover, hosts, and geographic-risk features.",Construct environmental context and risk features without treating correlation as causation.,required,NOAA_CDO_TOKEN,Increase offset by limit; read metadata.resultset.count to stop.,"Limit is 5 requests/second and 10,000 requests/day per token.",station id + date + datatype,"station, latitude/longitude, county mapping, date/year",false,https://www.ncei.noaa.gov/cdo-web/webservices/v2,Use station-quality flags and coverage checks. Climate correlation alone does not establish causation.
NOAA-0011,289,P1,ecology_climate,NOAA Climate Data Online API v2,noaa_cdo,weather_and_climate_observations,record_search,GET,https://www.ncei.noaa.gov/cdo-web/api/v2/data,freeze threshold context,freeze threshold context,"{""datasetid"":""GHCND"",""datatypeid"":""TMIN"",""startdate"":""${START_DATE}"",""enddate"":""${END_DATE}"",""locationid"":""${NOAA_LOCATION_ID}"",""limit"":1000,""offset"":1,""units"":""standard""}",Selected counties/stations; aggregate to county after retrieval,Match Lyme/tick outcome years; include lagged seasonal windows,climate_observation_or_station,"Tick ecology, weather, climate, habitat, land-cover, hosts, and geographic-risk features.",Construct environmental context and risk features without treating correlation as causation.,required,NOAA_CDO_TOKEN,Increase offset by limit; read metadata.resultset.count to stop.,"Limit is 5 requests/second and 10,000 requests/day per token.",station id + date + datatype,"station, latitude/longitude, county mapping, date/year",false,https://www.ncei.noaa.gov/cdo-web/webservices/v2,Use station-quality flags and coverage checks. Climate correlation alone does not establish causation.
NOAA-0012,290,P1,ecology_climate,NOAA Climate Data Online API v2,noaa_cdo,weather_and_climate_observations,record_search,GET,https://www.ncei.noaa.gov/cdo-web/api/v2/data,warm-season onset,warm-season onset,"{""datasetid"":""GHCND"",""datatypeid"":""TAVG"",""startdate"":""${START_DATE}"",""enddate"":""${END_DATE}"",""locationid"":""${NOAA_LOCATION_ID}"",""limit"":1000,""offset"":1,""units"":""standard""}",Selected counties/stations; aggregate to county after retrieval,Match Lyme/tick outcome years; include lagged seasonal windows,climate_observation_or_station,"Tick ecology, weather, climate, habitat, land-cover, hosts, and geographic-risk features.",Construct environmental context and risk features without treating correlation as causation.,required,NOAA_CDO_TOKEN,Increase offset by limit; read metadata.resultset.count to stop.,"Limit is 5 requests/second and 10,000 requests/day per token.",station id + date + datatype,"station, latitude/longitude, county mapping, date/year",false,https://www.ncei.noaa.gov/cdo-web/webservices/v2,Use station-quality flags and coverage checks. Climate correlation alone does not establish causation.
NOAA-0013,291,P1,ecology_climate,NOAA Climate Data Online API v2,noaa_cdo,weather_and_climate_observations,record_search,GET,https://www.ncei.noaa.gov/cdo-web/api/v2/data,precipitation anomaly,precipitation anomaly,"{""datasetid"":""GHCND"",""datatypeid"":""PRCP"",""startdate"":""${START_DATE}"",""enddate"":""${END_DATE}"",""locationid"":""${NOAA_LOCATION_ID}"",""limit"":1000,""offset"":1,""units"":""standard""}",Selected counties/stations; aggregate to county after retrieval,Match Lyme/tick outcome years; include lagged seasonal windows,climate_observation_or_station,"Tick ecology, weather, climate, habitat, land-cover, hosts, and geographic-risk features.",Construct environmental context and risk features without treating correlation as causation.,required,NOAA_CDO_TOKEN,Increase offset by limit; read metadata.resultset.count to stop.,"Limit is 5 requests/second and 10,000 requests/day per token.",station id + date + datatype,"station, latitude/longitude, county mapping, date/year",false,https://www.ncei.noaa.gov/cdo-web/webservices/v2,Use station-quality flags and coverage checks. Climate correlation alone does not establish causation.
NOAA-0014,292,P1,ecology_climate,NOAA Climate Data Online API v2,noaa_cdo,weather_and_climate_observations,record_search,GET,https://www.ncei.noaa.gov/cdo-web/api/v2/data,temperature anomaly,temperature anomaly,"{""datasetid"":""GHCND"",""datatypeid"":""TAVG"",""startdate"":""${START_DATE}"",""enddate"":""${END_DATE}"",""locationid"":""${NOAA_LOCATION_ID}"",""limit"":1000,""offset"":1,""units"":""standard""}",Selected counties/stations; aggregate to county after retrieval,Match Lyme/tick outcome years; include lagged seasonal windows,climate_observation_or_station,"Tick ecology, weather, climate, habitat, land-cover, hosts, and geographic-risk features.",Construct environmental context and risk features without treating correlation as causation.,required,NOAA_CDO_TOKEN,Increase offset by limit; read metadata.resultset.count to stop.,"Limit is 5 requests/second and 10,000 requests/day per token.",station id + date + datatype,"station, latitude/longitude, county mapping, date/year",false,https://www.ncei.noaa.gov/cdo-web/webservices/v2,Use station-quality flags and coverage checks. Climate correlation alone does not establish causation.
NOAA-0015,293,P1,ecology_climate,NOAA Climate Data Online API v2,noaa_cdo,weather_and_climate_observations,schema_discovery,GET,https://www.ncei.noaa.gov/cdo-web/api/v2/stations,station coverage inventory,station coverage inventory,"{""datasetid"":""GHCND"",""locationid"":""${NOAA_LOCATION_ID}"",""limit"":1000,""offset"":1}",Selected counties/stations; aggregate to county after retrieval,Match Lyme/tick outcome years; include lagged seasonal windows,climate_observation_or_station,"Tick ecology, weather, climate, habitat, land-cover, hosts, and geographic-risk features.",Construct environmental context and risk features without treating correlation as causation.,required,NOAA_CDO_TOKEN,Increase offset by limit; read metadata.resultset.count to stop.,"Limit is 5 requests/second and 10,000 requests/day per token.",station id + date + datatype,"station, latitude/longitude, county mapping, date/year",false,https://www.ncei.noaa.gov/cdo-web/webservices/v2,Use station-quality flags and coverage checks. Climate correlation alone does not establish causation.
NLCD-0001,294,P2,ecology_climate,USGS Annual National Land Cover Database,usgs_annual_nlcd,geospatial_raster_product,download_manifest,GET,https://www.usgs.gov/centers/eros/science/annual-nlcd-data-access,annual land cover,annual land cover,"{""product_or_derived_feature"":""annual land cover"",""target_resolution"":""30m"",""derive_county_features"":true}",United States,All available; preserve source vintage,raster_asset_or_derived_area_feature,"Tick ecology, weather, climate, habitat, land-cover, hosts, and geographic-risk features.",Construct environmental context and risk features without treating correlation as causation.,none,,Download selected annual products; process locally with a reproducible zonal-statistics pipeline.,Throttle conservatively and retry 429/5xx with exponential backoff.,product + vintage + tile/asset id,county FIPS after zonal aggregation; raster year,true,https://www.usgs.gov/centers/eros/science/annual-national-land-cover-database,Heavy geospatial work. Defer until a specific ecological hypothesis justifies the computation.
NLCD-0002,295,P2,ecology_climate,USGS Annual National Land Cover Database,usgs_annual_nlcd,geospatial_raster_product,download_manifest,GET,https://www.usgs.gov/centers/eros/science/annual-nlcd-data-access,forest cover percentage,forest cover percentage,"{""product_or_derived_feature"":""forest cover percentage"",""target_resolution"":""30m"",""derive_county_features"":true}",United States,All available; preserve source vintage,raster_asset_or_derived_area_feature,"Tick ecology, weather, climate, habitat, land-cover, hosts, and geographic-risk features.",Construct environmental context and risk features without treating correlation as causation.,none,,Download selected annual products; process locally with a reproducible zonal-statistics pipeline.,Throttle conservatively and retry 429/5xx with exponential backoff.,product + vintage + tile/asset id,county FIPS after zonal aggregation; raster year,true,https://www.usgs.gov/centers/eros/science/annual-national-land-cover-database,Heavy geospatial work. Defer until a specific ecological hypothesis justifies the computation.
NLCD-0003,296,P2,ecology_climate,USGS Annual National Land Cover Database,usgs_annual_nlcd,geospatial_raster_product,download_manifest,GET,https://www.usgs.gov/centers/eros/science/annual-nlcd-data-access,developed land percentage,developed land percentage,"{""product_or_derived_feature"":""developed land percentage"",""target_resolution"":""30m"",""derive_county_features"":true}",United States,All available; preserve source vintage,raster_asset_or_derived_area_feature,"Tick ecology, weather, climate, habitat, land-cover, hosts, and geographic-risk features.",Construct environmental context and risk features without treating correlation as causation.,none,,Download selected annual products; process locally with a reproducible zonal-statistics pipeline.,Throttle conservatively and retry 429/5xx with exponential backoff.,product + vintage + tile/asset id,county FIPS after zonal aggregation; raster year,true,https://www.usgs.gov/centers/eros/science/annual-national-land-cover-database,Heavy geospatial work. Defer until a specific ecological hypothesis justifies the computation.
NLCD-0004,297,P2,ecology_climate,USGS Annual National Land Cover Database,usgs_annual_nlcd,geospatial_raster_product,download_manifest,GET,https://www.usgs.gov/centers/eros/science/annual-nlcd-data-access,forest edge density,forest edge density,"{""product_or_derived_feature"":""forest edge density"",""target_resolution"":""30m"",""derive_county_features"":true}",United States,All available; preserve source vintage,raster_asset_or_derived_area_feature,"Tick ecology, weather, climate, habitat, land-cover, hosts, and geographic-risk features.",Construct environmental context and risk features without treating correlation as causation.,none,,Download selected annual products; process locally with a reproducible zonal-statistics pipeline.,Throttle conservatively and retry 429/5xx with exponential backoff.,product + vintage + tile/asset id,county FIPS after zonal aggregation; raster year,true,https://www.usgs.gov/centers/eros/science/annual-national-land-cover-database,Heavy geospatial work. Defer until a specific ecological hypothesis justifies the computation.
NLCD-0005,298,P2,ecology_climate,USGS Annual National Land Cover Database,usgs_annual_nlcd,geospatial_raster_product,download_manifest,GET,https://www.usgs.gov/centers/eros/science/annual-nlcd-data-access,land cover change,land cover change,"{""product_or_derived_feature"":""land cover change"",""target_resolution"":""30m"",""derive_county_features"":true}",United States,All available; preserve source vintage,raster_asset_or_derived_area_feature,"Tick ecology, weather, climate, habitat, land-cover, hosts, and geographic-risk features.",Construct environmental context and risk features without treating correlation as causation.,none,,Download selected annual products; process locally with a reproducible zonal-statistics pipeline.,Throttle conservatively and retry 429/5xx with exponential backoff.,product + vintage + tile/asset id,county FIPS after zonal aggregation; raster year,true,https://www.usgs.gov/centers/eros/science/annual-national-land-cover-database,Heavy geospatial work. Defer until a specific ecological hypothesis justifies the computation.
NLCD-0006,299,P2,ecology_climate,USGS Annual National Land Cover Database,usgs_annual_nlcd,geospatial_raster_product,download_manifest,GET,https://www.usgs.gov/centers/eros/science/annual-nlcd-data-access,impervious surface percentage,impervious surface percentage,"{""product_or_derived_feature"":""impervious surface percentage"",""target_resolution"":""30m"",""derive_county_features"":true}",United States,All available; preserve source vintage,raster_asset_or_derived_area_feature,"Tick ecology, weather, climate, habitat, land-cover, hosts, and geographic-risk features.",Construct environmental context and risk features without treating correlation as causation.,none,,Download selected annual products; process locally with a reproducible zonal-statistics pipeline.,Throttle conservatively and retry 429/5xx with exponential backoff.,product + vintage + tile/asset id,county FIPS after zonal aggregation; raster year,true,https://www.usgs.gov/centers/eros/science/annual-national-land-cover-database,Heavy geospatial work. Defer until a specific ecological hypothesis justifies the computation.
NLCD-0007,300,P2,ecology_climate,USGS Annual National Land Cover Database,usgs_annual_nlcd,geospatial_raster_product,download_manifest,GET,https://www.usgs.gov/centers/eros/science/annual-nlcd-data-access,habitat fragmentation,habitat fragmentation,"{""product_or_derived_feature"":""habitat fragmentation"",""target_resolution"":""30m"",""derive_county_features"":true}",United States,All available; preserve source vintage,raster_asset_or_derived_area_feature,"Tick ecology, weather, climate, habitat, land-cover, hosts, and geographic-risk features.",Construct environmental context and risk features without treating correlation as causation.,none,,Download selected annual products; process locally with a reproducible zonal-statistics pipeline.,Throttle conservatively and retry 429/5xx with exponential backoff.,product + vintage + tile/asset id,county FIPS after zonal aggregation; raster year,true,https://www.usgs.gov/centers/eros/science/annual-national-land-cover-database,Heavy geospatial work. Defer until a specific ecological hypothesis justifies the computation.
NLCD-0008,301,P2,ecology_climate,USGS Annual National Land Cover Database,usgs_annual_nlcd,geospatial_raster_product,download_manifest,GET,https://www.usgs.gov/centers/eros/science/annual-nlcd-data-access,county zonal statistics,county zonal statistics,"{""product_or_derived_feature"":""county zonal statistics"",""target_resolution"":""30m"",""derive_county_features"":true}",United States,All available; preserve source vintage,raster_asset_or_derived_area_feature,"Tick ecology, weather, climate, habitat, land-cover, hosts, and geographic-risk features.",Construct environmental context and risk features without treating correlation as causation.,none,,Download selected annual products; process locally with a reproducible zonal-statistics pipeline.,Throttle conservatively and retry 429/5xx with exponential backoff.,product + vintage + tile/asset id,county FIPS after zonal aggregation; raster year,true,https://www.usgs.gov/centers/eros/science/annual-national-land-cover-database,Heavy geospatial work. Defer until a specific ecological hypothesis justifies the computation.
EPA-0001,302,P2,ecology_climate,EPA EnviroAtlas Web Services,epa_enviroatlas,geospatial_layer_catalog,geospatial_layer_search,GET,https://www.epa.gov/enviroatlas/enviroatlas-web-services,forest and woodland cover,forest and woodland cover,"{""layer_search_term"":""forest and woodland cover"",""preferred_formats"":[""GeoJSON"",""CSV"",""WFS"",""ArcGIS REST""]}",United States,All available; preserve source vintage,geospatial_layer_metadata,"Tick ecology, weather, climate, habitat, land-cover, hosts, and geographic-risk features.",Construct environmental context and risk features without treating correlation as causation.,none,,"Enumerate services/layers, then use the selected service's ArcGIS REST or OGC pagination.",Throttle conservatively and retry 429/5xx with exponential backoff.,service URL + layer id + vintage,"geometry, GEOID/FIPS if present, year",true,https://www.epa.gov/enviroatlas/enviroatlas-web-services,Select only layers tied to a defensible hypothesis; do not ingest the entire catalog.
EPA-0002,303,P2,ecology_climate,EPA EnviroAtlas Web Services,epa_enviroatlas,geospatial_layer_catalog,geospatial_layer_search,GET,https://www.epa.gov/enviroatlas/enviroatlas-web-services,tree cover,tree cover,"{""layer_search_term"":""tree cover"",""preferred_formats"":[""GeoJSON"",""CSV"",""WFS"",""ArcGIS REST""]}",United States,All available; preserve source vintage,geospatial_layer_metadata,"Tick ecology, weather, climate, habitat, land-cover, hosts, and geographic-risk features.",Construct environmental context and risk features without treating correlation as causation.,none,,"Enumerate services/layers, then use the selected service's ArcGIS REST or OGC pagination.",Throttle conservatively and retry 429/5xx with exponential backoff.,service URL + layer id + vintage,"geometry, GEOID/FIPS if present, year",true,https://www.epa.gov/enviroatlas/enviroatlas-web-services,Select only layers tied to a defensible hypothesis; do not ingest the entire catalog.
EPA-0003,304,P2,ecology_climate,EPA EnviroAtlas Web Services,epa_enviroatlas,geospatial_layer_catalog,geospatial_layer_search,GET,https://www.epa.gov/enviroatlas/enviroatlas-web-services,green space,green space,"{""layer_search_term"":""green space"",""preferred_formats"":[""GeoJSON"",""CSV"",""WFS"",""ArcGIS REST""]}",United States,All available; preserve source vintage,geospatial_layer_metadata,"Tick ecology, weather, climate, habitat, land-cover, hosts, and geographic-risk features.",Construct environmental context and risk features without treating correlation as causation.,none,,"Enumerate services/layers, then use the selected service's ArcGIS REST or OGC pagination.",Throttle conservatively and retry 429/5xx with exponential backoff.,service URL + layer id + vintage,"geometry, GEOID/FIPS if present, year",true,https://www.epa.gov/enviroatlas/enviroatlas-web-services,Select only layers tied to a defensible hypothesis; do not ingest the entire catalog.
EPA-0004,305,P2,ecology_climate,EPA EnviroAtlas Web Services,epa_enviroatlas,geospatial_layer_catalog,geospatial_layer_search,GET,https://www.epa.gov/enviroatlas/enviroatlas-web-services,land use mix,land use mix,"{""layer_search_term"":""land use mix"",""preferred_formats"":[""GeoJSON"",""CSV"",""WFS"",""ArcGIS REST""]}",United States,All available; preserve source vintage,geospatial_layer_metadata,"Tick ecology, weather, climate, habitat, land-cover, hosts, and geographic-risk features.",Construct environmental context and risk features without treating correlation as causation.,none,,"Enumerate services/layers, then use the selected service's ArcGIS REST or OGC pagination.",Throttle conservatively and retry 429/5xx with exponential backoff.,service URL + layer id + vintage,"geometry, GEOID/FIPS if present, year",true,https://www.epa.gov/enviroatlas/enviroatlas-web-services,Select only layers tied to a defensible hypothesis; do not ingest the entire catalog.
EPA-0005,306,P2,ecology_climate,EPA EnviroAtlas Web Services,epa_enviroatlas,geospatial_layer_catalog,geospatial_layer_search,GET,https://www.epa.gov/enviroatlas/enviroatlas-web-services,road density,road density,"{""layer_search_term"":""road density"",""preferred_formats"":[""GeoJSON"",""CSV"",""WFS"",""ArcGIS REST""]}",United States,All available; preserve source vintage,geospatial_layer_metadata,"Tick ecology, weather, climate, habitat, land-cover, hosts, and geographic-risk features.",Construct environmental context and risk features without treating correlation as causation.,none,,"Enumerate services/layers, then use the selected service's ArcGIS REST or OGC pagination.",Throttle conservatively and retry 429/5xx with exponential backoff.,service URL + layer id + vintage,"geometry, GEOID/FIPS if present, year",true,https://www.epa.gov/enviroatlas/enviroatlas-web-services,Select only layers tied to a defensible hypothesis; do not ingest the entire catalog.
EPA-0006,307,P2,equity_context,EPA EnviroAtlas Web Services,epa_enviroatlas,geospatial_layer_catalog,geospatial_layer_search,GET,https://www.epa.gov/enviroatlas/enviroatlas-web-services,population density,population density,"{""layer_search_term"":""population density"",""preferred_formats"":[""GeoJSON"",""CSV"",""WFS"",""ArcGIS REST""]}",United States,All available; preserve source vintage,geospatial_layer_metadata,"Area-level or population-level access, vulnerability, insurance, transportation, language, and digital-access context.",Test whether proposed tools could reduce or worsen disparities.,none,,"Enumerate services/layers, then use the selected service's ArcGIS REST or OGC pagination.",Throttle conservatively and retry 429/5xx with exponential backoff.,service URL + layer id + vintage,"geometry, GEOID/FIPS if present, year",true,https://www.epa.gov/enviroatlas/enviroatlas-web-services,Select only layers tied to a defensible hypothesis; do not ingest the entire catalog.
EPA-0007,308,P2,equity_context,EPA EnviroAtlas Web Services,epa_enviroatlas,geospatial_layer_catalog,geospatial_layer_search,GET,https://www.epa.gov/enviroatlas/enviroatlas-web-services,recreation access,recreation access,"{""layer_search_term"":""recreation access"",""preferred_formats"":[""GeoJSON"",""CSV"",""WFS"",""ArcGIS REST""]}",United States,All available; preserve source vintage,geospatial_layer_metadata,"Area-level or population-level access, vulnerability, insurance, transportation, language, and digital-access context.",Test whether proposed tools could reduce or worsen disparities.,none,,"Enumerate services/layers, then use the selected service's ArcGIS REST or OGC pagination.",Throttle conservatively and retry 429/5xx with exponential backoff.,service URL + layer id + vintage,"geometry, GEOID/FIPS if present, year",true,https://www.epa.gov/enviroatlas/enviroatlas-web-services,Select only layers tied to a defensible hypothesis; do not ingest the entire catalog.
EPA-0008,309,P2,ecology_climate,EPA EnviroAtlas Web Services,epa_enviroatlas,geospatial_layer_catalog,geospatial_layer_search,GET,https://www.epa.gov/enviroatlas/enviroatlas-web-services,ecosystem services human health,ecosystem services human health,"{""layer_search_term"":""ecosystem services human health"",""preferred_formats"":[""GeoJSON"",""CSV"",""WFS"",""ArcGIS REST""]}",United States,All available; preserve source vintage,geospatial_layer_metadata,"Tick ecology, weather, climate, habitat, land-cover, hosts, and geographic-risk features.",Construct environmental context and risk features without treating correlation as causation.,none,,"Enumerate services/layers, then use the selected service's ArcGIS REST or OGC pagination.",Throttle conservatively and retry 429/5xx with exponential backoff.,service URL + layer id + vintage,"geometry, GEOID/FIPS if present, year",true,https://www.epa.gov/enviroatlas/enviroatlas-web-services,Select only layers tied to a defensible hypothesis; do not ingest the entire catalog.
FDAL-0001,310,P1,treatment,openFDA Drug Label API,openfda_drug_label,regulated_drug_label_records,record_search,GET,https://api.fda.gov/drug/label.json,doxycycline,"openfda.generic_name:""doxycycline""","{""search"":""openfda.generic_name:\""doxycycline\"""",""limit"":100,""api_key"":""${OPENFDA_API_KEY}""}",United States,All available; preserve source vintage,drug_label,"Interventions, medications, treatment duration, comparative effectiveness, outcomes, and safety evidence.","Map current interventions, evidence gaps, safety signals, and treatment-navigation needs.",optional_recommended,OPENFDA_API_KEY,Use skip/limit within openFDA limits; split broad queries by date or drug when necessary.,"Public access works without a key, but a key provides higher quotas.",set_id or application number + effective_time,"generic/brand name, NDC, application number, RxCUI where available",false,https://open.fda.gov/apis/drug/label/,"Use labels for official product information, not proof of comparative effectiveness."
FDAE-0001,311,P2,treatment,openFDA Drug Adverse Event API,openfda_drug_event,spontaneous_adverse_event_reports,record_search,GET,https://api.fda.gov/drug/event.json,doxycycline adverse events,"patient.drug.openfda.generic_name:""doxycycline""","{""search"":""patient.drug.openfda.generic_name:\""doxycycline\"""",""limit"":100,""api_key"":""${OPENFDA_API_KEY}""}",United States,All available; preserve source vintage,adverse_event_report,"Interventions, medications, treatment duration, comparative effectiveness, outcomes, and safety evidence.","Map current interventions, evidence gaps, safety signals, and treatment-navigation needs.",optional_recommended,OPENFDA_API_KEY,Use skip/limit; use count endpoints for aggregate exploration before pulling reports.,"Public access works without a key, but a key provides higher quotas.",safetyreportid,"drug name, NDC/application number, reaction term, report date",false,https://open.fda.gov/apis/drug/event/,Spontaneous reports are signal-generating and cannot establish incidence or causation.
FDAL-0002,312,P1,treatment,openFDA Drug Label API,openfda_drug_label,regulated_drug_label_records,record_search,GET,https://api.fda.gov/drug/label.json,amoxicillin,"openfda.generic_name:""amoxicillin""","{""search"":""openfda.generic_name:\""amoxicillin\"""",""limit"":100,""api_key"":""${OPENFDA_API_KEY}""}",United States,All available; preserve source vintage,drug_label,"Interventions, medications, treatment duration, comparative effectiveness, outcomes, and safety evidence.","Map current interventions, evidence gaps, safety signals, and treatment-navigation needs.",optional_recommended,OPENFDA_API_KEY,Use skip/limit within openFDA limits; split broad queries by date or drug when necessary.,"Public access works without a key, but a key provides higher quotas.",set_id or application number + effective_time,"generic/brand name, NDC, application number, RxCUI where available",false,https://open.fda.gov/apis/drug/label/,"Use labels for official product information, not proof of comparative effectiveness."
FDAE-0002,313,P2,treatment,openFDA Drug Adverse Event API,openfda_drug_event,spontaneous_adverse_event_reports,record_search,GET,https://api.fda.gov/drug/event.json,amoxicillin adverse events,"patient.drug.openfda.generic_name:""amoxicillin""","{""search"":""patient.drug.openfda.generic_name:\""amoxicillin\"""",""limit"":100,""api_key"":""${OPENFDA_API_KEY}""}",United States,All available; preserve source vintage,adverse_event_report,"Interventions, medications, treatment duration, comparative effectiveness, outcomes, and safety evidence.","Map current interventions, evidence gaps, safety signals, and treatment-navigation needs.",optional_recommended,OPENFDA_API_KEY,Use skip/limit; use count endpoints for aggregate exploration before pulling reports.,"Public access works without a key, but a key provides higher quotas.",safetyreportid,"drug name, NDC/application number, reaction term, report date",false,https://open.fda.gov/apis/drug/event/,Spontaneous reports are signal-generating and cannot establish incidence or causation.
FDAL-0003,314,P1,treatment,openFDA Drug Label API,openfda_drug_label,regulated_drug_label_records,record_search,GET,https://api.fda.gov/drug/label.json,cefuroxime,"openfda.generic_name:""cefuroxime""","{""search"":""openfda.generic_name:\""cefuroxime\"""",""limit"":100,""api_key"":""${OPENFDA_API_KEY}""}",United States,All available; preserve source vintage,drug_label,"Interventions, medications, treatment duration, comparative effectiveness, outcomes, and safety evidence.","Map current interventions, evidence gaps, safety signals, and treatment-navigation needs.",optional_recommended,OPENFDA_API_KEY,Use skip/limit within openFDA limits; split broad queries by date or drug when necessary.,"Public access works without a key, but a key provides higher quotas.",set_id or application number + effective_time,"generic/brand name, NDC, application number, RxCUI where available",false,https://open.fda.gov/apis/drug/label/,"Use labels for official product information, not proof of comparative effectiveness."
FDAE-0003,315,P2,treatment,openFDA Drug Adverse Event API,openfda_drug_event,spontaneous_adverse_event_reports,record_search,GET,https://api.fda.gov/drug/event.json,cefuroxime adverse events,"patient.drug.openfda.generic_name:""cefuroxime""","{""search"":""patient.drug.openfda.generic_name:\""cefuroxime\"""",""limit"":100,""api_key"":""${OPENFDA_API_KEY}""}",United States,All available; preserve source vintage,adverse_event_report,"Interventions, medications, treatment duration, comparative effectiveness, outcomes, and safety evidence.","Map current interventions, evidence gaps, safety signals, and treatment-navigation needs.",optional_recommended,OPENFDA_API_KEY,Use skip/limit; use count endpoints for aggregate exploration before pulling reports.,"Public access works without a key, but a key provides higher quotas.",safetyreportid,"drug name, NDC/application number, reaction term, report date",false,https://open.fda.gov/apis/drug/event/,Spontaneous reports are signal-generating and cannot establish incidence or causation.
FDAL-0004,316,P1,treatment,openFDA Drug Label API,openfda_drug_label,regulated_drug_label_records,record_search,GET,https://api.fda.gov/drug/label.json,ceftriaxone,"openfda.generic_name:""ceftriaxone""","{""search"":""openfda.generic_name:\""ceftriaxone\"""",""limit"":100,""api_key"":""${OPENFDA_API_KEY}""}",United States,All available; preserve source vintage,drug_label,"Interventions, medications, treatment duration, comparative effectiveness, outcomes, and safety evidence.","Map current interventions, evidence gaps, safety signals, and treatment-navigation needs.",optional_recommended,OPENFDA_API_KEY,Use skip/limit within openFDA limits; split broad queries by date or drug when necessary.,"Public access works without a key, but a key provides higher quotas.",set_id or application number + effective_time,"generic/brand name, NDC, application number, RxCUI where available",false,https://open.fda.gov/apis/drug/label/,"Use labels for official product information, not proof of comparative effectiveness."
FDAE-0004,317,P2,treatment,openFDA Drug Adverse Event API,openfda_drug_event,spontaneous_adverse_event_reports,record_search,GET,https://api.fda.gov/drug/event.json,ceftriaxone adverse events,"patient.drug.openfda.generic_name:""ceftriaxone""","{""search"":""patient.drug.openfda.generic_name:\""ceftriaxone\"""",""limit"":100,""api_key"":""${OPENFDA_API_KEY}""}",United States,All available; preserve source vintage,adverse_event_report,"Interventions, medications, treatment duration, comparative effectiveness, outcomes, and safety evidence.","Map current interventions, evidence gaps, safety signals, and treatment-navigation needs.",optional_recommended,OPENFDA_API_KEY,Use skip/limit; use count endpoints for aggregate exploration before pulling reports.,"Public access works without a key, but a key provides higher quotas.",safetyreportid,"drug name, NDC/application number, reaction term, report date",false,https://open.fda.gov/apis/drug/event/,Spontaneous reports are signal-generating and cannot establish incidence or causation.
FDAL-0005,318,P1,treatment,openFDA Drug Label API,openfda_drug_label,regulated_drug_label_records,record_search,GET,https://api.fda.gov/drug/label.json,azithromycin,"openfda.generic_name:""azithromycin""","{""search"":""openfda.generic_name:\""azithromycin\"""",""limit"":100,""api_key"":""${OPENFDA_API_KEY}""}",United States,All available; preserve source vintage,drug_label,"Interventions, medications, treatment duration, comparative effectiveness, outcomes, and safety evidence.","Map current interventions, evidence gaps, safety signals, and treatment-navigation needs.",optional_recommended,OPENFDA_API_KEY,Use skip/limit within openFDA limits; split broad queries by date or drug when necessary.,"Public access works without a key, but a key provides higher quotas.",set_id or application number + effective_time,"generic/brand name, NDC, application number, RxCUI where available",false,https://open.fda.gov/apis/drug/label/,"Use labels for official product information, not proof of comparative effectiveness."
FDAE-0005,319,P2,treatment,openFDA Drug Adverse Event API,openfda_drug_event,spontaneous_adverse_event_reports,record_search,GET,https://api.fda.gov/drug/event.json,azithromycin adverse events,"patient.drug.openfda.generic_name:""azithromycin""","{""search"":""patient.drug.openfda.generic_name:\""azithromycin\"""",""limit"":100,""api_key"":""${OPENFDA_API_KEY}""}",United States,All available; preserve source vintage,adverse_event_report,"Interventions, medications, treatment duration, comparative effectiveness, outcomes, and safety evidence.","Map current interventions, evidence gaps, safety signals, and treatment-navigation needs.",optional_recommended,OPENFDA_API_KEY,Use skip/limit; use count endpoints for aggregate exploration before pulling reports.,"Public access works without a key, but a key provides higher quotas.",safetyreportid,"drug name, NDC/application number, reaction term, report date",false,https://open.fda.gov/apis/drug/event/,Spontaneous reports are signal-generating and cannot establish incidence or causation.
FDAL-0006,320,P1,treatment,openFDA Drug Label API,openfda_drug_label,regulated_drug_label_records,record_search,GET,https://api.fda.gov/drug/label.json,minocycline,"openfda.generic_name:""minocycline""","{""search"":""openfda.generic_name:\""minocycline\"""",""limit"":100,""api_key"":""${OPENFDA_API_KEY}""}",United States,All available; preserve source vintage,drug_label,"Interventions, medications, treatment duration, comparative effectiveness, outcomes, and safety evidence.","Map current interventions, evidence gaps, safety signals, and treatment-navigation needs.",optional_recommended,OPENFDA_API_KEY,Use skip/limit within openFDA limits; split broad queries by date or drug when necessary.,"Public access works without a key, but a key provides higher quotas.",set_id or application number + effective_time,"generic/brand name, NDC, application number, RxCUI where available",false,https://open.fda.gov/apis/drug/label/,"Use labels for official product information, not proof of comparative effectiveness."
FDAE-0006,321,P2,treatment,openFDA Drug Adverse Event API,openfda_drug_event,spontaneous_adverse_event_reports,record_search,GET,https://api.fda.gov/drug/event.json,minocycline adverse events,"patient.drug.openfda.generic_name:""minocycline""","{""search"":""patient.drug.openfda.generic_name:\""minocycline\"""",""limit"":100,""api_key"":""${OPENFDA_API_KEY}""}",United States,All available; preserve source vintage,adverse_event_report,"Interventions, medications, treatment duration, comparative effectiveness, outcomes, and safety evidence.","Map current interventions, evidence gaps, safety signals, and treatment-navigation needs.",optional_recommended,OPENFDA_API_KEY,Use skip/limit; use count endpoints for aggregate exploration before pulling reports.,"Public access works without a key, but a key provides higher quotas.",safetyreportid,"drug name, NDC/application number, reaction term, report date",false,https://open.fda.gov/apis/drug/event/,Spontaneous reports are signal-generating and cannot establish incidence or causation.
FDAL-0007,322,P1,treatment,openFDA Drug Label API,openfda_drug_label,regulated_drug_label_records,record_search,GET,https://api.fda.gov/drug/label.json,penicillin,"openfda.generic_name:""penicillin""","{""search"":""openfda.generic_name:\""penicillin\"""",""limit"":100,""api_key"":""${OPENFDA_API_KEY}""}",United States,All available; preserve source vintage,drug_label,"Interventions, medications, treatment duration, comparative effectiveness, outcomes, and safety evidence.","Map current interventions, evidence gaps, safety signals, and treatment-navigation needs.",optional_recommended,OPENFDA_API_KEY,Use skip/limit within openFDA limits; split broad queries by date or drug when necessary.,"Public access works without a key, but a key provides higher quotas.",set_id or application number + effective_time,"generic/brand name, NDC, application number, RxCUI where available",false,https://open.fda.gov/apis/drug/label/,"Use labels for official product information, not proof of comparative effectiveness."
FDAE-0007,323,P2,treatment,openFDA Drug Adverse Event API,openfda_drug_event,spontaneous_adverse_event_reports,record_search,GET,https://api.fda.gov/drug/event.json,penicillin adverse events,"patient.drug.openfda.generic_name:""penicillin""","{""search"":""patient.drug.openfda.generic_name:\""penicillin\"""",""limit"":100,""api_key"":""${OPENFDA_API_KEY}""}",United States,All available; preserve source vintage,adverse_event_report,"Interventions, medications, treatment duration, comparative effectiveness, outcomes, and safety evidence.","Map current interventions, evidence gaps, safety signals, and treatment-navigation needs.",optional_recommended,OPENFDA_API_KEY,Use skip/limit; use count endpoints for aggregate exploration before pulling reports.,"Public access works without a key, but a key provides higher quotas.",safetyreportid,"drug name, NDC/application number, reaction term, report date",false,https://open.fda.gov/apis/drug/event/,Spontaneous reports are signal-generating and cannot establish incidence or causation.
RXN-0001,324,P1,treatment,NLM RxNorm API,rxnorm,medication_terminology,terminology_lookup,GET,https://rxnav.nlm.nih.gov/REST/approximateTerm.json,doxycycline,doxycycline,"{""term"":""doxycycline"",""maxEntries"":20,""option"":1}",United States,All available; preserve source vintage,medication_concept,"Interventions, medications, treatment duration, comparative effectiveness, outcomes, and safety evidence.","Map current interventions, evidence gaps, safety signals, and treatment-navigation needs.",none,,Not generally paginated for approximate-term lookup; follow returned RxCUIs with property/relationship calls.,Throttle conservatively and retry 429/5xx with exponential backoff.,RxCUI,"RxCUI, ingredient, brand, NDC",false,https://lhncbc.nlm.nih.gov/RxNav/APIs/RxNormAPIs.html,"Use RxNorm to normalize medication names returned by literature, trials, labels, and provider datasets."
RXN-0002,325,P1,treatment,NLM RxNorm API,rxnorm,medication_terminology,terminology_lookup,GET,https://rxnav.nlm.nih.gov/REST/approximateTerm.json,amoxicillin,amoxicillin,"{""term"":""amoxicillin"",""maxEntries"":20,""option"":1}",United States,All available; preserve source vintage,medication_concept,"Interventions, medications, treatment duration, comparative effectiveness, outcomes, and safety evidence.","Map current interventions, evidence gaps, safety signals, and treatment-navigation needs.",none,,Not generally paginated for approximate-term lookup; follow returned RxCUIs with property/relationship calls.,Throttle conservatively and retry 429/5xx with exponential backoff.,RxCUI,"RxCUI, ingredient, brand, NDC",false,https://lhncbc.nlm.nih.gov/RxNav/APIs/RxNormAPIs.html,"Use RxNorm to normalize medication names returned by literature, trials, labels, and provider datasets."
RXN-0003,326,P1,treatment,NLM RxNorm API,rxnorm,medication_terminology,terminology_lookup,GET,https://rxnav.nlm.nih.gov/REST/approximateTerm.json,cefuroxime,cefuroxime,"{""term"":""cefuroxime"",""maxEntries"":20,""option"":1}",United States,All available; preserve source vintage,medication_concept,"Interventions, medications, treatment duration, comparative effectiveness, outcomes, and safety evidence.","Map current interventions, evidence gaps, safety signals, and treatment-navigation needs.",none,,Not generally paginated for approximate-term lookup; follow returned RxCUIs with property/relationship calls.,Throttle conservatively and retry 429/5xx with exponential backoff.,RxCUI,"RxCUI, ingredient, brand, NDC",false,https://lhncbc.nlm.nih.gov/RxNav/APIs/RxNormAPIs.html,"Use RxNorm to normalize medication names returned by literature, trials, labels, and provider datasets."
RXN-0004,327,P1,treatment,NLM RxNorm API,rxnorm,medication_terminology,terminology_lookup,GET,https://rxnav.nlm.nih.gov/REST/approximateTerm.json,ceftriaxone,ceftriaxone,"{""term"":""ceftriaxone"",""maxEntries"":20,""option"":1}",United States,All available; preserve source vintage,medication_concept,"Interventions, medications, treatment duration, comparative effectiveness, outcomes, and safety evidence.","Map current interventions, evidence gaps, safety signals, and treatment-navigation needs.",none,,Not generally paginated for approximate-term lookup; follow returned RxCUIs with property/relationship calls.,Throttle conservatively and retry 429/5xx with exponential backoff.,RxCUI,"RxCUI, ingredient, brand, NDC",false,https://lhncbc.nlm.nih.gov/RxNav/APIs/RxNormAPIs.html,"Use RxNorm to normalize medication names returned by literature, trials, labels, and provider datasets."
RXN-0005,328,P1,treatment,NLM RxNorm API,rxnorm,medication_terminology,terminology_lookup,GET,https://rxnav.nlm.nih.gov/REST/approximateTerm.json,azithromycin,azithromycin,"{""term"":""azithromycin"",""maxEntries"":20,""option"":1}",United States,All available; preserve source vintage,medication_concept,"Interventions, medications, treatment duration, comparative effectiveness, outcomes, and safety evidence.","Map current interventions, evidence gaps, safety signals, and treatment-navigation needs.",none,,Not generally paginated for approximate-term lookup; follow returned RxCUIs with property/relationship calls.,Throttle conservatively and retry 429/5xx with exponential backoff.,RxCUI,"RxCUI, ingredient, brand, NDC",false,https://lhncbc.nlm.nih.gov/RxNav/APIs/RxNormAPIs.html,"Use RxNorm to normalize medication names returned by literature, trials, labels, and provider datasets."
RXN-0006,329,P1,treatment,NLM RxNorm API,rxnorm,medication_terminology,terminology_lookup,GET,https://rxnav.nlm.nih.gov/REST/approximateTerm.json,minocycline,minocycline,"{""term"":""minocycline"",""maxEntries"":20,""option"":1}",United States,All available; preserve source vintage,medication_concept,"Interventions, medications, treatment duration, comparative effectiveness, outcomes, and safety evidence.","Map current interventions, evidence gaps, safety signals, and treatment-navigation needs.",none,,Not generally paginated for approximate-term lookup; follow returned RxCUIs with property/relationship calls.,Throttle conservatively and retry 429/5xx with exponential backoff.,RxCUI,"RxCUI, ingredient, brand, NDC",false,https://lhncbc.nlm.nih.gov/RxNav/APIs/RxNormAPIs.html,"Use RxNorm to normalize medication names returned by literature, trials, labels, and provider datasets."
RXN-0007,330,P1,treatment,NLM RxNorm API,rxnorm,medication_terminology,terminology_lookup,GET,https://rxnav.nlm.nih.gov/REST/approximateTerm.json,penicillin,penicillin,"{""term"":""penicillin"",""maxEntries"":20,""option"":1}",United States,All available; preserve source vintage,medication_concept,"Interventions, medications, treatment duration, comparative effectiveness, outcomes, and safety evidence.","Map current interventions, evidence gaps, safety signals, and treatment-navigation needs.",none,,Not generally paginated for approximate-term lookup; follow returned RxCUIs with property/relationship calls.,Throttle conservatively and retry 429/5xx with exponential backoff.,RxCUI,"RxCUI, ingredient, brand, NDC",false,https://lhncbc.nlm.nih.gov/RxNav/APIs/RxNormAPIs.html,"Use RxNorm to normalize medication names returned by literature, trials, labels, and provider datasets."
RXN-0008,331,P1,treatment,NLM RxNorm API,rxnorm,medication_terminology,terminology_lookup,GET,https://rxnav.nlm.nih.gov/REST/approximateTerm.json,doxycycline hyclate,doxycycline hyclate,"{""term"":""doxycycline hyclate"",""maxEntries"":20,""option"":1}",United States,All available; preserve source vintage,medication_concept,"Interventions, medications, treatment duration, comparative effectiveness, outcomes, and safety evidence.","Map current interventions, evidence gaps, safety signals, and treatment-navigation needs.",none,,Not generally paginated for approximate-term lookup; follow returned RxCUIs with property/relationship calls.,Throttle conservatively and retry 429/5xx with exponential backoff.,RxCUI,"RxCUI, ingredient, brand, NDC",false,https://lhncbc.nlm.nih.gov/RxNav/APIs/RxNormAPIs.html,"Use RxNorm to normalize medication names returned by literature, trials, labels, and provider datasets."
RXN-0009,332,P1,treatment,NLM RxNorm API,rxnorm,medication_terminology,terminology_lookup,GET,https://rxnav.nlm.nih.gov/REST/approximateTerm.json,doxycycline monohydrate,doxycycline monohydrate,"{""term"":""doxycycline monohydrate"",""maxEntries"":20,""option"":1}",United States,All available; preserve source vintage,medication_concept,"Interventions, medications, treatment duration, comparative effectiveness, outcomes, and safety evidence.","Map current interventions, evidence gaps, safety signals, and treatment-navigation needs.",none,,Not generally paginated for approximate-term lookup; follow returned RxCUIs with property/relationship calls.,Throttle conservatively and retry 429/5xx with exponential backoff.,RxCUI,"RxCUI, ingredient, brand, NDC",false,https://lhncbc.nlm.nih.gov/RxNav/APIs/RxNormAPIs.html,"Use RxNorm to normalize medication names returned by literature, trials, labels, and provider datasets."
RXN-0010,333,P1,treatment,NLM RxNorm API,rxnorm,medication_terminology,terminology_lookup,GET,https://rxnav.nlm.nih.gov/REST/approximateTerm.json,cefuroxime axetil,cefuroxime axetil,"{""term"":""cefuroxime axetil"",""maxEntries"":20,""option"":1}",United States,All available; preserve source vintage,medication_concept,"Interventions, medications, treatment duration, comparative effectiveness, outcomes, and safety evidence.","Map current interventions, evidence gaps, safety signals, and treatment-navigation needs.",none,,Not generally paginated for approximate-term lookup; follow returned RxCUIs with property/relationship calls.,Throttle conservatively and retry 429/5xx with exponential backoff.,RxCUI,"RxCUI, ingredient, brand, NDC",false,https://lhncbc.nlm.nih.gov/RxNav/APIs/RxNormAPIs.html,"Use RxNorm to normalize medication names returned by literature, trials, labels, and provider datasets."
WON-0001,334,P2,surveillance_public_health,CDC WONDER,cdc_wonder,aggregate_public_health_query_system,xml_query_template,POST,https://wonder.cdc.gov/controller/datarequest/{database_id},Lyme disease annual summary by year,Lyme disease annual summary by year,"{""request_xml_template"":""${WONDER_REQUEST_XML}"",""accept_datause_restrictions"":""true"",""database_id"":""${WONDER_DATABASE_ID}"",""analysis_intent"":""Lyme disease annual summary by year""}",United States,All available; preserve source vintage,aggregate_surveillance_table,"Human case counts, surveillance definitions, geographic trends, reporting limitations, and prevention assets.",Build geographic and temporal outcome layers and document surveillance caveats.,none,,"WONDER queries return aggregate result tables; submit serially, one query at a time.",CDC advises serial queries and suggests roughly two minutes between automated data-mining requests.,database id + normalized request parameters + result row dimensions,"disease, year, geography/demographics if supported by the selected WONDER database",true,https://wonder.cdc.gov/wonder/help/wonder-api.html,"Build the exact XML from a tested WONDER UI query and preserve data-use restrictions, caveats, footnotes, and suppressions."
WON-0002,335,P2,surveillance_public_health,CDC WONDER,cdc_wonder,aggregate_public_health_query_system,xml_query_template,POST,https://wonder.cdc.gov/controller/datarequest/{database_id},Lyme disease annual summary by state,Lyme disease annual summary by state,"{""request_xml_template"":""${WONDER_REQUEST_XML}"",""accept_datause_restrictions"":""true"",""database_id"":""${WONDER_DATABASE_ID}"",""analysis_intent"":""Lyme disease annual summary by state""}",United States,All available; preserve source vintage,aggregate_surveillance_table,"Human case counts, surveillance definitions, geographic trends, reporting limitations, and prevention assets.",Build geographic and temporal outcome layers and document surveillance caveats.,none,,"WONDER queries return aggregate result tables; submit serially, one query at a time.",CDC advises serial queries and suggests roughly two minutes between automated data-mining requests.,database id + normalized request parameters + result row dimensions,"disease, year, geography/demographics if supported by the selected WONDER database",true,https://wonder.cdc.gov/wonder/help/wonder-api.html,"Build the exact XML from a tested WONDER UI query and preserve data-use restrictions, caveats, footnotes, and suppressions."
WON-0003,336,P2,coinfections,CDC WONDER,cdc_wonder,aggregate_public_health_query_system,xml_query_template,POST,https://wonder.cdc.gov/controller/datarequest/{database_id},Lyme disease comparison with babesiosis,Lyme disease comparison with babesiosis,"{""request_xml_template"":""${WONDER_REQUEST_XML}"",""accept_datause_restrictions"":""true"",""database_id"":""${WONDER_DATABASE_ID}"",""analysis_intent"":""Lyme disease comparison with babesiosis""}",United States,All available; preserve source vintage,aggregate_surveillance_table,"Other tickborne pathogens, coinfection patterns, and related surveillance or clinical evidence.",Identify where single-disease workflows miss clinically relevant tickborne conditions.,none,,"WONDER queries return aggregate result tables; submit serially, one query at a time.",CDC advises serial queries and suggests roughly two minutes between automated data-mining requests.,database id + normalized request parameters + result row dimensions,"disease, year, geography/demographics if supported by the selected WONDER database",true,https://wonder.cdc.gov/wonder/help/wonder-api.html,"Build the exact XML from a tested WONDER UI query and preserve data-use restrictions, caveats, footnotes, and suppressions."
WON-0004,337,P2,coinfections,CDC WONDER,cdc_wonder,aggregate_public_health_query_system,xml_query_template,POST,https://wonder.cdc.gov/controller/datarequest/{database_id},Lyme disease comparison with anaplasmosis/ehrlichiosis,Lyme disease comparison with anaplasmosis/ehrlichiosis,"{""request_xml_template"":""${WONDER_REQUEST_XML}"",""accept_datause_restrictions"":""true"",""database_id"":""${WONDER_DATABASE_ID}"",""analysis_intent"":""Lyme disease comparison with anaplasmosis/ehrlichiosis""}",United States,All available; preserve source vintage,aggregate_surveillance_table,"Other tickborne pathogens, coinfection patterns, and related surveillance or clinical evidence.",Identify where single-disease workflows miss clinically relevant tickborne conditions.,none,,"WONDER queries return aggregate result tables; submit serially, one query at a time.",CDC advises serial queries and suggests roughly two minutes between automated data-mining requests.,database id + normalized request parameters + result row dimensions,"disease, year, geography/demographics if supported by the selected WONDER database",true,https://wonder.cdc.gov/wonder/help/wonder-api.html,"Build the exact XML from a tested WONDER UI query and preserve data-use restrictions, caveats, footnotes, and suppressions."
WON-0005,338,P2,surveillance_public_health,CDC WONDER,cdc_wonder,aggregate_public_health_query_system,xml_query_template,POST,https://wonder.cdc.gov/controller/datarequest/{database_id},Lyme disease demographic breakdown,Lyme disease demographic breakdown,"{""request_xml_template"":""${WONDER_REQUEST_XML}"",""accept_datause_restrictions"":""true"",""database_id"":""${WONDER_DATABASE_ID}"",""analysis_intent"":""Lyme disease demographic breakdown""}",United States,All available; preserve source vintage,aggregate_surveillance_table,"Human case counts, surveillance definitions, geographic trends, reporting limitations, and prevention assets.",Build geographic and temporal outcome layers and document surveillance caveats.,none,,"WONDER queries return aggregate result tables; submit serially, one query at a time.",CDC advises serial queries and suggests roughly two minutes between automated data-mining requests.,database id + normalized request parameters + result row dimensions,"disease, year, geography/demographics if supported by the selected WONDER database",true,https://wonder.cdc.gov/wonder/help/wonder-api.html,"Build the exact XML from a tested WONDER UI query and preserve data-use restrictions, caveats, footnotes, and suppressions."
WON-0006,339,P2,surveillance_public_health,CDC WONDER,cdc_wonder,aggregate_public_health_query_system,xml_query_template,POST,https://wonder.cdc.gov/controller/datarequest/{database_id},provisional versus finalized surveillance comparison,provisional versus finalized surveillance comparison,"{""request_xml_template"":""${WONDER_REQUEST_XML}"",""accept_datause_restrictions"":""true"",""database_id"":""${WONDER_DATABASE_ID}"",""analysis_intent"":""provisional versus finalized surveillance comparison""}",United States,All available; preserve source vintage,aggregate_surveillance_table,"Human case counts, surveillance definitions, geographic trends, reporting limitations, and prevention assets.",Build geographic and temporal outcome layers and document surveillance caveats.,none,,"WONDER queries return aggregate result tables; submit serially, one query at a time.",CDC advises serial queries and suggests roughly two minutes between automated data-mining requests.,database id + normalized request parameters + result row dimensions,"disease, year, geography/demographics if supported by the selected WONDER database",true,https://wonder.cdc.gov/wonder/help/wonder-api.html,"Build the exact XML from a tested WONDER UI query and preserve data-use restrictions, caveats, footnotes, and suppressions."
