Year,State,FIPS,Case_status,Sex,Age_cat_yrs,Frequency
2022,AK,Suppressed,Confirmed,Suppressed,20+,2
2022,AK,Suppressed,Probable,Suppressed,20+,3
2022,AL,Suppressed,Confirmed,Male,20+,5
2022,AL,Suppressed,Confirmed,Suppressed,Suppressed,9
2022,AL,Suppressed,Probable,Male,20+,3
2022,AL,Suppressed,Probable,Suppressed,Suppressed,13
2022,AZ,Suppressed,Confirmed,Suppressed,Suppressed,8
2022,AZ,Suppressed,Probable,Suppressed,Suppressed,1
2022,CA,06037,Confirmed,Suppressed,Suppressed,4
2022,CA,06037,Probable,Suppressed,Suppressed,1
2022,CA,06045,Confirmed,Suppressed,Suppressed,2
2022,CA,06045,Probable,Suppressed,Suppressed,3
2022,CA,06097,Confirmed,Suppressed,Suppressed,4
2022,CA,06097,Probable,Suppressed,Suppressed,1
2022,CA,Suppressed,Confirmed,Male,20+,5
2022,CA,Suppressed,Confirmed,Suppressed,20+,6
2022,CA,Suppressed,Confirmed,Suppressed,Suppressed,31
2022,CA,Suppressed,Probable,Male,20+,2
2022,CA,Suppressed,Probable,Suppressed,20+,7
2022,CA,Suppressed,Probable,Suppressed,Suppressed,11
2022,CO,Suppressed,Confirmed,Male,Suppressed,5
2022,CO,Suppressed,Probable,Male,Suppressed,2
2022,CT,09001,Probable,Male,0-19,54
2022,CT,09001,Probable,Male,20+,238
2022,CT,09001,Probable,Female,0-19,40
2022,CT,09001,Probable,Female,20+,171
2022,CT,09003,Probable,Male,0-19,16
2022,CT,09003,Probable,Male,20+,123
2022,CT,09003,Probable,Female,0-19,13
2022,CT,09003,Probable,Female,20+,66
2022,CT,09005,Probable,Male,0-19,14
2022,CT,09005,Probable,Male,20+,128
2022,CT,09005,Probable,Female,0-19,14
2022,CT,09005,Probable,Female,20+,79
2022,CT,09007,Probable,Male,0-19,8
2022,CT,09007,Probable,Male,20+,57
2022,CT,09007,Probable,Female,20+,44
2022,CT,09007,Probable,Female,Suppressed,4
2022,CT,09009,Probable,Male,0-19,31
2022,CT,09009,Probable,Male,20+,157
2022,CT,09009,Probable,Female,0-19,24
2022,CT,09009,Probable,Female,20+,122
2022,CT,09011,Probable,Male,0-19,21
2022,CT,09011,Probable,Male,20+,170
2022,CT,09011,Probable,Female,0-19,19
2022,CT,09011,Probable,Female,20+,132
2022,CT,09013,Probable,Male,0-19,12
2022,CT,09013,Probable,Male,20+,56
2022,CT,09013,Probable,Female,0-19,6
2022,CT,09013,Probable,Female,20+,62
2022,CT,09015,Probable,Male,0-19,11
2022,CT,09015,Probable,Male,20+,70
2022,CT,09015,Probable,Female,0-19,7
2022,CT,09015,Probable,Female,20+,50
2022,CT,Suppressed,Probable,Female,20+,2
2022,CT,Suppressed,Probable,Suppressed,20+,1
2022,DC,11001,Probable,Male,0-19,5
2022,DC,11001,Probable,Male,20+,39
2022,DC,11001,Probable,Female,20+,26
2022,DC,11001,Probable,Female,Suppressed,3
2022,DC,Suppressed,Probable,Male,20+,3
2022,DC,Suppressed,Probable,Suppressed,20+,1
2022,DE,10001,Probable,Unknown,20+,42
2022,DE,10001,Probable,Unknown,Suppressed,3
2022,DE,10003,Probable,Unknown,0-19,35
2022,DE,10003,Probable,Unknown,20+,144
2022,DE,10003,Probable,Suppressed,20+,5
2022,DE,10005,Probable,Unknown,20+,41
2022,DE,10005,Probable,Unknown,Suppressed,4
2022,DE,10005,Probable,Suppressed,20+,2
2022,DE,Unknown,Probable,Unknown,20+,18
2022,DE,Unknown,Probable,Unknown,Suppressed,4
2022,FL,12009,Confirmed,Female,Suppressed,3
2022,FL,12009,Probable,Female,Suppressed,2
2022,FL,12015,Confirmed,Suppressed,20+,2
2022,FL,12015,Probable,Suppressed,20+,4
2022,FL,12069,Confirmed,Female,20+,3
2022,FL,12069,Confirmed,Suppressed,20+,1
2022,FL,12069,Probable,Female,20+,5
2022,FL,12069,Probable,Suppressed,20+,1
2022,FL,12069,Probable,Suppressed,Suppressed,1
2022,FL,12071,Confirmed,Male,20+,6
2022,FL,12071,Confirmed,Female,20+,3
2022,FL,12071,Probable,Male,20+,1
2022,FL,12071,Probable,Female,20+,2
2022,FL,12081,Confirmed,Suppressed,20+,2
2022,FL,12081,Probable,Suppressed,20+,4
2022,FL,12085,Confirmed,Male,20+,2
2022,FL,12085,Probable,Male,20+,3
2022,FL,12085,Probable,Suppressed,20+,1
2022,FL,12086,Confirmed,Male,20+,4
2022,FL,12086,Confirmed,Male,Suppressed,2
2022,FL,12086,Confirmed,Female,20+,2
2022,FL,12086,Confirmed,Female,Suppressed,1
2022,FL,12086,Probable,Male,20+,3
2022,FL,12086,Probable,Female,20+,4
2022,FL,12095,Confirmed,Suppressed,20+,3
2022,FL,12095,Probable,Suppressed,20+,3
2022,FL,12099,Confirmed,Male,20+,8
2022,FL,12099,Confirmed,Male,Suppressed,1
2022,FL,12099,Confirmed,Female,20+,7
2022,FL,12099,Confirmed,Female,Suppressed,1
2022,FL,12099,Probable,Male,20+,12
2022,FL,12099,Probable,Female,20+,15
2022,FL,12099,Probable,Female,Suppressed,3
2022,FL,12101,Confirmed,Suppressed,20+,5
2022,FL,12101,Probable,Suppressed,20+,1
2022,FL,12103,Confirmed,Male,20+,1
2022,FL,12103,Probable,Male,20+,6
2022,FL,12103,Probable,Male,Suppressed,3
2022,FL,12103,Probable,Suppressed,20+,1
2022,FL,12111,Confirmed,Male,20+,3
2022,FL,12111,Confirmed,Suppressed,20+,1
2022,FL,12111,Probable,Male,20+,4
2022,FL,12111,Probable,Suppressed,20+,2
2022,FL,12115,Confirmed,Male,20+,1
2022,FL,12115,Confirmed,Suppressed,20+,2
2022,FL,12115,Confirmed,Suppressed,Suppressed,1
2022,FL,12115,Probable,Male,20+,4
2022,FL,12115,Probable,Suppressed,20+,2
2022,FL,12115,Probable,Suppressed,Suppressed,1
2022,FL,12127,Confirmed,Female,20+,3
2022,FL,12127,Probable,Female,20+,3
2022,FL,12127,Probable,Suppressed,20+,1
2022,FL,Suppressed,Confirmed,Female,20+,11
2022,FL,Suppressed,Confirmed,Female,Suppressed,1
2022,FL,Suppressed,Confirmed,Suppressed,20+,18
2022,FL,Suppressed,Confirmed,Suppressed,Suppressed,3
2022,FL,Suppressed,Probable,Female,20+,12
2022,FL,Suppressed,Probable,Female,Suppressed,4
2022,FL,Suppressed,Probable,Suppressed,20+,18
2022,FL,Suppressed,Probable,Suppressed,Suppressed,6
2022,GA,13121,Confirmed,Female,20+,4
2022,GA,13121,Confirmed,Suppressed,20+,1
2022,GA,13121,Probable,Female,20+,1
2022,GA,Suppressed,Confirmed,Male,20+,5
2022,GA,Suppressed,Confirmed,Suppressed,20+,6
2022,GA,Suppressed,Confirmed,Suppressed,Suppressed,2
2022,GA,Suppressed,Probable,Male,20+,4
2022,GA,Suppressed,Probable,Suppressed,20+,7
2022,GA,Suppressed,Probable,Suppressed,Suppressed,1
2022,IA,19055,Confirmed,Male,Suppressed,5
2022,IA,19061,Confirmed,Male,20+,5
2022,IA,19061,Confirmed,Male,Suppressed,4
2022,IA,19061,Confirmed,Female,20+,6
2022,IA,19061,Probable,Female,Suppressed,1
2022,IA,19103,Confirmed,Male,20+,13
2022,IA,19103,Confirmed,Male,Suppressed,2
2022,IA,19103,Confirmed,Female,20+,15
2022,IA,19103,Confirmed,Female,Suppressed,2
2022,IA,19103,Probable,Male,Suppressed,1
2022,IA,19103,Probable,Female,20+,1
2022,IA,19113,Confirmed,Male,Suppressed,7
2022,IA,19113,Confirmed,Female,20+,8
2022,IA,19113,Confirmed,Female,Suppressed,3
2022,IA,19153,Confirmed,Male,20+,7
2022,IA,19153,Confirmed,Male,Suppressed,3
2022,IA,19153,Confirmed,Suppressed,Suppressed,2
2022,IA,19153,Probable,Suppressed,Suppressed,1
2022,IA,19163,Confirmed,Male,Suppressed,5
2022,IA,Suppressed,Confirmed,Male,0-19,9
2022,IA,Suppressed,Confirmed,Female,20+,11
2022,IA,Suppressed,Confirmed,Suppressed,Suppressed,40
2022,IA,Suppressed,Probable,Suppressed,Suppressed,3
2022,IL,17031,Confirmed,Male,0-19,14
2022,IL,17031,Confirmed,Male,20+,14
2022,IL,17031,Confirmed,Female,0-19,4
2022,IL,17031,Confirmed,Female,20+,15
2022,IL,17031,Probable,Male,0-19,1
2022,IL,17031,Probable,Male,20+,3
2022,IL,17031,Probable,Female,0-19,2
2022,IL,17031,Probable,Female,20+,6
2022,IL,17043,Confirmed,Male,0-19,7
2022,IL,17043,Confirmed,Male,20+,14
2022,IL,17043,Confirmed,Female,20+,11
2022,IL,17043,Confirmed,Female,Suppressed,2
2022,IL,17043,Probable,Male,20+,3
2022,IL,17043,Probable,Female,20+,2
2022,IL,17085,Confirmed,Suppressed,Suppressed,7
2022,IL,17085,Probable,Suppressed,Suppressed,2
2022,IL,17089,Confirmed,Male,Suppressed,4
2022,IL,17089,Confirmed,Female,20+,4
2022,IL,17089,Confirmed,Female,Suppressed,2
2022,IL,17089,Probable,Male,Suppressed,3
2022,IL,17089,Probable,Female,20+,2
2022,IL,17089,Probable,Female,Suppressed,1
2022,IL,17093,Confirmed,Male,20+,4
2022,IL,17093,Confirmed,Male,Suppressed,1
2022,IL,17093,Probable,Male,20+,1
2022,IL,17097,Confirmed,Male,0-19,4
2022,IL,17097,Confirmed,Male,20+,7
2022,IL,17097,Confirmed,Female,20+,8
2022,IL,17097,Confirmed,Female,Suppressed,2
2022,IL,17097,Probable,Male,0-19,1
2022,IL,17097,Probable,Female,20+,1
2022,IL,17111,Confirmed,Male,0-19,5
2022,IL,17111,Confirmed,Male,20+,8
2022,IL,17111,Confirmed,Suppressed,20+,2
2022,IL,17111,Confirmed,Suppressed,Suppressed,1
2022,IL,17111,Probable,Male,20+,2
2022,IL,17111,Probable,Suppressed,20+,2
2022,IL,17195,Confirmed,Suppressed,Suppressed,6
2022,IL,17197,Confirmed,Male,20+,6
2022,IL,17197,Confirmed,Male,Suppressed,2
2022,IL,17197,Confirmed,Female,20+,9
2022,IL,17197,Confirmed,Female,Suppressed,1
2022,IL,17197,Probable,Male,20+,2
2022,IL,17201,Confirmed,Male,20+,3
2022,IL,17201,Confirmed,Male,Suppressed,1
2022,IL,17201,Confirmed,Suppressed,20+,3
2022,IL,17201,Confirmed,Suppressed,Suppressed,1
2022,IL,17201,Probable,Male,20+,2
2022,IL,17201,Probable,Male,Suppressed,2
2022,IL,17201,Probable,Suppressed,20+,1
2022,IL,Suppressed,Confirmed,Male,0-19,2
2022,IL,Suppressed,Confirmed,Female,20+,7
2022,IL,Suppressed,Confirmed,Suppressed,Suppressed,28
2022,IL,Suppressed,Probable,Male,0-19,1
2022,IL,Suppressed,Probable,Female,20+,2
2022,IL,Suppressed,Probable,Suppressed,Suppressed,8
2022,IN,18019,Confirmed,Suppressed,Suppressed,4
2022,IN,18019,Probable,Suppressed,Suppressed,1
2022,IN,18039,Confirmed,Male,20+,5
2022,IN,18039,Confirmed,Suppressed,20+,3
2022,IN,18039,Confirmed,Suppressed,Suppressed,1
2022,IN,18039,Probable,Male,Suppressed,1
2022,IN,18057,Confirmed,Female,Suppressed,1
2022,IN,18057,Probable,Female,Suppressed,4
2022,IN,18085,Confirmed,Suppressed,Suppressed,5
2022,IN,18099,Confirmed,Suppressed,Suppressed,5
2022,IN,18099,Probable,Suppressed,Suppressed,2
2022,IN,18127,Confirmed,Male,Suppressed,5
2022,IN,18127,Confirmed,Suppressed,Suppressed,5
2022,IN,18141,Confirmed,Male,20+,6
2022,IN,18141,Confirmed,Male,Suppressed,3
2022,IN,18141,Confirmed,Female,20+,5
2022,IN,18141,Confirmed,Female,Suppressed,1
2022,IN,18141,Probable,Male,20+,1
2022,IN,18141,Probable,Female,20+,1
2022,IN,18167,Confirmed,Suppressed,Suppressed,4
2022,IN,18167,Probable,Suppressed,Suppressed,1
2022,IN,Unknown,Confirmed,Male,0-19,15
2022,IN,Unknown,Confirmed,Male,20+,16
2022,IN,Unknown,Confirmed,Female,0-19,7
2022,IN,Unknown,Confirmed,Female,20+,18
2022,IN,Unknown,Probable,Male,0-19,7
2022,IN,Unknown,Probable,Male,20+,12
2022,IN,Unknown,Probable,Female,0-19,11
2022,IN,Unknown,Probable,Female,20+,18
2022,IN,Suppressed,Confirmed,Male,0-19,2
2022,IN,Suppressed,Confirmed,Female,20+,6
2022,IN,Suppressed,Confirmed,Suppressed,Suppressed,43
2022,IN,Suppressed,Probable,Male,0-19,2
2022,IN,Suppressed,Probable,Female,20+,6
2022,IN,Suppressed,Probable,Suppressed,Suppressed,9
2022,KS,Suppressed,Confirmed,Male,20+,3
2022,KS,Suppressed,Probable,Male,20+,4
2022,KY,21015,Confirmed,Suppressed,Suppressed,1
2022,KY,21015,Probable,Suppressed,Suppressed,4
2022,KY,21111,Probable,Female,20+,6
2022,KY,21111,Probable,Suppressed,20+,2
2022,KY,Suppressed,Confirmed,Male,20+,3
2022,KY,Suppressed,Confirmed,Suppressed,Suppressed,4
2022,KY,Suppressed,Probable,Male,20+,9
2022,KY,Suppressed,Probable,Female,Suppressed,4
2022,KY,Suppressed,Probable,Suppressed,Suppressed,39
2022,MA,25001,Probable,Male,0-19,9
2022,MA,25001,Probable,Male,20+,134
2022,MA,25001,Probable,Female,0-19,11
2022,MA,25001,Probable,Female,20+,85
2022,MA,25003,Probable,Male,0-19,21
2022,MA,25003,Probable,Male,20+,191
2022,MA,25003,Probable,Female,0-19,13
2022,MA,25003,Probable,Female,20+,132
2022,MA,25005,Probable,Male,0-19,52
2022,MA,25005,Probable,Male,20+,441
2022,MA,25005,Probable,Female,0-19,31
2022,MA,25005,Probable,Female,20+,322
2022,MA,25007,Probable,Male,0-19,14
2022,MA,25007,Probable,Male,20+,140
2022,MA,25007,Probable,Female,0-19,14
2022,MA,25007,Probable,Female,20+,90
2022,MA,25009,Probable,Male,0-19,24
2022,MA,25009,Probable,Male,20+,140
2022,MA,25009,Probable,Female,0-19,11
2022,MA,25009,Probable,Female,20+,83
2022,MA,25011,Probable,Male,0-19,5
2022,MA,25011,Probable,Male,20+,42
2022,MA,25011,Probable,Female,20+,25
2022,MA,25011,Probable,Female,Suppressed,2
2022,MA,25013,Probable,Male,20+,65
2022,MA,25013,Probable,Male,Suppressed,2
2022,MA,25013,Probable,Female,20+,49
2022,MA,25013,Probable,Female,Suppressed,3
2022,MA,25015,Probable,Male,0-19,11
2022,MA,25015,Probable,Male,20+,82
2022,MA,25015,Probable,Female,0-19,10
2022,MA,25015,Probable,Female,20+,62
2022,MA,25017,Probable,Male,0-19,74
2022,MA,25017,Probable,Male,20+,323
2022,MA,25017,Probable,Female,0-19,36
2022,MA,25017,Probable,Female,20+,232
2022,MA,25019,Probable,Male,0-19,16
2022,MA,25019,Probable,Male,20+,73
2022,MA,25019,Probable,Female,20+,41
2022,MA,25019,Probable,Female,Suppressed,4
2022,MA,25021,Probable,Male,0-19,35
2022,MA,25021,Probable,Male,20+,228
2022,MA,25021,Probable,Female,0-19,22
2022,MA,25021,Probable,Female,20+,147
2022,MA,25023,Probable,Male,0-19,44
2022,MA,25023,Probable,Male,20+,351
2022,MA,25023,Probable,Female,0-19,26
2022,MA,25023,Probable,Female,20+,218
2022,MA,25025,Probable,Male,0-19,6
2022,MA,25025,Probable,Male,20+,73
2022,MA,25025,Probable,Female,20+,47
2022,MA,25025,Probable,Female,Suppressed,3
2022,MA,25027,Probable,Male,0-19,61
2022,MA,25027,Probable,Male,20+,366
2022,MA,25027,Probable,Female,0-19,51
2022,MA,25027,Probable,Female,20+,247
2022,MA,Unknown,Probable,Male,20+,8
2022,MA,Unknown,Probable,Male,Suppressed,1
2022,MA,Unknown,Probable,Suppressed,20+,3
2022,MD,24001,Probable,Male,0-19,18
2022,MD,24001,Probable,Male,20+,49
2022,MD,24001,Probable,Female,0-19,10
2022,MD,24001,Probable,Female,20+,32
2022,MD,24003,Probable,Male,0-19,15
2022,MD,24003,Probable,Male,20+,52
2022,MD,24003,Probable,Female,0-19,7
2022,MD,24003,Probable,Female,20+,53
2022,MD,24005,Probable,Male,0-19,27
2022,MD,24005,Probable,Male,20+,130
2022,MD,24005,Probable,Female,0-19,21
2022,MD,24005,Probable,Female,20+,100
2022,MD,24009,Probable,Male,20+,7
2022,MD,24009,Probable,Male,Suppressed,1
2022,MD,24009,Probable,Female,20+,13
2022,MD,24009,Probable,Female,Suppressed,3
2022,MD,24011,Probable,Suppressed,20+,5
2022,MD,24013,Probable,Male,0-19,26
2022,MD,24013,Probable,Male,20+,90
2022,MD,24013,Probable,Female,0-19,15
2022,MD,24013,Probable,Female,20+,62
2022,MD,24015,Probable,Male,20+,28
2022,MD,24015,Probable,Male,Suppressed,1
2022,MD,24015,Probable,Female,20+,28
2022,MD,24015,Probable,Female,Suppressed,4
2022,MD,24017,Probable,Male,20+,12
2022,MD,24017,Probable,Male,Suppressed,3
2022,MD,24017,Probable,Female,20+,14
2022,MD,24019,Probable,Suppressed,20+,7
2022,MD,24021,Probable,Male,0-19,20
2022,MD,24021,Probable,Male,20+,82
2022,MD,24021,Probable,Female,0-19,12
2022,MD,24021,Probable,Female,20+,67
2022,MD,24023,Probable,Male,0-19,10
2022,MD,24023,Probable,Male,20+,37
2022,MD,24023,Probable,Female,0-19,6
2022,MD,24023,Probable,Female,20+,31
2022,MD,24025,Probable,Male,0-19,12
2022,MD,24025,Probable,Male,20+,44
2022,MD,24025,Probable,Female,0-19,8
2022,MD,24025,Probable,Female,20+,30
2022,MD,24027,Probable,Male,0-19,22
2022,MD,24027,Probable,Male,20+,80
2022,MD,24027,Probable,Female,0-19,21
2022,MD,24027,Probable,Female,20+,43
2022,MD,24029,Probable,Male,20+,7
2022,MD,24029,Probable,Female,20+,7
2022,MD,24031,Probable,Male,0-19,21
2022,MD,24031,Probable,Male,20+,151
2022,MD,24031,Probable,Female,0-19,22
2022,MD,24031,Probable,Female,20+,134
2022,MD,24033,Probable,Male,0-19,6
2022,MD,24033,Probable,Male,20+,23
2022,MD,24033,Probable,Female,20+,18
2022,MD,24033,Probable,Female,Suppressed,2
2022,MD,24035,Probable,Male,20+,8
2022,MD,24035,Probable,Male,Suppressed,3
2022,MD,24035,Probable,Female,20+,9
2022,MD,24035,Probable,Female,Suppressed,2
2022,MD,24037,Probable,Male,20+,13
2022,MD,24037,Probable,Male,Suppressed,3
2022,MD,24037,Probable,Female,20+,15
2022,MD,24037,Probable,Female,Suppressed,2
2022,MD,24039,Probable,Male,20+,5
2022,MD,24041,Probable,Male,20+,8
2022,MD,24041,Probable,Male,Suppressed,4
2022,MD,24041,Probable,Female,20+,9
2022,MD,24047,Probable,Male,20+,14
2022,MD,24047,Probable,Female,20+,7
2022,MD,24047,Probable,Female,Suppressed,1
2022,MD,24510,Probable,Male,0-19,9
2022,MD,24510,Probable,Male,20+,37
2022,MD,24510,Probable,Female,0-19,5
2022,MD,24510,Probable,Female,20+,49
2022,MD,Unknown,Probable,Male,0-19,5
2022,MD,Unknown,Probable,Male,20+,35
2022,MD,Unknown,Probable,Female,20+,32
2022,MD,Unknown,Probable,Female,Suppressed,3
2022,MD,Suppressed,Probable,Male,20+,4
2022,MD,Suppressed,Probable,Male,Suppressed,2
2022,MD,Suppressed,Probable,Suppressed,20+,1
2022,MD,Suppressed,Probable,Suppressed,Suppressed,1
2022,ME,23001,Probable,Male,0-19,10
2022,ME,23001,Probable,Male,20+,36
2022,ME,23001,Probable,Female,20+,29
2022,ME,23001,Probable,Female,Suppressed,4
2022,ME,23003,Probable,Female,20+,6
2022,ME,23003,Probable,Female,Suppressed,1
2022,ME,23003,Probable,Suppressed,20+,4
2022,ME,23003,Probable,Suppressed,Suppressed,2
2022,ME,23005,Probable,Male,0-19,28
2022,ME,23005,Probable,Male,20+,192
2022,ME,23005,Probable,Female,0-19,18
2022,ME,23005,Probable,Female,20+,117
2022,ME,23007,Probable,Male,0-19,5
2022,ME,23007,Probable,Male,20+,20
2022,ME,23007,Probable,Female,20+,13
2022,ME,23007,Probable,Female,Suppressed,2
2022,ME,23009,Probable,Male,0-19,28
2022,ME,23009,Probable,Male,20+,165
2022,ME,23009,Probable,Female,0-19,25
2022,ME,23009,Probable,Female,20+,145
2022,ME,23011,Probable,Male,0-19,19
2022,ME,23011,Probable,Male,20+,118
2022,ME,23011,Probable,Female,0-19,12
2022,ME,23011,Probable,Female,20+,81
2022,ME,23013,Probable,Male,0-19,19
2022,ME,23013,Probable,Male,20+,134
2022,ME,23013,Probable,Female,0-19,16
2022,ME,23013,Probable,Female,20+,94
2022,ME,23013,Probable,Female,Suppressed,1
2022,ME,23015,Probable,Male,0-19,16
2022,ME,23015,Probable,Male,20+,96
2022,ME,23015,Probable,Female,0-19,13
2022,ME,23015,Probable,Female,20+,59
2022,ME,23017,Probable,Male,0-19,7
2022,ME,23017,Probable,Male,20+,30
2022,ME,23017,Probable,Female,20+,25
2022,ME,23017,Probable,Female,Suppressed,3
2022,ME,23019,Probable,Male,0-19,26
2022,ME,23019,Probable,Male,20+,109
2022,ME,23019,Probable,Female,0-19,15
2022,ME,23019,Probable,Female,20+,89
2022,ME,23021,Probable,Male,20+,9
2022,ME,23021,Probable,Female,20+,5
2022,ME,23021,Probable,Female,Suppressed,1
2022,ME,23023,Probable,Male,0-19,6
2022,ME,23023,Probable,Male,20+,48
2022,ME,23023,Probable,Female,0-19,5
2022,ME,23023,Probable,Female,20+,42
2022,ME,23025,Probable,Male,0-19,13
2022,ME,23025,Probable,Male,20+,55
2022,ME,23025,Probable,Female,0-19,10
2022,ME,23025,Probable,Female,20+,49
2022,ME,23027,Probable,Male,0-19,23
2022,ME,23027,Probable,Male,20+,107
2022,ME,23027,Probable,Male,Suppressed,1
2022,ME,23027,Probable,Female,0-19,5
2022,ME,23027,Probable,Female,20+,67
2022,ME,23029,Probable,Male,0-19,7
2022,ME,23029,Probable,Male,20+,34
2022,ME,23029,Probable,Female,20+,49
2022,ME,23029,Probable,Female,Suppressed,4
2022,ME,23031,Probable,Male,0-19,26
2022,ME,23031,Probable,Male,20+,115
2022,ME,23031,Probable,Female,0-19,22
2022,ME,23031,Probable,Female,20+,115
2022,ME,Suppressed,Probable,Male,20+,2
2022,ME,Suppressed,Probable,Suppressed,20+,1
2022,MN,27001,Probable,Male,20+,19
2022,MN,27001,Probable,Male,Suppressed,3
2022,MN,27001,Probable,Female,20+,17
2022,MN,27001,Probable,Female,Suppressed,2
2022,MN,27003,Probable,Male,0-19,19
2022,MN,27003,Probable,Male,20+,81
2022,MN,27003,Probable,Female,0-19,11
2022,MN,27003,Probable,Female,20+,65
2022,MN,27005,Probable,Male,20+,8
2022,MN,27005,Probable,Male,Suppressed,2
2022,MN,27005,Probable,Female,20+,11
2022,MN,27005,Probable,Female,Suppressed,2
2022,MN,27007,Probable,Male,0-19,10
2022,MN,27007,Probable,Male,20+,28
2022,MN,27007,Probable,Female,0-19,5
2022,MN,27007,Probable,Female,20+,15
2022,MN,27009,Probable,Male,0-19,5
2022,MN,27009,Probable,Male,20+,10
2022,MN,27009,Probable,Female,20+,6
2022,MN,27013,Probable,Male,20+,6
2022,MN,27013,Probable,Male,Suppressed,1
2022,MN,27013,Probable,Female,Suppressed,5
2022,MN,27015,Probable,Suppressed,Suppressed,7
2022,MN,27017,Probable,Male,0-19,6
2022,MN,27017,Probable,Male,20+,28
2022,MN,27017,Probable,Female,0-19,6
2022,MN,27017,Probable,Female,20+,14
2022,MN,27019,Probable,Male,0-19,6
2022,MN,27019,Probable,Male,20+,12
2022,MN,27019,Probable,Female,20+,7
2022,MN,27019,Probable,Female,Suppressed,1
2022,MN,27021,Probable,Male,0-19,6
2022,MN,27021,Probable,Male,20+,41
2022,MN,27021,Probable,Female,0-19,6
2022,MN,27021,Probable,Female,20+,22
2022,MN,27025,Probable,Male,20+,30
2022,MN,27025,Probable,Male,Suppressed,3
2022,MN,27025,Probable,Female,20+,19
2022,MN,27025,Probable,Female,Suppressed,3
2022,MN,27027,Probable,Male,20+,6
2022,MN,27027,Probable,Suppressed,Suppressed,3
2022,MN,27029,Probable,Male,Suppressed,8
2022,MN,27035,Probable,Male,0-19,15
2022,MN,27035,Probable,Male,20+,89
2022,MN,27035,Probable,Female,0-19,11
2022,MN,27035,Probable,Female,20+,65
2022,MN,27037,Probable,Male,0-19,13
2022,MN,27037,Probable,Male,20+,64
2022,MN,27037,Probable,Female,0-19,8
2022,MN,27037,Probable,Female,20+,49
2022,MN,27039,Probable,Suppressed,Suppressed,5
2022,MN,27041,Probable,Female,20+,5
2022,MN,27041,Probable,Suppressed,20+,4
2022,MN,27045,Probable,Male,20+,10
2022,MN,27045,Probable,Male,Suppressed,2
2022,MN,27045,Probable,Female,20+,7
2022,MN,27045,Probable,Female,Suppressed,2
2022,MN,27049,Probable,Male,0-19,8
2022,MN,27049,Probable,Male,20+,15
2022,MN,27049,Probable,Female,0-19,5
2022,MN,27049,Probable,Female,20+,18
2022,MN,27053,Probable,Male,0-19,36
2022,MN,27053,Probable,Male,20+,169
2022,MN,27053,Probable,Female,0-19,18
2022,MN,27053,Probable,Female,20+,115
2022,MN,27053,Probable,Suppressed,20+,1
2022,MN,27055,Probable,Male,20+,17
2022,MN,27055,Probable,Male,Suppressed,2
2022,MN,27055,Probable,Female,0-19,5
2022,MN,27055,Probable,Female,20+,5
2022,MN,27057,Probable,Male,0-19,7
2022,MN,27057,Probable,Male,20+,18
2022,MN,27057,Probable,Female,20+,18
2022,MN,27057,Probable,Female,Suppressed,3
2022,MN,27059,Probable,Male,20+,13
2022,MN,27059,Probable,Male,Suppressed,3
2022,MN,27059,Probable,Female,20+,7
2022,MN,27059,Probable,Female,Suppressed,3
2022,MN,27061,Probable,Male,0-19,7
2022,MN,27061,Probable,Male,20+,42
2022,MN,27061,Probable,Female,20+,29
2022,MN,27061,Probable,Female,Suppressed,1
2022,MN,27065,Probable,Male,20+,7
2022,MN,27065,Probable,Male,Suppressed,2
2022,MN,27065,Probable,Female,20+,5
2022,MN,27065,Probable,Female,Suppressed,2
2022,MN,27067,Probable,Female,20+,6
2022,MN,27067,Probable,Female,Suppressed,1
2022,MN,27067,Probable,Suppressed,20+,2
2022,MN,27075,Probable,Female,20+,6
2022,MN,27075,Probable,Female,Suppressed,1
2022,MN,27075,Probable,Suppressed,20+,4
2022,MN,27075,Probable,Suppressed,Suppressed,3
2022,MN,27079,Probable,Suppressed,Suppressed,5
2022,MN,27085,Probable,Suppressed,Suppressed,5
2022,MN,27089,Probable,Suppressed,Suppressed,6
2022,MN,27095,Probable,Male,20+,9
2022,MN,27095,Probable,Male,Suppressed,2
2022,MN,27095,Probable,Female,Suppressed,5
2022,MN,27097,Probable,Male,20+,15
2022,MN,27097,Probable,Male,Suppressed,2
2022,MN,27097,Probable,Female,20+,11
2022,MN,27097,Probable,Female,Suppressed,2
2022,MN,27099,Probable,Female,Suppressed,5
2022,MN,27109,Probable,Male,20+,21
2022,MN,27109,Probable,Male,Suppressed,3
2022,MN,27109,Probable,Female,0-19,6
2022,MN,27109,Probable,Female,20+,20
2022,MN,27111,Probable,Male,20+,23
2022,MN,27111,Probable,Male,Suppressed,3
2022,MN,27111,Probable,Female,0-19,11
2022,MN,27111,Probable,Female,20+,15
2022,MN,27113,Probable,Suppressed,Suppressed,6
2022,MN,27115,Probable,Male,0-19,7
2022,MN,27115,Probable,Male,20+,22
2022,MN,27115,Probable,Female,20+,30
2022,MN,27115,Probable,Female,Suppressed,3
2022,MN,27119,Probable,Suppressed,Suppressed,6
2022,MN,27123,Probable,Male,0-19,17
2022,MN,27123,Probable,Male,20+,84
2022,MN,27123,Probable,Female,0-19,11
2022,MN,27123,Probable,Female,20+,71
2022,MN,27131,Probable,Female,Suppressed,5
2022,MN,27137,Probable,Male,0-19,20
2022,MN,27137,Probable,Male,20+,63
2022,MN,27137,Probable,Female,0-19,13
2022,MN,27137,Probable,Female,20+,62
2022,MN,27139,Probable,Male,0-19,5
2022,MN,27139,Probable,Male,20+,18
2022,MN,27139,Probable,Female,20+,16
2022,MN,27139,Probable,Female,Suppressed,3
2022,MN,27141,Probable,Male,0-19,9
2022,MN,27141,Probable,Male,20+,34
2022,MN,27141,Probable,Female,20+,33
2022,MN,27141,Probable,Female,Suppressed,3
2022,MN,27145,Probable,Male,20+,28
2022,MN,27145,Probable,Male,Suppressed,3
2022,MN,27145,Probable,Female,0-19,8
2022,MN,27145,Probable,Female,20+,14
2022,MN,27147,Probable,Male,20+,5
2022,MN,27147,Probable,Male,Suppressed,1
2022,MN,27147,Probable,Suppressed,Suppressed,1
2022,MN,27153,Probable,Male,20+,5
2022,MN,27153,Probable,Male,Suppressed,3
2022,MN,27153,Probable,Female,Suppressed,5
2022,MN,27157,Probable,Male,20+,8
2022,MN,27157,Probable,Male,Suppressed,2
2022,MN,27157,Probable,Female,20+,6
2022,MN,27159,Probable,Male,20+,7
2022,MN,27159,Probable,Male,Suppressed,4
2022,MN,27159,Probable,Female,20+,9
2022,MN,27163,Probable,Male,0-19,18
2022,MN,27163,Probable,Male,20+,95
2022,MN,27163,Probable,Female,0-19,13
2022,MN,27163,Probable,Female,20+,66
2022,MN,27169,Probable,Male,20+,21
2022,MN,27169,Probable,Male,Suppressed,3
2022,MN,27169,Probable,Female,20+,13
2022,MN,27169,Probable,Female,Suppressed,1
2022,MN,27171,Probable,Male,0-19,9
2022,MN,27171,Probable,Male,20+,20
2022,MN,27171,Probable,Female,0-19,7
2022,MN,27171,Probable,Female,20+,15
2022,MN,Suppressed,Probable,Male,20+,12
2022,MN,Suppressed,Probable,Female,0-19,3
2022,MN,Suppressed,Probable,Suppressed,Suppressed,52
2022,MO,Suppressed,Confirmed,Suppressed,20+,4
2022,MO,Suppressed,Probable,Suppressed,20+,2
2022,MT,Suppressed,Confirmed,Male,20+,8
2022,MT,Suppressed,Confirmed,Suppressed,Suppressed,4
2022,MT,Suppressed,Probable,Suppressed,Suppressed,1
2022,NC,37005,Confirmed,Male,20+,8
2022,NC,37005,Confirmed,Male,Suppressed,3
2022,NC,37005,Confirmed,Female,20+,7
2022,NC,37005,Confirmed,Female,Suppressed,2
2022,NC,37009,Confirmed,Male,0-19,11
2022,NC,37009,Confirmed,Male,20+,10
2022,NC,37009,Confirmed,Female,20+,14
2022,NC,37009,Confirmed,Female,Suppressed,2
2022,NC,37009,Probable,Male,0-19,1
2022,NC,37021,Confirmed,Male,0-19,10
2022,NC,37021,Confirmed,Male,20+,11
2022,NC,37021,Confirmed,Female,0-19,5
2022,NC,37021,Confirmed,Female,20+,14
2022,NC,37021,Probable,Male,0-19,1
2022,NC,37021,Probable,Female,20+,1
2022,NC,37115,Confirmed,Female,Suppressed,4
2022,NC,37115,Probable,Female,Suppressed,1
2022,NC,37119,Confirmed,Male,20+,5
2022,NC,37119,Confirmed,Male,Suppressed,1
2022,NC,37119,Confirmed,Female,20+,6
2022,NC,37119,Confirmed,Female,Suppressed,2
2022,NC,37169,Confirmed,Suppressed,Suppressed,5
2022,NC,37179,Confirmed,Suppressed,Suppressed,5
2022,NC,37183,Confirmed,Male,0-19,4
2022,NC,37183,Confirmed,Male,20+,9
2022,NC,37183,Confirmed,Female,20+,5
2022,NC,37183,Confirmed,Female,Suppressed,1
2022,NC,37183,Probable,Male,0-19,1
2022,NC,37183,Probable,Male,20+,3
2022,NC,37183,Probable,Female,20+,2
2022,NC,37189,Confirmed,Male,0-19,8
2022,NC,37189,Confirmed,Male,20+,14
2022,NC,37189,Confirmed,Female,0-19,6
2022,NC,37189,Confirmed,Female,20+,11
2022,NC,37193,Confirmed,Suppressed,Suppressed,6
2022,NC,37193,Probable,Suppressed,Suppressed,1
2022,NC,37199,Confirmed,Male,20+,8
2022,NC,37199,Confirmed,Male,Suppressed,2
2022,NC,37199,Confirmed,Female,Suppressed,5
2022,NC,Suppressed,Confirmed,Male,20+,16
2022,NC,Suppressed,Confirmed,Female,0-19,2
2022,NC,Suppressed,Confirmed,Suppressed,Suppressed,29
2022,NC,Suppressed,Probable,Male,20+,3
2022,NC,Suppressed,Probable,Suppressed,Suppressed,14
2022,ND,38017,Confirmed,Male,20+,4
2022,ND,38017,Confirmed,Male,Suppressed,4
2022,ND,38017,Confirmed,Suppressed,20+,2
2022,ND,38017,Confirmed,Suppressed,Suppressed,1
2022,ND,38017,Probable,Male,20+,1
2022,ND,38017,Probable,Suppressed,20+,1
2022,ND,Suppressed,Confirmed,Male,20+,3
2022,ND,Suppressed,Confirmed,Male,Suppressed,1
2022,ND,Suppressed,Confirmed,Suppressed,20+,5
2022,NE,Suppressed,Confirmed,Suppressed,20+,7
2022,NE,Suppressed,Probable,Suppressed,20+,1
2022,NH,33001,Probable,Male,20+,15
2022,NH,33001,Probable,Male,Suppressed,2
2022,NH,33001,Probable,Female,20+,12
2022,NH,33001,Probable,Female,Suppressed,1
2022,NH,33003,Probable,Male,20+,13
2022,NH,33003,Probable,Male,Suppressed,3
2022,NH,33003,Probable,Female,20+,9
2022,NH,33003,Probable,Female,Suppressed,1
2022,NH,33005,Probable,Male,0-19,8
2022,NH,33005,Probable,Male,20+,38
2022,NH,33005,Probable,Female,0-19,6
2022,NH,33005,Probable,Female,20+,38
2022,NH,33007,Probable,Male,20+,5
2022,NH,33007,Probable,Male,Suppressed,1
2022,NH,33007,Probable,Suppressed,20+,3
2022,NH,33009,Probable,Male,0-19,5
2022,NH,33009,Probable,Male,20+,48
2022,NH,33009,Probable,Female,0-19,5
2022,NH,33009,Probable,Female,20+,37
2022,NH,33011,Probable,Male,0-19,27
2022,NH,33011,Probable,Male,20+,132
2022,NH,33011,Probable,Female,0-19,23
2022,NH,33011,Probable,Female,20+,140
2022,NH,33011,Probable,Suppressed,20+,1
2022,NH,33013,Probable,Male,0-19,7
2022,NH,33013,Probable,Male,20+,44
2022,NH,33013,Probable,Female,0-19,12
2022,NH,33013,Probable,Female,20+,44
2022,NH,33015,Probable,Male,0-19,19
2022,NH,33015,Probable,Male,20+,100
2022,NH,33015,Probable,Female,0-19,15
2022,NH,33015,Probable,Female,20+,72
2022,NH,33015,Probable,Suppressed,20+,1
2022,NH,33017,Probable,Male,0-19,11
2022,NH,33017,Probable,Male,20+,67
2022,NH,33017,Probable,Female,0-19,10
2022,NH,33017,Probable,Female,20+,31
2022,NH,33017,Probable,Suppressed,0-19,2
2022,NH,33017,Probable,Suppressed,Suppressed,1
2022,NH,33019,Probable,Male,20+,43
2022,NH,33019,Probable,Male,Suppressed,3
2022,NH,33019,Probable,Female,20+,25
2022,NH,33019,Probable,Female,Suppressed,4
2022,NH,Suppressed,Probable,Male,20+,1
2022,NJ,34001,Probable,Male,0-19,5
2022,NJ,34001,Probable,Male,20+,74
2022,NJ,34001,Probable,Female,20+,73
2022,NJ,34001,Probable,Female,Suppressed,3
2022,NJ,34003,Probable,Male,0-19,34
2022,NJ,34003,Probable,Male,20+,176
2022,NJ,34003,Probable,Male,Suppressed,1
2022,NJ,34003,Probable,Female,0-19,31
2022,NJ,34003,Probable,Female,20+,169
2022,NJ,34005,Probable,Male,0-19,18
2022,NJ,34005,Probable,Male,20+,85
2022,NJ,34005,Probable,Female,0-19,10
2022,NJ,34005,Probable,Female,20+,74
2022,NJ,34007,Probable,Male,0-19,14
2022,NJ,34007,Probable,Male,20+,79
2022,NJ,34007,Probable,Female,0-19,8
2022,NJ,34007,Probable,Female,20+,64
2022,NJ,34009,Probable,Male,20+,12
2022,NJ,34009,Probable,Female,20+,19
2022,NJ,34011,Probable,Male,0-19,10
2022,NJ,34011,Probable,Male,20+,44
2022,NJ,34011,Probable,Female,20+,39
2022,NJ,34011,Probable,Female,Suppressed,3
2022,NJ,34013,Probable,Male,0-19,17
2022,NJ,34013,Probable,Male,20+,81
2022,NJ,34013,Probable,Female,0-19,12
2022,NJ,34013,Probable,Female,20+,80
2022,NJ,34013,Probable,Suppressed,20+,1
2022,NJ,34015,Probable,Male,0-19,14
2022,NJ,34015,Probable,Male,20+,77
2022,NJ,34015,Probable,Female,0-19,5
2022,NJ,34015,Probable,Female,20+,68
2022,NJ,34017,Probable,Male,0-19,10
2022,NJ,34017,Probable,Male,20+,49
2022,NJ,34017,Probable,Female,0-19,9
2022,NJ,34017,Probable,Female,20+,38
2022,NJ,34019,Probable,Male,0-19,25
2022,NJ,34019,Probable,Male,20+,274
2022,NJ,34019,Probable,Female,0-19,20
2022,NJ,34019,Probable,Female,20+,232
2022,NJ,34021,Probable,Male,0-19,17
2022,NJ,34021,Probable,Male,20+,155
2022,NJ,34021,Probable,Female,0-19,13
2022,NJ,34021,Probable,Female,20+,123
2022,NJ,34023,Probable,Male,0-19,32
2022,NJ,34023,Probable,Male,20+,143
2022,NJ,34023,Probable,Female,0-19,19
2022,NJ,34023,Probable,Female,20+,133
2022,NJ,34025,Probable,Male,0-19,53
2022,NJ,34025,Probable,Male,20+,245
2022,NJ,34025,Probable,Female,0-19,29
2022,NJ,34025,Probable,Female,20+,247
2022,NJ,34027,Probable,Male,0-19,43
2022,NJ,34027,Probable,Male,20+,300
2022,NJ,34027,Probable,Female,0-19,20
2022,NJ,34027,Probable,Female,20+,223
2022,NJ,34029,Probable,Male,0-19,63
2022,NJ,34029,Probable,Male,20+,183
2022,NJ,34029,Probable,Female,0-19,49
2022,NJ,34029,Probable,Female,20+,209
2022,NJ,34031,Probable,Male,0-19,11
2022,NJ,34031,Probable,Male,20+,118
2022,NJ,34031,Probable,Female,0-19,17
2022,NJ,34031,Probable,Female,20+,120
2022,NJ,34033,Probable,Male,20+,19
2022,NJ,34033,Probable,Male,Suppressed,4
2022,NJ,34033,Probable,Female,20+,14
2022,NJ,34033,Probable,Female,Suppressed,2
2022,NJ,34035,Probable,Male,0-19,15
2022,NJ,34035,Probable,Male,20+,173
2022,NJ,34035,Probable,Female,0-19,21
2022,NJ,34035,Probable,Female,20+,133
2022,NJ,34037,Probable,Male,0-19,22
2022,NJ,34037,Probable,Male,20+,236
2022,NJ,34037,Probable,Female,0-19,14
2022,NJ,34037,Probable,Female,20+,151
2022,NJ,34039,Probable,Male,0-19,11
2022,NJ,34039,Probable,Male,20+,40
2022,NJ,34039,Probable,Female,0-19,10
2022,NJ,34039,Probable,Female,20+,63
2022,NJ,34041,Probable,Male,0-19,11
2022,NJ,34041,Probable,Male,20+,128
2022,NJ,34041,Probable,Female,0-19,9
2022,NJ,34041,Probable,Female,20+,104
2022,NJ,Unknown,Probable,Male,0-19,5
2022,NJ,Unknown,Probable,Male,20+,52
2022,NJ,Unknown,Probable,Male,Suppressed,2
2022,NJ,Unknown,Probable,Female,20+,32
2022,NJ,Unknown,Probable,Female,Suppressed,3
2022,NJ,Unknown,Probable,Suppressed,20+,1
2022,NV,32003,Confirmed,Suppressed,20+,2
2022,NV,32003,Probable,Suppressed,20+,4
2022,NY,36001,Confirmed,Male,20+,1
2022,NY,36001,Probable,Male,0-19,31
2022,NY,36001,Probable,Male,20+,195
2022,NY,36001,Probable,Female,0-19,15
2022,NY,36001,Probable,Female,20+,137
2022,NY,36001,Probable,Suppressed,20+,2
2022,NY,36003,Confirmed,Male,20+,1
2022,NY,36003,Probable,Male,0-19,14
2022,NY,36003,Probable,Male,20+,46
2022,NY,36003,Probable,Female,0-19,11
2022,NY,36003,Probable,Female,20+,37
2022,NY,36005,Probable,Male,0-19,7
2022,NY,36005,Probable,Male,20+,31
2022,NY,36005,Probable,Female,0-19,9
2022,NY,36005,Probable,Female,20+,42
2022,NY,36005,Probable,Unknown,20+,23
2022,NY,36005,Probable,Unknown,Suppressed,2
2022,NY,36007,Confirmed,Male,20+,1
2022,NY,36007,Probable,Male,0-19,41
2022,NY,36007,Probable,Male,20+,125
2022,NY,36007,Probable,Female,0-19,25
2022,NY,36007,Probable,Female,20+,89
2022,NY,36009,Probable,Male,0-19,16
2022,NY,36009,Probable,Male,20+,56
2022,NY,36009,Probable,Female,0-19,6
2022,NY,36009,Probable,Female,20+,36
2022,NY,36011,Probable,Male,0-19,5
2022,NY,36011,Probable,Male,20+,22
2022,NY,36011,Probable,Female,0-19,8
2022,NY,36011,Probable,Female,20+,28
2022,NY,36013,Probable,Male,0-19,11
2022,NY,36013,Probable,Male,20+,34
2022,NY,36013,Probable,Female,0-19,12
2022,NY,36013,Probable,Female,20+,27
2022,NY,36015,Probable,Male,0-19,11
2022,NY,36015,Probable,Male,20+,30
2022,NY,36015,Probable,Female,0-19,8
2022,NY,36015,Probable,Female,20+,24
2022,NY,36017,Confirmed,Suppressed,20+,2
2022,NY,36017,Probable,Male,0-19,11
2022,NY,36017,Probable,Male,20+,76
2022,NY,36017,Probable,Female,0-19,17
2022,NY,36017,Probable,Female,20+,58
2022,NY,36019,Probable,Male,20+,37
2022,NY,36019,Probable,Male,Suppressed,4
2022,NY,36019,Probable,Female,0-19,5
2022,NY,36019,Probable,Female,20+,26
2022,NY,36021,Confirmed,Male,20+,3
2022,NY,36021,Confirmed,Female,20+,4
2022,NY,36021,Probable,Male,0-19,11
2022,NY,36021,Probable,Male,20+,63
2022,NY,36021,Probable,Female,0-19,5
2022,NY,36021,Probable,Female,20+,56
2022,NY,36023,Confirmed,Male,0-19,1
2022,NY,36023,Confirmed,Male,20+,4
2022,NY,36023,Confirmed,Female,20+,4
2022,NY,36023,Probable,Male,0-19,7
2022,NY,36023,Probable,Male,20+,27
2022,NY,36023,Probable,Female,20+,14
2022,NY,36023,Probable,Female,Suppressed,2
2022,NY,36025,Confirmed,Male,0-19,1
2022,NY,36025,Confirmed,Male,20+,1
2022,NY,36025,Confirmed,Female,20+,1
2022,NY,36025,Probable,Male,0-19,14
2022,NY,36025,Probable,Male,20+,105
2022,NY,36025,Probable,Female,0-19,10
2022,NY,36025,Probable,Female,20+,103
2022,NY,36027,Probable,Male,0-19,69
2022,NY,36027,Probable,Male,20+,613
2022,NY,36027,Probable,Female,0-19,59
2022,NY,36027,Probable,Female,20+,433
2022,NY,36027,Probable,Suppressed,20+,1
2022,NY,36029,Confirmed,Male,20+,1
2022,NY,36029,Probable,Male,0-19,32
2022,NY,36029,Probable,Male,20+,118
2022,NY,36029,Probable,Female,0-19,18
2022,NY,36029,Probable,Female,20+,51
2022,NY,36029,Probable,Suppressed,20+,1
2022,NY,36031,Probable,Male,0-19,6
2022,NY,36031,Probable,Male,20+,46
2022,NY,36031,Probable,Female,0-19,7
2022,NY,36031,Probable,Female,20+,43
2022,NY,36033,Probable,Male,0-19,8
2022,NY,36033,Probable,Male,20+,26
2022,NY,36033,Probable,Female,20+,15
2022,NY,36033,Probable,Female,Suppressed,4
2022,NY,36035,Probable,Male,0-19,5
2022,NY,36035,Probable,Male,20+,30
2022,NY,36035,Probable,Female,20+,15
2022,NY,36035,Probable,Female,Suppressed,2
2022,NY,36037,Probable,Suppressed,20+,7
2022,NY,36039,Confirmed,Male,20+,4
2022,NY,36039,Confirmed,Female,0-19,1
2022,NY,36039,Confirmed,Female,20+,4
2022,NY,36039,Probable,Male,0-19,14
2022,NY,36039,Probable,Male,20+,67
2022,NY,36039,Probable,Female,0-19,6
2022,NY,36039,Probable,Female,20+,62
2022,NY,36043,Confirmed,Male,0-19,1
2022,NY,36043,Confirmed,Male,20+,2
2022,NY,36043,Probable,Male,0-19,12
2022,NY,36043,Probable,Male,20+,56
2022,NY,36043,Probable,Female,0-19,7
2022,NY,36043,Probable,Female,20+,31
2022,NY,36045,Probable,Male,0-19,12
2022,NY,36045,Probable,Male,20+,80
2022,NY,36045,Probable,Female,0-19,15
2022,NY,36045,Probable,Female,20+,52
2022,NY,36047,Probable,Male,0-19,118
2022,NY,36047,Probable,Male,20+,200
2022,NY,36047,Probable,Male,Suppressed,1
2022,NY,36047,Probable,Female,0-19,54
2022,NY,36047,Probable,Female,20+,165
2022,NY,36047,Probable,Unknown,0-19,96
2022,NY,36047,Probable,Unknown,20+,137
2022,NY,36049,Confirmed,Male,0-19,1
2022,NY,36049,Confirmed,Female,0-19,1
2022,NY,36049,Probable,Male,0-19,12
2022,NY,36049,Probable,Male,20+,24
2022,NY,36049,Probable,Female,0-19,5
2022,NY,36049,Probable,Female,20+,11
2022,NY,36051,Probable,Male,0-19,5
2022,NY,36051,Probable,Male,20+,34
2022,NY,36051,Probable,Female,0-19,6
2022,NY,36051,Probable,Female,20+,30
2022,NY,36053,Probable,Male,0-19,6
2022,NY,36053,Probable,Male,20+,40
2022,NY,36053,Probable,Female,20+,36
2022,NY,36053,Probable,Female,Suppressed,4
2022,NY,36055,Probable,Male,0-19,32
2022,NY,36055,Probable,Male,20+,148
2022,NY,36055,Probable,Female,0-19,25
2022,NY,36055,Probable,Female,20+,101
2022,NY,36057,Probable,Male,0-19,7
2022,NY,36057,Probable,Male,20+,28
2022,NY,36057,Probable,Female,0-19,7
2022,NY,36057,Probable,Female,20+,16
2022,NY,36059,Confirmed,Male,0-19,1
2022,NY,36059,Probable,Male,0-19,35
2022,NY,36059,Probable,Male,20+,251
2022,NY,36059,Probable,Female,0-19,27
2022,NY,36059,Probable,Female,20+,198
2022,NY,36061,Probable,Male,0-19,30
2022,NY,36061,Probable,Male,20+,221
2022,NY,36061,Probable,Female,0-19,26
2022,NY,36061,Probable,Female,20+,166
2022,NY,36061,Probable,Unknown,0-19,21
2022,NY,36061,Probable,Unknown,20+,315
2022,NY,36063,Probable,Male,20+,10
2022,NY,36063,Probable,Male,Suppressed,4
2022,NY,36063,Probable,Suppressed,20+,4
2022,NY,36063,Probable,Suppressed,Suppressed,2
2022,NY,36065,Probable,Male,0-19,42
2022,NY,36065,Probable,Male,20+,122
2022,NY,36065,Probable,Female,0-19,17
2022,NY,36065,Probable,Female,20+,92
2022,NY,36067,Confirmed,Male,0-19,2
2022,NY,36067,Confirmed,Female,0-19,1
2022,NY,36067,Probable,Male,0-19,22
2022,NY,36067,Probable,Male,20+,193
2022,NY,36067,Probable,Female,0-19,18
2022,NY,36067,Probable,Female,20+,119
2022,NY,36069,Probable,Male,0-19,16
2022,NY,36069,Probable,Male,20+,57
2022,NY,36069,Probable,Female,0-19,6
2022,NY,36069,Probable,Female,20+,62
2022,NY,36071,Confirmed,Male,0-19,1
2022,NY,36071,Confirmed,Female,20+,1
2022,NY,36071,Confirmed,Suppressed,Suppressed,1
2022,NY,36071,Probable,Male,0-19,114
2022,NY,36071,Probable,Male,20+,431
2022,NY,36071,Probable,Female,0-19,53
2022,NY,36071,Probable,Female,20+,336
2022,NY,36071,Probable,Suppressed,20+,2
2022,NY,36073,Probable,Male,0-19,5
2022,NY,36073,Probable,Male,Suppressed,3
2022,NY,36073,Probable,Suppressed,Suppressed,4
2022,NY,36075,Probable,Male,0-19,24
2022,NY,36075,Probable,Male,20+,92
2022,NY,36075,Probable,Female,0-19,16
2022,NY,36075,Probable,Female,20+,73
2022,NY,36077,Confirmed,Male,0-19,2
2022,NY,36077,Confirmed,Male,20+,7
2022,NY,36077,Confirmed,Female,20+,8
2022,NY,36077,Confirmed,Suppressed,20+,1
2022,NY,36077,Probable,Male,0-19,24
2022,NY,36077,Probable,Male,20+,143
2022,NY,36077,Probable,Female,0-19,24
2022,NY,36077,Probable,Female,20+,106
2022,NY,36079,Confirmed,Male,20+,1
2022,NY,36079,Probable,Male,0-19,38
2022,NY,36079,Probable,Male,20+,126
2022,NY,36079,Probable,Female,0-19,16
2022,NY,36079,Probable,Female,20+,95
2022,NY,36081,Probable,Male,0-19,15
2022,NY,36081,Probable,Male,20+,75
2022,NY,36081,Probable,Female,0-19,9
2022,NY,36081,Probable,Female,20+,68
2022,NY,36081,Probable,Unknown,0-19,5
2022,NY,36081,Probable,Unknown,20+,51
2022,NY,36083,Confirmed,Male,20+,1
2022,NY,36083,Probable,Male,0-19,25
2022,NY,36083,Probable,Male,20+,161
2022,NY,36083,Probable,Female,0-19,27
2022,NY,36083,Probable,Female,20+,143
2022,NY,36085,Probable,Male,0-19,19
2022,NY,36085,Probable,Male,20+,30
2022,NY,36085,Probable,Female,0-19,9
2022,NY,36085,Probable,Female,20+,31
2022,NY,36085,Probable,Unknown,20+,36
2022,NY,36085,Probable,Unknown,Suppressed,2
2022,NY,36087,Confirmed,Male,0-19,2
2022,NY,36087,Confirmed,Female,20+,2
2022,NY,36087,Probable,Male,0-19,85
2022,NY,36087,Probable,Male,20+,230
2022,NY,36087,Probable,Male,Suppressed,1
2022,NY,36087,Probable,Female,0-19,64
2022,NY,36087,Probable,Female,20+,171
2022,NY,36089,Confirmed,Male,20+,4
2022,NY,36089,Confirmed,Female,0-19,4
2022,NY,36089,Confirmed,Female,20+,8
2022,NY,36089,Probable,Male,0-19,23
2022,NY,36089,Probable,Male,20+,90
2022,NY,36089,Probable,Female,0-19,12
2022,NY,36089,Probable,Female,20+,74
2022,NY,36091,Confirmed,Male,0-19,1
2022,NY,36091,Confirmed,Male,20+,4
2022,NY,36091,Confirmed,Female,20+,4
2022,NY,36091,Confirmed,Suppressed,20+,1
2022,NY,36091,Probable,Male,0-19,18
2022,NY,36091,Probable,Male,20+,97
2022,NY,36091,Probable,Female,0-19,11
2022,NY,36091,Probable,Female,20+,83
2022,NY,36093,Confirmed,Female,20+,1
2022,NY,36093,Probable,Male,0-19,10
2022,NY,36093,Probable,Male,20+,49
2022,NY,36093,Probable,Female,0-19,10
2022,NY,36093,Probable,Female,20+,27
2022,NY,36095,Probable,Male,0-19,10
2022,NY,36095,Probable,Male,20+,54
2022,NY,36095,Probable,Female,20+,36
2022,NY,36095,Probable,Female,Suppressed,4
2022,NY,36097,Probable,Male,0-19,7
2022,NY,36097,Probable,Male,20+,23
2022,NY,36097,Probable,Female,20+,15
2022,NY,36097,Probable,Female,Suppressed,1
2022,NY,36099,Probable,Male,0-19,6
2022,NY,36099,Probable,Male,20+,10
2022,NY,36099,Probable,Female,20+,10
2022,NY,36099,Probable,Female,Suppressed,1
2022,NY,36101,Confirmed,Male,20+,1
2022,NY,36101,Probable,Male,0-19,14
2022,NY,36101,Probable,Male,20+,67
2022,NY,36101,Probable,Female,0-19,12
2022,NY,36101,Probable,Female,20+,52
2022,NY,36103,Confirmed,Male,0-19,5
2022,NY,36103,Confirmed,Male,20+,3
2022,NY,36103,Confirmed,Female,0-19,6
2022,NY,36103,Confirmed,Female,20+,2
2022,NY,36103,Probable,Male,0-19,113
2022,NY,36103,Probable,Male,20+,1419
2022,NY,36103,Probable,Female,0-19,92
2022,NY,36103,Probable,Female,20+,1027
2022,NY,36105,Probable,Male,0-19,24
2022,NY,36105,Probable,Male,20+,132
2022,NY,36105,Probable,Female,0-19,17
2022,NY,36105,Probable,Female,20+,95
2022,NY,36107,Probable,Male,0-19,10
2022,NY,36107,Probable,Male,20+,68
2022,NY,36107,Probable,Female,20+,33
2022,NY,36107,Probable,Female,Suppressed,4
2022,NY,36109,Confirmed,Male,0-19,2
2022,NY,36109,Confirmed,Male,20+,1
2022,NY,36109,Confirmed,Female,0-19,1
2022,NY,36109,Confirmed,Female,20+,2
2022,NY,36109,Probable,Male,0-19,37
2022,NY,36109,Probable,Male,20+,113
2022,NY,36109,Probable,Female,0-19,17
2022,NY,36109,Probable,Female,20+,93
2022,NY,36111,Confirmed,Female,0-19,1
2022,NY,36111,Confirmed,Female,20+,1
2022,NY,36111,Probable,Male,0-19,43
2022,NY,36111,Probable,Male,20+,410
2022,NY,36111,Probable,Female,0-19,17
2022,NY,36111,Probable,Female,20+,298
2022,NY,36111,Probable,Suppressed,20+,2
2022,NY,36113,Confirmed,Male,0-19,1
2022,NY,36113,Probable,Male,0-19,10
2022,NY,36113,Probable,Male,20+,95
2022,NY,36113,Probable,Female,20+,56
2022,NY,36113,Probable,Female,Suppressed,2
2022,NY,36115,Probable,Male,0-19,15
2022,NY,36115,Probable,Male,20+,107
2022,NY,36115,Probable,Female,0-19,15
2022,NY,36115,Probable,Female,20+,88
2022,NY,36117,Probable,Male,0-19,7
2022,NY,36117,Probable,Male,20+,15
2022,NY,36117,Probable,Female,0-19,5
2022,NY,36117,Probable,Female,20+,19
2022,NY,36119,Probable,Male,0-19,109
2022,NY,36119,Probable,Male,20+,496
2022,NY,36119,Probable,Female,0-19,74
2022,NY,36119,Probable,Female,20+,294
2022,NY,36119,Probable,Suppressed,20+,1
2022,NY,36121,Probable,Male,20+,10
2022,NY,36121,Probable,Male,Suppressed,2
2022,NY,36121,Probable,Female,20+,10
2022,NY,36121,Probable,Female,Suppressed,1
2022,NY,36123,Probable,Male,0-19,6
2022,NY,36123,Probable,Male,20+,21
2022,NY,36123,Probable,Female,0-19,6
2022,NY,36123,Probable,Female,20+,16
2022,NY,Suppressed,Probable,Unknown,20+,2
2022,NY,Suppressed,Probable,Suppressed,20+,3
2022,NY,Suppressed,Probable,Suppressed,Suppressed,4
2022,OH,39013,Confirmed,Male,0-19,9
2022,OH,39013,Confirmed,Male,20+,10
2022,OH,39013,Confirmed,Female,0-19,6
2022,OH,39013,Confirmed,Female,20+,9
2022,OH,39013,Probable,Male,0-19,1
2022,OH,39013,Probable,Male,20+,7
2022,OH,39013,Probable,Female,0-19,1
2022,OH,39013,Probable,Female,20+,4
2022,OH,39019,Confirmed,Female,Suppressed,2
2022,OH,39019,Confirmed,Suppressed,Suppressed,3
2022,OH,39019,Probable,Female,Suppressed,3
2022,OH,39019,Probable,Suppressed,Suppressed,3
2022,OH,39025,Confirmed,Male,20+,7
2022,OH,39025,Confirmed,Female,Suppressed,6
2022,OH,39025,Probable,Male,20+,1
2022,OH,39025,Probable,Female,Suppressed,1
2022,OH,39029,Confirmed,Male,0-19,5
2022,OH,39029,Confirmed,Male,20+,5
2022,OH,39029,Confirmed,Female,0-19,5
2022,OH,39029,Confirmed,Female,20+,6
2022,OH,39029,Probable,Male,0-19,1
2022,OH,39029,Probable,Male,20+,2
2022,OH,39029,Probable,Female,0-19,2
2022,OH,39029,Probable,Female,20+,2
2022,OH,39031,Confirmed,Male,0-19,3
2022,OH,39031,Confirmed,Male,Suppressed,3
2022,OH,39031,Confirmed,Suppressed,0-19,3
2022,OH,39031,Confirmed,Suppressed,Suppressed,2
2022,OH,39031,Probable,Male,0-19,2
2022,OH,39031,Probable,Male,Suppressed,1
2022,OH,39031,Probable,Suppressed,0-19,1
2022,OH,39035,Confirmed,Male,20+,8
2022,OH,39035,Confirmed,Male,Suppressed,2
2022,OH,39035,Confirmed,Female,20+,2
2022,OH,39035,Confirmed,Female,Suppressed,1
2022,OH,39035,Probable,Male,20+,9
2022,OH,39035,Probable,Male,Suppressed,1
2022,OH,39035,Probable,Female,20+,4
2022,OH,39035,Probable,Female,Suppressed,1
2022,OH,39041,Confirmed,Suppressed,Suppressed,5
2022,OH,39045,Confirmed,Male,0-19,9
2022,OH,39045,Confirmed,Male,Suppressed,3
2022,OH,39045,Confirmed,Female,0-19,7
2022,OH,39045,Probable,Female,Suppressed,1
2022,OH,39049,Confirmed,Male,0-19,8
2022,OH,39049,Confirmed,Male,20+,3
2022,OH,39049,Confirmed,Female,0-19,7
2022,OH,39049,Confirmed,Female,20+,5
2022,OH,39049,Probable,Male,0-19,2
2022,OH,39049,Probable,Male,20+,7
2022,OH,39049,Probable,Female,0-19,1
2022,OH,39049,Probable,Female,20+,1
2022,OH,39053,Confirmed,Suppressed,Suppressed,4
2022,OH,39053,Probable,Suppressed,Suppressed,2
2022,OH,39055,Confirmed,Male,Suppressed,2
2022,OH,39055,Probable,Male,Suppressed,3
2022,OH,39061,Confirmed,Male,0-19,4
2022,OH,39061,Confirmed,Male,20+,6
2022,OH,39061,Confirmed,Female,20+,6
2022,OH,39061,Confirmed,Female,Suppressed,1
2022,OH,39061,Probable,Male,0-19,1
2022,OH,39061,Probable,Female,20+,1
2022,OH,39067,Confirmed,Suppressed,Suppressed,4
2022,OH,39067,Probable,Suppressed,Suppressed,4
2022,OH,39075,Confirmed,Male,0-19,10
2022,OH,39075,Confirmed,Male,20+,12
2022,OH,39075,Confirmed,Female,20+,8
2022,OH,39075,Confirmed,Female,Suppressed,2
2022,OH,39075,Probable,Male,0-19,1
2022,OH,39075,Probable,Female,Suppressed,1
2022,OH,39079,Confirmed,Male,0-19,5
2022,OH,39079,Confirmed,Suppressed,Suppressed,3
2022,OH,39079,Probable,Male,0-19,1
2022,OH,39079,Probable,Male,Suppressed,3
2022,OH,39079,Probable,Suppressed,Suppressed,1
2022,OH,39081,Confirmed,Male,20+,2
2022,OH,39081,Confirmed,Male,Suppressed,3
2022,OH,39081,Confirmed,Suppressed,Suppressed,1
2022,OH,39081,Probable,Male,20+,3
2022,OH,39081,Probable,Suppressed,Suppressed,1
2022,OH,39083,Confirmed,Male,20+,4
2022,OH,39083,Confirmed,Male,Suppressed,3
2022,OH,39083,Confirmed,Female,Suppressed,5
2022,OH,39083,Probable,Male,20+,3
2022,OH,39083,Probable,Male,Suppressed,1
2022,OH,39083,Probable,Female,Suppressed,2
2022,OH,39085,Confirmed,Suppressed,Suppressed,3
2022,OH,39085,Probable,Suppressed,Suppressed,2
2022,OH,39089,Confirmed,Suppressed,Suppressed,8
2022,OH,39089,Probable,Suppressed,Suppressed,1
2022,OH,39099,Confirmed,Male,20+,4
2022,OH,39099,Probable,Male,20+,1
2022,OH,39099,Probable,Male,Suppressed,1
2022,OH,39099,Probable,Suppressed,Suppressed,2
2022,OH,39119,Confirmed,Male,0-19,5
2022,OH,39119,Confirmed,Female,0-19,6
2022,OH,39119,Confirmed,Female,Suppressed,1
2022,OH,39119,Probable,Male,0-19,1
2022,OH,39119,Probable,Male,Suppressed,2
2022,OH,39119,Probable,Female,0-19,2
2022,OH,39119,Probable,Female,Suppressed,2
2022,OH,39133,Confirmed,Male,Suppressed,4
2022,OH,39133,Probable,Male,Suppressed,2
2022,OH,39139,Confirmed,Female,Suppressed,2
2022,OH,39139,Confirmed,Suppressed,Suppressed,4
2022,OH,39139,Probable,Female,Suppressed,4
2022,OH,39139,Probable,Suppressed,Suppressed,3
2022,OH,39141,Confirmed,Male,0-19,5
2022,OH,39141,Confirmed,Male,Suppressed,2
2022,OH,39141,Confirmed,Suppressed,0-19,2
2022,OH,39141,Confirmed,Suppressed,Suppressed,1
2022,OH,39141,Probable,Male,0-19,4
2022,OH,39141,Probable,Male,Suppressed,1
2022,OH,39141,Probable,Suppressed,0-19,2
2022,OH,39151,Confirmed,Male,0-19,9
2022,OH,39151,Confirmed,Male,20+,4
2022,OH,39151,Confirmed,Female,20+,3
2022,OH,39151,Confirmed,Female,Suppressed,2
2022,OH,39151,Probable,Male,0-19,6
2022,OH,39151,Probable,Male,20+,6
2022,OH,39151,Probable,Female,20+,4
2022,OH,39151,Probable,Female,Suppressed,2
2022,OH,39153,Confirmed,Male,20+,5
2022,OH,39153,Confirmed,Suppressed,Suppressed,3
2022,OH,39153,Probable,Male,20+,4
2022,OH,39153,Probable,Male,Suppressed,1
2022,OH,39153,Probable,Suppressed,Suppressed,4
2022,OH,39155,Confirmed,Male,0-19,2
2022,OH,39155,Confirmed,Male,20+,4
2022,OH,39155,Confirmed,Female,20+,4
2022,OH,39155,Confirmed,Female,Suppressed,2
2022,OH,39155,Probable,Male,0-19,3
2022,OH,39155,Probable,Male,20+,1
2022,OH,39155,Probable,Female,20+,1
2022,OH,39155,Probable,Female,Suppressed,1
2022,OH,39157,Confirmed,Male,0-19,4
2022,OH,39157,Confirmed,Male,20+,8
2022,OH,39157,Confirmed,Female,20+,3
2022,OH,39157,Confirmed,Female,Suppressed,2
2022,OH,39157,Probable,Male,0-19,2
2022,OH,39157,Probable,Male,20+,7
2022,OH,39157,Probable,Female,20+,4
2022,OH,Suppressed,Confirmed,Male,20+,9
2022,OH,Suppressed,Confirmed,Female,0-19,8
2022,OH,Suppressed,Confirmed,Suppressed,Suppressed,27
2022,OH,Suppressed,Probable,Male,20+,5
2022,OH,Suppressed,Probable,Female,0-19,1
2022,OH,Suppressed,Probable,Suppressed,Suppressed,9
2022,OR,41033,Confirmed,Female,20+,1
2022,OR,41033,Probable,Female,20+,4
2022,OR,41033,Probable,Suppressed,Suppressed,2
2022,OR,41051,Probable,Male,Suppressed,5
2022,OR,Suppressed,Confirmed,Female,20+,1
2022,OR,Suppressed,Confirmed,Suppressed,20+,3
2022,OR,Suppressed,Confirmed,Suppressed,Suppressed,3
2022,OR,Suppressed,Probable,Female,20+,7
2022,OR,Suppressed,Probable,Suppressed,20+,13
2022,OR,Suppressed,Probable,Suppressed,Suppressed,22
2022,PA,42001,Probable,Male,0-19,10
2022,PA,42001,Probable,Male,20+,76
2022,PA,42001,Probable,Female,0-19,7
2022,PA,42001,Probable,Female,20+,50
2022,PA,42003,Probable,Male,0-19,14
2022,PA,42003,Probable,Male,20+,123
2022,PA,42003,Probable,Female,0-19,7
2022,PA,42003,Probable,Female,20+,66
2022,PA,42005,Probable,Male,0-19,9
2022,PA,42005,Probable,Male,20+,30
2022,PA,42005,Probable,Female,20+,23
2022,PA,42005,Probable,Female,Suppressed,2
2022,PA,42007,Probable,Male,0-19,6
2022,PA,42007,Probable,Male,20+,30
2022,PA,42007,Probable,Female,20+,26
2022,PA,42007,Probable,Female,Suppressed,1
2022,PA,42009,Probable,Male,0-19,5
2022,PA,42009,Probable,Male,20+,15
2022,PA,42009,Probable,Female,20+,16
2022,PA,42009,Probable,Female,Suppressed,2
2022,PA,42011,Probable,Male,0-19,22
2022,PA,42011,Probable,Male,20+,152
2022,PA,42011,Probable,Female,0-19,18
2022,PA,42011,Probable,Female,20+,111
2022,PA,42013,Probable,Male,0-19,5
2022,PA,42013,Probable,Male,20+,74
2022,PA,42013,Probable,Female,0-19,6
2022,PA,42013,Probable,Female,20+,15
2022,PA,42015,Probable,Male,20+,8
2022,PA,42015,Probable,Male,Suppressed,3
2022,PA,42015,Probable,Suppressed,20+,2
2022,PA,42015,Probable,Suppressed,Suppressed,1
2022,PA,42017,Probable,Male,0-19,30
2022,PA,42017,Probable,Male,20+,186
2022,PA,42017,Probable,Female,0-19,28
2022,PA,42017,Probable,Female,20+,146
2022,PA,42019,Probable,Male,0-19,5
2022,PA,42019,Probable,Male,20+,37
2022,PA,42019,Probable,Female,20+,20
2022,PA,42019,Probable,Female,Suppressed,1
2022,PA,42021,Probable,Male,0-19,24
2022,PA,42021,Probable,Male,20+,106
2022,PA,42021,Probable,Female,0-19,9
2022,PA,42021,Probable,Female,20+,89
2022,PA,42021,Probable,Suppressed,20+,1
2022,PA,42023,Probable,Female,20+,8
2022,PA,42023,Probable,Female,Suppressed,1
2022,PA,42023,Probable,Suppressed,20+,1
2022,PA,42025,Probable,Male,20+,7
2022,PA,42025,Probable,Male,Suppressed,1
2022,PA,42025,Probable,Suppressed,20+,4
2022,PA,42027,Probable,Male,0-19,22
2022,PA,42027,Probable,Male,20+,107
2022,PA,42027,Probable,Female,0-19,13
2022,PA,42027,Probable,Female,20+,87
2022,PA,42027,Probable,Suppressed,0-19,1
2022,PA,42029,Probable,Male,0-19,40
2022,PA,42029,Probable,Male,20+,316
2022,PA,42029,Probable,Female,0-19,42
2022,PA,42029,Probable,Female,20+,203
2022,PA,42031,Probable,Male,20+,15
2022,PA,42031,Probable,Male,Suppressed,3
2022,PA,42031,Probable,Female,20+,13
2022,PA,42031,Probable,Female,Suppressed,2
2022,PA,42033,Probable,Male,0-19,28
2022,PA,42033,Probable,Male,20+,96
2022,PA,42033,Probable,Female,0-19,14
2022,PA,42033,Probable,Female,20+,64
2022,PA,42035,Probable,Male,20+,19
2022,PA,42035,Probable,Male,Suppressed,4
2022,PA,42035,Probable,Female,20+,13
2022,PA,42035,Probable,Female,Suppressed,1
2022,PA,42037,Probable,Male,0-19,14
2022,PA,42037,Probable,Male,20+,50
2022,PA,42037,Probable,Female,0-19,6
2022,PA,42037,Probable,Female,20+,24
2022,PA,42039,Probable,Male,0-19,8
2022,PA,42039,Probable,Male,20+,24
2022,PA,42039,Probable,Female,20+,13
2022,PA,42039,Probable,Female,Suppressed,4
2022,PA,42041,Probable,Male,0-19,24
2022,PA,42041,Probable,Male,20+,97
2022,PA,42041,Probable,Female,0-19,17
2022,PA,42041,Probable,Female,20+,71
2022,PA,42043,Probable,Male,0-19,17
2022,PA,42043,Probable,Male,20+,93
2022,PA,42043,Probable,Female,0-19,10
2022,PA,42043,Probable,Female,20+,65
2022,PA,42045,Probable,Male,0-19,17
2022,PA,42045,Probable,Male,20+,141
2022,PA,42045,Probable,Male,Suppressed,1
2022,PA,42045,Probable,Female,0-19,15
2022,PA,42045,Probable,Female,20+,108
2022,PA,42047,Probable,Male,0-19,8
2022,PA,42047,Probable,Male,20+,48
2022,PA,42047,Probable,Female,0-19,8
2022,PA,42047,Probable,Female,20+,24
2022,PA,42049,Probable,Male,20+,29
2022,PA,42049,Probable,Male,Suppressed,3
2022,PA,42049,Probable,Female,20+,6
2022,PA,42049,Probable,Female,Suppressed,3
2022,PA,42051,Probable,Male,0-19,9
2022,PA,42051,Probable,Male,20+,43
2022,PA,42051,Probable,Female,0-19,11
2022,PA,42051,Probable,Female,20+,33
2022,PA,42053,Probable,Male,20+,6
2022,PA,42053,Probable,Male,Suppressed,1
2022,PA,42053,Probable,Suppressed,20+,4
2022,PA,42055,Probable,Male,0-19,17
2022,PA,42055,Probable,Male,20+,45
2022,PA,42055,Probable,Female,0-19,8
2022,PA,42055,Probable,Female,20+,20
2022,PA,42057,Probable,Male,20+,8
2022,PA,42057,Probable,Male,Suppressed,2
2022,PA,42057,Probable,Female,20+,9
2022,PA,42057,Probable,Female,Suppressed,2
2022,PA,42059,Probable,Male,20+,16
2022,PA,42059,Probable,Female,Suppressed,6
2022,PA,42059,Probable,Suppressed,Suppressed,2
2022,PA,42061,Probable,Male,20+,27
2022,PA,42061,Probable,Male,Suppressed,4
2022,PA,42061,Probable,Female,20+,9
2022,PA,42061,Probable,Female,Suppressed,3
2022,PA,42063,Probable,Male,0-19,9
2022,PA,42063,Probable,Male,20+,43
2022,PA,42063,Probable,Female,20+,39
2022,PA,42063,Probable,Female,Suppressed,2
2022,PA,42065,Probable,Male,0-19,12
2022,PA,42065,Probable,Male,20+,75
2022,PA,42065,Probable,Female,0-19,17
2022,PA,42065,Probable,Female,20+,51
2022,PA,42067,Probable,Male,20+,19
2022,PA,42067,Probable,Male,Suppressed,4
2022,PA,42067,Probable,Female,20+,13
2022,PA,42069,Probable,Male,0-19,20
2022,PA,42069,Probable,Male,20+,86
2022,PA,42069,Probable,Female,0-19,13
2022,PA,42069,Probable,Female,20+,58
2022,PA,42071,Probable,Male,0-19,62
2022,PA,42071,Probable,Male,20+,153
2022,PA,42071,Probable,Female,0-19,44
2022,PA,42071,Probable,Female,20+,116
2022,PA,42073,Probable,Male,20+,7
2022,PA,42073,Probable,Male,Suppressed,1
2022,PA,42073,Probable,Female,20+,10
2022,PA,42075,Probable,Male,0-19,9
2022,PA,42075,Probable,Male,20+,64
2022,PA,42075,Probable,Female,0-19,11
2022,PA,42075,Probable,Female,20+,33
2022,PA,42077,Probable,Male,20+,17
2022,PA,42077,Probable,Male,Suppressed,3
2022,PA,42077,Probable,Female,20+,16
2022,PA,42077,Probable,Female,Suppressed,3
2022,PA,42079,Probable,Male,0-19,23
2022,PA,42079,Probable,Male,20+,115
2022,PA,42079,Probable,Female,0-19,19
2022,PA,42079,Probable,Female,20+,66
2022,PA,42081,Probable,Male,0-19,14
2022,PA,42081,Probable,Male,20+,52
2022,PA,42081,Probable,Female,0-19,7
2022,PA,42081,Probable,Female,20+,31
2022,PA,42083,Probable,Male,0-19,17
2022,PA,42083,Probable,Male,20+,43
2022,PA,42083,Probable,Female,0-19,12
2022,PA,42083,Probable,Female,20+,44
2022,PA,42085,Probable,Male,20+,21
2022,PA,42085,Probable,Male,Suppressed,1
2022,PA,42085,Probable,Female,20+,18
2022,PA,42085,Probable,Female,Suppressed,1
2022,PA,42087,Probable,Male,0-19,8
2022,PA,42087,Probable,Male,20+,47
2022,PA,42087,Probable,Female,20+,24
2022,PA,42087,Probable,Female,Suppressed,4
2022,PA,42089,Probable,Male,20+,43
2022,PA,42089,Probable,Male,Suppressed,4
2022,PA,42089,Probable,Female,0-19,5
2022,PA,42089,Probable,Female,20+,27
2022,PA,42091,Probable,Male,0-19,41
2022,PA,42091,Probable,Male,20+,215
2022,PA,42091,Probable,Female,0-19,30
2022,PA,42091,Probable,Female,20+,147
2022,PA,42093,Probable,Male,0-19,5
2022,PA,42093,Probable,Male,20+,14
2022,PA,42093,Probable,Female,20+,8
2022,PA,42093,Probable,Female,Suppressed,2
2022,PA,42095,Probable,Male,0-19,6
2022,PA,42095,Probable,Male,20+,49
2022,PA,42095,Probable,Female,20+,31
2022,PA,42095,Probable,Female,Suppressed,2
2022,PA,42097,Probable,Male,0-19,7
2022,PA,42097,Probable,Male,20+,35
2022,PA,42097,Probable,Female,0-19,7
2022,PA,42097,Probable,Female,20+,19
2022,PA,42099,Probable,Male,0-19,10
2022,PA,42099,Probable,Male,20+,52
2022,PA,42099,Probable,Female,0-19,11
2022,PA,42099,Probable,Female,20+,41
2022,PA,42101,Probable,Male,0-19,27
2022,PA,42101,Probable,Male,20+,92
2022,PA,42101,Probable,Female,0-19,19
2022,PA,42101,Probable,Female,20+,93
2022,PA,42103,Probable,Male,0-19,8
2022,PA,42103,Probable,Male,20+,57
2022,PA,42103,Probable,Female,0-19,5
2022,PA,42103,Probable,Female,20+,38
2022,PA,42103,Probable,Suppressed,20+,1
2022,PA,42105,Probable,Male,0-19,7
2022,PA,42105,Probable,Male,20+,33
2022,PA,42105,Probable,Female,0-19,5
2022,PA,42105,Probable,Female,20+,25
2022,PA,42107,Probable,Male,0-19,11
2022,PA,42107,Probable,Male,20+,32
2022,PA,42107,Probable,Female,20+,29
2022,PA,42107,Probable,Female,Suppressed,4
2022,PA,42109,Probable,Male,20+,9
2022,PA,42109,Probable,Male,Suppressed,3
2022,PA,42109,Probable,Female,20+,6
2022,PA,42109,Probable,Female,Suppressed,2
2022,PA,42111,Probable,Male,0-19,9
2022,PA,42111,Probable,Male,20+,47
2022,PA,42111,Probable,Female,0-19,8
2022,PA,42111,Probable,Female,20+,31
2022,PA,42115,Probable,Male,0-19,19
2022,PA,42115,Probable,Male,20+,45
2022,PA,42115,Probable,Female,0-19,11
2022,PA,42115,Probable,Female,20+,39
2022,PA,42117,Probable,Male,20+,12
2022,PA,42117,Probable,Male,Suppressed,3
2022,PA,42117,Probable,Female,20+,5
2022,PA,42119,Probable,Male,0-19,11
2022,PA,42119,Probable,Male,20+,20
2022,PA,42119,Probable,Female,0-19,5
2022,PA,42119,Probable,Female,20+,13
2022,PA,42119,Probable,Suppressed,0-19,1
2022,PA,42121,Probable,Male,20+,13
2022,PA,42121,Probable,Male,Suppressed,2
2022,PA,42121,Probable,Female,20+,5
2022,PA,42123,Probable,Male,20+,21
2022,PA,42123,Probable,Male,Suppressed,3
2022,PA,42123,Probable,Female,0-19,8
2022,PA,42123,Probable,Female,20+,5
2022,PA,42125,Probable,Male,20+,48
2022,PA,42125,Probable,Male,Suppressed,4
2022,PA,42125,Probable,Female,20+,20
2022,PA,42125,Probable,Female,Suppressed,3
2022,PA,42127,Probable,Male,0-19,12
2022,PA,42127,Probable,Male,20+,85
2022,PA,42127,Probable,Female,0-19,9
2022,PA,42127,Probable,Female,20+,55
2022,PA,42129,Probable,Male,0-19,48
2022,PA,42129,Probable,Male,20+,215
2022,PA,42129,Probable,Female,0-19,30
2022,PA,42129,Probable,Female,20+,152
2022,PA,42131,Probable,Male,0-19,8
2022,PA,42131,Probable,Male,20+,27
2022,PA,42131,Probable,Female,20+,25
2022,PA,42131,Probable,Female,Suppressed,3
2022,PA,42133,Probable,Male,0-19,47
2022,PA,42133,Probable,Male,20+,233
2022,PA,42133,Probable,Female,0-19,30
2022,PA,42133,Probable,Female,20+,146
2022,PA,Suppressed,Probable,Male,0-19,2
2022,PA,Suppressed,Probable,Male,Suppressed,2
2022,PA,Suppressed,Probable,Suppressed,Suppressed,4
2022,RI,44001,Probable,Male,0-19,10
2022,RI,44001,Probable,Male,20+,46
2022,RI,44001,Probable,Female,0-19,8
2022,RI,44001,Probable,Female,20+,39
2022,RI,44003,Probable,Male,0-19,15
2022,RI,44003,Probable,Male,20+,219
2022,RI,44003,Probable,Female,0-19,14
2022,RI,44003,Probable,Female,20+,136
2022,RI,44005,Probable,Male,0-19,18
2022,RI,44005,Probable,Male,20+,135
2022,RI,44005,Probable,Female,0-19,11
2022,RI,44005,Probable,Female,20+,114
2022,RI,44007,Probable,Male,0-19,59
2022,RI,44007,Probable,Male,20+,358
2022,RI,44007,Probable,Female,0-19,46
2022,RI,44007,Probable,Female,20+,308
2022,RI,44009,Probable,Male,0-19,38
2022,RI,44009,Probable,Male,20+,411
2022,RI,44009,Probable,Female,0-19,35
2022,RI,44009,Probable,Female,20+,306
2022,SC,45045,Confirmed,Suppressed,Suppressed,7
2022,SC,45051,Confirmed,Suppressed,Suppressed,2
2022,SC,45051,Probable,Suppressed,Suppressed,3
2022,SC,45063,Confirmed,Suppressed,Suppressed,5
2022,SC,Suppressed,Confirmed,Female,20+,4
2022,SC,Suppressed,Confirmed,Suppressed,Suppressed,18
2022,SC,Suppressed,Probable,Female,20+,3
2022,SC,Suppressed,Probable,Suppressed,Suppressed,2
2022,SD,Suppressed,Confirmed,Male,20+,6
2022,SD,Suppressed,Confirmed,Suppressed,20+,4
2022,SD,Suppressed,Probable,Suppressed,20+,1
2022,TN,Suppressed,Confirmed,Female,20+,1
2022,TN,Suppressed,Confirmed,Suppressed,Suppressed,14
2022,TN,Suppressed,Probable,Female,20+,5
2022,TN,Suppressed,Probable,Suppressed,Suppressed,12
2022,TX,Suppressed,Confirmed,Suppressed,20+,18
2022,TX,Suppressed,Confirmed,Suppressed,Suppressed,3
2022,TX,Suppressed,Probable,Suppressed,Suppressed,2
2022,UT,49035,Confirmed,Female,20+,2
2022,UT,49035,Confirmed,Suppressed,Suppressed,1
2022,UT,49035,Probable,Female,20+,4
2022,UT,49035,Probable,Suppressed,Suppressed,3
2022,UT,Suppressed,Confirmed,Female,20+,1
2022,UT,Suppressed,Confirmed,Suppressed,Suppressed,1
2022,UT,Suppressed,Probable,Female,20+,2
2022,UT,Suppressed,Probable,Suppressed,Suppressed,2
2022,VA,51001,Probable,Male,20+,5
2022,VA,51001,Probable,Suppressed,Suppressed,1
2022,VA,51003,Probable,Male,20+,8
2022,VA,51003,Probable,Male,Suppressed,3
2022,VA,51003,Probable,Female,20+,9
2022,VA,51003,Probable,Female,Suppressed,3
2022,VA,51013,Probable,Male,20+,20
2022,VA,51013,Probable,Male,Suppressed,4
2022,VA,51013,Probable,Female,20+,12
2022,VA,51013,Probable,Female,Suppressed,2
2022,VA,51015,Probable,Male,20+,9
2022,VA,51015,Probable,Male,Suppressed,4
2022,VA,51015,Probable,Female,0-19,6
2022,VA,51015,Probable,Female,Suppressed,4
2022,VA,51017,Probable,Male,20+,5
2022,VA,51017,Probable,Suppressed,Suppressed,1
2022,VA,51019,Probable,Male,20+,5
2022,VA,51019,Probable,Male,Suppressed,2
2022,VA,51019,Probable,Suppressed,Suppressed,1
2022,VA,51021,Probable,Male,20+,5
2022,VA,51021,Probable,Suppressed,Suppressed,2
2022,VA,51023,Probable,Suppressed,Suppressed,5
2022,VA,51035,Probable,Male,20+,22
2022,VA,51035,Probable,Male,Suppressed,3
2022,VA,51035,Probable,Female,20+,22
2022,VA,51035,Probable,Female,Suppressed,3
2022,VA,51041,Probable,Suppressed,Suppressed,5
2022,VA,51043,Probable,Male,20+,7
2022,VA,51043,Probable,Suppressed,Suppressed,3
2022,VA,51059,Probable,Male,0-19,17
2022,VA,51059,Probable,Male,20+,43
2022,VA,51059,Probable,Female,0-19,7
2022,VA,51059,Probable,Female,20+,65
2022,VA,51061,Probable,Male,20+,13
2022,VA,51061,Probable,Male,Suppressed,4
2022,VA,51061,Probable,Female,20+,8
2022,VA,51061,Probable,Female,Suppressed,1
2022,VA,51063,Probable,Male,0-19,5
2022,VA,51063,Probable,Male,20+,33
2022,VA,51063,Probable,Female,20+,24
2022,VA,51063,Probable,Female,Suppressed,4
2022,VA,51067,Probable,Suppressed,Suppressed,5
2022,VA,51069,Probable,Male,0-19,11
2022,VA,51069,Probable,Male,20+,29
2022,VA,51069,Probable,Female,0-19,8
2022,VA,51069,Probable,Female,20+,15
2022,VA,51071,Probable,Male,20+,6
2022,VA,51071,Probable,Male,Suppressed,1
2022,VA,51071,Probable,Suppressed,Suppressed,4
2022,VA,51077,Probable,Male,20+,26
2022,VA,51077,Probable,Male,Suppressed,1
2022,VA,51077,Probable,Female,20+,15
2022,VA,51077,Probable,Female,Suppressed,1
2022,VA,51087,Probable,Male,20+,9
2022,VA,51087,Probable,Female,Suppressed,5
2022,VA,51091,Probable,Male,20+,5
2022,VA,51091,Probable,Suppressed,Suppressed,1
2022,VA,51107,Probable,Male,0-19,8
2022,VA,51107,Probable,Male,20+,28
2022,VA,51107,Probable,Female,0-19,11
2022,VA,51107,Probable,Female,20+,36
2022,VA,51109,Probable,Female,20+,7
2022,VA,51109,Probable,Female,Suppressed,1
2022,VA,51109,Probable,Suppressed,Suppressed,3
2022,VA,51121,Probable,Male,0-19,8
2022,VA,51121,Probable,Male,20+,22
2022,VA,51121,Probable,Female,0-19,7
2022,VA,51121,Probable,Female,20+,13
2022,VA,51125,Probable,Suppressed,Suppressed,5
2022,VA,51131,Probable,Suppressed,Suppressed,5
2022,VA,51137,Probable,Female,20+,5
2022,VA,51137,Probable,Suppressed,20+,3
2022,VA,51137,Probable,Suppressed,Suppressed,1
2022,VA,51139,Probable,Female,20+,7
2022,VA,51139,Probable,Suppressed,20+,4
2022,VA,51139,Probable,Suppressed,Suppressed,3
2022,VA,51141,Probable,Suppressed,Suppressed,8
2022,VA,51147,Probable,Suppressed,Suppressed,7
2022,VA,51153,Probable,Male,20+,11
2022,VA,51153,Probable,Male,Suppressed,3
2022,VA,51153,Probable,Female,20+,11
2022,VA,51153,Probable,Female,Suppressed,2
2022,VA,51155,Probable,Male,0-19,6
2022,VA,51155,Probable,Male,20+,20
2022,VA,51155,Probable,Female,20+,21
2022,VA,51155,Probable,Female,Suppressed,3
2022,VA,51157,Probable,Female,20+,6
2022,VA,51157,Probable,Female,Suppressed,1
2022,VA,51157,Probable,Suppressed,20+,1
2022,VA,51161,Probable,Male,20+,9
2022,VA,51161,Probable,Male,Suppressed,1
2022,VA,51161,Probable,Female,20+,8
2022,VA,51163,Probable,Male,20+,8
2022,VA,51163,Probable,Male,Suppressed,1
2022,VA,51163,Probable,Suppressed,Suppressed,4
2022,VA,51165,Probable,Male,0-19,5
2022,VA,51165,Probable,Male,20+,18
2022,VA,51165,Probable,Female,20+,6
2022,VA,51165,Probable,Female,Suppressed,3
2022,VA,51171,Probable,Male,20+,18
2022,VA,51171,Probable,Male,Suppressed,3
2022,VA,51171,Probable,Female,20+,14
2022,VA,51171,Probable,Female,Suppressed,1
2022,VA,51173,Probable,Male,20+,6
2022,VA,51173,Probable,Female,20+,6
2022,VA,51173,Probable,Female,Suppressed,3
2022,VA,51177,Probable,Male,Suppressed,7
2022,VA,51177,Probable,Suppressed,Suppressed,7
2022,VA,51179,Probable,Male,20+,7
2022,VA,51179,Probable,Male,Suppressed,2
2022,VA,51179,Probable,Female,20+,6
2022,VA,51179,Probable,Female,Suppressed,2
2022,VA,51185,Probable,Male,20+,5
2022,VA,51185,Probable,Male,Suppressed,2
2022,VA,51185,Probable,Suppressed,Suppressed,2
2022,VA,51187,Probable,Male,20+,16
2022,VA,51187,Probable,Male,Suppressed,4
2022,VA,51187,Probable,Female,20+,9
2022,VA,51187,Probable,Female,Suppressed,3
2022,VA,51191,Probable,Male,20+,5
2022,VA,51191,Probable,Male,Suppressed,1
2022,VA,51191,Probable,Suppressed,Suppressed,4
2022,VA,51197,Probable,Male,20+,17
2022,VA,51197,Probable,Male,Suppressed,3
2022,VA,51197,Probable,Female,20+,11
2022,VA,51197,Probable,Female,Suppressed,1
2022,VA,51510,Probable,Male,20+,5
2022,VA,51510,Probable,Male,Suppressed,2
2022,VA,51510,Probable,Suppressed,Suppressed,1
2022,VA,51540,Probable,Suppressed,Suppressed,6
2022,VA,51580,Probable,Suppressed,Suppressed,5
2022,VA,51640,Probable,Female,20+,8
2022,VA,51640,Probable,Suppressed,20+,4
2022,VA,51640,Probable,Suppressed,Suppressed,2
2022,VA,51660,Probable,Male,20+,11
2022,VA,51660,Probable,Male,Suppressed,2
2022,VA,51660,Probable,Female,0-19,5
2022,VA,51660,Probable,Female,20+,12
2022,VA,51680,Probable,Female,20+,7
2022,VA,51680,Probable,Female,Suppressed,1
2022,VA,51680,Probable,Suppressed,20+,2
2022,VA,51680,Probable,Suppressed,Suppressed,1
2022,VA,51750,Probable,Male,20+,6
2022,VA,51750,Probable,Male,Suppressed,3
2022,VA,51750,Probable,Suppressed,Suppressed,4
2022,VA,51760,Probable,Suppressed,Suppressed,8
2022,VA,51770,Probable,Male,20+,10
2022,VA,51770,Probable,Female,20+,5
2022,VA,51770,Probable,Female,Suppressed,1
2022,VA,51775,Probable,Suppressed,Suppressed,5
2022,VA,51790,Probable,Suppressed,Suppressed,6
2022,VA,51810,Probable,Male,20+,6
2022,VA,51810,Probable,Male,Suppressed,1
2022,VA,51810,Probable,Female,20+,6
2022,VA,51840,Probable,Male,20+,6
2022,VA,51840,Probable,Suppressed,Suppressed,2
2022,VA,Unknown,Probable,Male,0-19,14
2022,VA,Unknown,Probable,Male,20+,43
2022,VA,Unknown,Probable,Female,0-19,10
2022,VA,Unknown,Probable,Female,20+,39
2022,VA,Suppressed,Probable,Male,20+,27
2022,VA,Suppressed,Probable,Female,0-19,4
2022,VA,Suppressed,Probable,Suppressed,Suppressed,71
2022,VT,50001,Probable,Male,0-19,9
2022,VT,50001,Probable,Male,20+,37
2022,VT,50001,Probable,Female,0-19,9
2022,VT,50001,Probable,Female,20+,48
2022,VT,50003,Probable,Male,0-19,13
2022,VT,50003,Probable,Male,20+,67
2022,VT,50003,Probable,Female,0-19,7
2022,VT,50003,Probable,Female,20+,37
2022,VT,50005,Probable,Male,20+,17
2022,VT,50005,Probable,Male,Suppressed,4
2022,VT,50005,Probable,Female,20+,17
2022,VT,50005,Probable,Female,Suppressed,2
2022,VT,50007,Probable,Male,0-19,19
2022,VT,50007,Probable,Male,20+,142
2022,VT,50007,Probable,Female,0-19,13
2022,VT,50007,Probable,Female,20+,100
2022,VT,50011,Probable,Male,0-19,5
2022,VT,50011,Probable,Male,20+,27
2022,VT,50011,Probable,Female,0-19,6
2022,VT,50011,Probable,Female,20+,24
2022,VT,50013,Probable,Male,20+,10
2022,VT,50013,Probable,Male,Suppressed,2
2022,VT,50013,Probable,Female,20+,5
2022,VT,50013,Probable,Female,Suppressed,2
2022,VT,50015,Probable,Male,20+,16
2022,VT,50015,Probable,Male,Suppressed,4
2022,VT,50015,Probable,Female,20+,13
2022,VT,50017,Probable,Male,0-19,7
2022,VT,50017,Probable,Male,20+,36
2022,VT,50017,Probable,Female,0-19,8
2022,VT,50017,Probable,Female,20+,29
2022,VT,50019,Probable,Male,20+,7
2022,VT,50019,Probable,Male,Suppressed,2
2022,VT,50019,Probable,Suppressed,20+,2
2022,VT,50021,Probable,Male,0-19,9
2022,VT,50021,Probable,Male,20+,57
2022,VT,50021,Probable,Female,20+,51
2022,VT,50021,Probable,Female,Suppressed,4
2022,VT,50023,Probable,Male,0-19,11
2022,VT,50023,Probable,Male,20+,46
2022,VT,50023,Probable,Female,0-19,8
2022,VT,50023,Probable,Female,20+,48
2022,VT,50025,Probable,Male,0-19,13
2022,VT,50025,Probable,Male,20+,64
2022,VT,50025,Probable,Female,0-19,6
2022,VT,50025,Probable,Female,20+,33
2022,VT,50027,Probable,Male,0-19,15
2022,VT,50027,Probable,Male,20+,99
2022,VT,50027,Probable,Female,0-19,11
2022,VT,50027,Probable,Female,20+,86
2022,VT,Suppressed,Probable,Female,20+,3
2022,VT,Suppressed,Probable,Suppressed,20+,2
2022,WA,53033,Confirmed,Suppressed,Suppressed,5
2022,WA,Suppressed,Confirmed,Female,20+,5
2022,WA,Suppressed,Confirmed,Suppressed,Suppressed,13
2022,WI,55001,Probable,Male,0-19,5
2022,WI,55001,Probable,Male,20+,34
2022,WI,55001,Probable,Female,20+,27
2022,WI,55001,Probable,Female,Suppressed,2
2022,WI,55003,Probable,Male,20+,6
2022,WI,55003,Probable,Male,Suppressed,3
2022,WI,55003,Probable,Female,20+,5
2022,WI,55003,Probable,Female,Suppressed,2
2022,WI,55005,Probable,Male,0-19,6
2022,WI,55005,Probable,Male,20+,39
2022,WI,55005,Probable,Female,20+,29
2022,WI,55005,Probable,Female,Suppressed,4
2022,WI,55007,Probable,Male,20+,24
2022,WI,55007,Probable,Female,20+,18
2022,WI,55007,Probable,Female,Suppressed,3
2022,WI,55009,Probable,Male,0-19,25
2022,WI,55009,Probable,Male,20+,87
2022,WI,55009,Probable,Female,0-19,14
2022,WI,55009,Probable,Female,20+,72
2022,WI,55011,Probable,Male,20+,14
2022,WI,55011,Probable,Male,Suppressed,1
2022,WI,55011,Probable,Female,20+,6
2022,WI,55011,Probable,Female,Suppressed,1
2022,WI,55013,Probable,Male,0-19,5
2022,WI,55013,Probable,Male,20+,30
2022,WI,55013,Probable,Female,20+,21
2022,WI,55013,Probable,Female,Suppressed,2
2022,WI,55015,Probable,Male,20+,7
2022,WI,55015,Probable,Male,Suppressed,1
2022,WI,55015,Probable,Female,20+,10
2022,WI,55015,Probable,Female,Suppressed,1
2022,WI,55017,Probable,Male,0-19,11
2022,WI,55017,Probable,Male,20+,40
2022,WI,55017,Probable,Female,0-19,8
2022,WI,55017,Probable,Female,20+,45
2022,WI,55019,Probable,Male,20+,26
2022,WI,55019,Probable,Female,20+,14
2022,WI,55019,Probable,Female,Suppressed,1
2022,WI,55021,Probable,Male,0-19,9
2022,WI,55021,Probable,Male,20+,42
2022,WI,55021,Probable,Female,20+,40
2022,WI,55021,Probable,Female,Suppressed,2
2022,WI,55023,Probable,Male,20+,5
2022,WI,55023,Probable,Male,Suppressed,2
2022,WI,55023,Probable,Female,20+,9
2022,WI,55023,Probable,Female,Suppressed,2
2022,WI,55025,Probable,Male,0-19,28
2022,WI,55025,Probable,Male,20+,123
2022,WI,55025,Probable,Female,0-19,21
2022,WI,55025,Probable,Female,20+,84
2022,WI,55027,Probable,Male,20+,12
2022,WI,55027,Probable,Male,Suppressed,3
2022,WI,55027,Probable,Female,20+,17
2022,WI,55027,Probable,Female,Suppressed,1
2022,WI,55029,Probable,Male,20+,23
2022,WI,55029,Probable,Male,Suppressed,4
2022,WI,55029,Probable,Female,20+,13
2022,WI,55029,Probable,Female,Suppressed,3
2022,WI,55031,Probable,Male,20+,25
2022,WI,55031,Probable,Male,Suppressed,4
2022,WI,55031,Probable,Female,0-19,5
2022,WI,55031,Probable,Female,20+,31
2022,WI,55033,Probable,Male,0-19,8
2022,WI,55033,Probable,Male,20+,32
2022,WI,55033,Probable,Female,0-19,8
2022,WI,55033,Probable,Female,20+,26
2022,WI,55035,Probable,Male,0-19,22
2022,WI,55035,Probable,Male,20+,80
2022,WI,55035,Probable,Female,0-19,6
2022,WI,55035,Probable,Female,20+,72
2022,WI,55037,Probable,Male,0-19,5
2022,WI,55037,Probable,Male,20+,10
2022,WI,55037,Probable,Female,20+,7
2022,WI,55039,Probable,Male,20+,16
2022,WI,55039,Probable,Male,Suppressed,2
2022,WI,55039,Probable,Female,0-19,7
2022,WI,55039,Probable,Female,20+,23
2022,WI,55041,Probable,Male,20+,10
2022,WI,55041,Probable,Male,Suppressed,1
2022,WI,55041,Probable,Female,20+,7
2022,WI,55043,Probable,Male,0-19,5
2022,WI,55043,Probable,Male,20+,15
2022,WI,55043,Probable,Female,20+,7
2022,WI,55043,Probable,Female,Suppressed,2
2022,WI,55045,Probable,Male,20+,11
2022,WI,55045,Probable,Male,Suppressed,2
2022,WI,55045,Probable,Female,20+,9
2022,WI,55047,Probable,Male,20+,7
2022,WI,55047,Probable,Male,Suppressed,2
2022,WI,55047,Probable,Female,20+,6
2022,WI,55049,Probable,Male,20+,13
2022,WI,55049,Probable,Male,Suppressed,3
2022,WI,55049,Probable,Female,20+,13
2022,WI,55049,Probable,Female,Suppressed,1
2022,WI,55053,Probable,Male,0-19,7
2022,WI,55053,Probable,Male,20+,42
2022,WI,55053,Probable,Female,0-19,6
2022,WI,55053,Probable,Female,20+,35
2022,WI,55055,Probable,Male,20+,17
2022,WI,55055,Probable,Male,Suppressed,3
2022,WI,55055,Probable,Female,20+,18
2022,WI,55055,Probable,Female,Suppressed,3
2022,WI,55057,Probable,Male,20+,24
2022,WI,55057,Probable,Male,Suppressed,3
2022,WI,55057,Probable,Female,20+,31
2022,WI,55057,Probable,Female,Suppressed,4
2022,WI,55059,Probable,Male,0-19,5
2022,WI,55059,Probable,Male,20+,14
2022,WI,55059,Probable,Female,20+,12
2022,WI,55059,Probable,Female,Suppressed,2
2022,WI,55061,Probable,Female,20+,5
2022,WI,55061,Probable,Female,Suppressed,2
2022,WI,55061,Probable,Suppressed,20+,4
2022,WI,55061,Probable,Suppressed,Suppressed,2
2022,WI,55063,Probable,Male,20+,20
2022,WI,55063,Probable,Male,Suppressed,4
2022,WI,55063,Probable,Female,20+,13
2022,WI,55063,Probable,Female,Suppressed,2
2022,WI,55067,Probable,Male,20+,15
2022,WI,55067,Probable,Male,Suppressed,3
2022,WI,55067,Probable,Female,20+,11
2022,WI,55067,Probable,Female,Suppressed,2
2022,WI,55069,Probable,Male,20+,38
2022,WI,55069,Probable,Male,Suppressed,3
2022,WI,55069,Probable,Female,0-19,7
2022,WI,55069,Probable,Female,20+,24
2022,WI,55071,Probable,Male,20+,13
2022,WI,55071,Probable,Male,Suppressed,3
2022,WI,55071,Probable,Female,20+,13
2022,WI,55071,Probable,Female,Suppressed,2
2022,WI,55073,Probable,Male,0-19,29
2022,WI,55073,Probable,Male,20+,83
2022,WI,55073,Probable,Female,0-19,17
2022,WI,55073,Probable,Female,20+,77
2022,WI,55075,Probable,Male,0-19,18
2022,WI,55075,Probable,Male,20+,61
2022,WI,55075,Probable,Female,0-19,10
2022,WI,55075,Probable,Female,20+,57
2022,WI,55077,Probable,Male,0-19,9
2022,WI,55077,Probable,Male,20+,21
2022,WI,55077,Probable,Female,0-19,6
2022,WI,55077,Probable,Female,20+,27
2022,WI,55078,Probable,Female,20+,5
2022,WI,55078,Probable,Female,Suppressed,2
2022,WI,55078,Probable,Suppressed,20+,4
2022,WI,55078,Probable,Suppressed,Suppressed,1
2022,WI,55079,Probable,Male,0-19,24
2022,WI,55079,Probable,Male,20+,71
2022,WI,55079,Probable,Female,0-19,10
2022,WI,55079,Probable,Female,20+,65
2022,WI,55081,Probable,Male,20+,11
2022,WI,55081,Probable,Male,Suppressed,4
2022,WI,55081,Probable,Female,20+,12
2022,WI,55081,Probable,Female,Suppressed,1
2022,WI,55083,Probable,Male,0-19,8
2022,WI,55083,Probable,Male,20+,48
2022,WI,55083,Probable,Female,0-19,8
2022,WI,55083,Probable,Female,20+,29
2022,WI,55085,Probable,Male,0-19,10
2022,WI,55085,Probable,Male,20+,63
2022,WI,55085,Probable,Female,0-19,9
2022,WI,55085,Probable,Female,20+,55
2022,WI,55087,Probable,Male,0-19,11
2022,WI,55087,Probable,Male,20+,52
2022,WI,55087,Probable,Female,0-19,13
2022,WI,55087,Probable,Female,20+,43
2022,WI,55089,Probable,Male,0-19,9
2022,WI,55089,Probable,Male,20+,17
2022,WI,55089,Probable,Female,20+,25
2022,WI,55089,Probable,Female,Suppressed,4
2022,WI,55091,Probable,Male,20+,8
2022,WI,55091,Probable,Male,Suppressed,2
2022,WI,55091,Probable,Female,20+,10
2022,WI,55091,Probable,Female,Suppressed,1
2022,WI,55093,Probable,Male,0-19,5
2022,WI,55093,Probable,Male,20+,15
2022,WI,55093,Probable,Female,20+,15
2022,WI,55093,Probable,Female,Suppressed,2
2022,WI,55095,Probable,Male,0-19,5
2022,WI,55095,Probable,Male,20+,39
2022,WI,55095,Probable,Female,20+,32
2022,WI,55095,Probable,Female,Suppressed,3
2022,WI,55097,Probable,Male,0-19,6
2022,WI,55097,Probable,Male,20+,77
2022,WI,55097,Probable,Female,0-19,13
2022,WI,55097,Probable,Female,20+,38
2022,WI,55099,Probable,Male,0-19,8
2022,WI,55099,Probable,Male,20+,29
2022,WI,55099,Probable,Female,20+,12
2022,WI,55099,Probable,Female,Suppressed,2
2022,WI,55101,Probable,Male,0-19,5
2022,WI,55101,Probable,Male,20+,26
2022,WI,55101,Probable,Female,0-19,6
2022,WI,55101,Probable,Female,20+,21
2022,WI,55103,Probable,Male,20+,18
2022,WI,55103,Probable,Male,Suppressed,2
2022,WI,55103,Probable,Female,20+,12
2022,WI,55103,Probable,Female,Suppressed,1
2022,WI,55105,Probable,Male,0-19,7
2022,WI,55105,Probable,Male,20+,30
2022,WI,55105,Probable,Female,0-19,8
2022,WI,55105,Probable,Female,20+,33
2022,WI,55107,Probable,Male,20+,13
2022,WI,55107,Probable,Male,Suppressed,2
2022,WI,55107,Probable,Female,20+,5
2022,WI,55107,Probable,Suppressed,20+,1
2022,WI,55109,Probable,Male,0-19,14
2022,WI,55109,Probable,Male,20+,60
2022,WI,55109,Probable,Female,0-19,11
2022,WI,55109,Probable,Female,20+,42
2022,WI,55111,Probable,Male,0-19,9
2022,WI,55111,Probable,Male,20+,35
2022,WI,55111,Probable,Female,0-19,6
2022,WI,55111,Probable,Female,20+,33
2022,WI,55113,Probable,Male,20+,23
2022,WI,55113,Probable,Male,Suppressed,2
2022,WI,55113,Probable,Female,20+,24
2022,WI,55113,Probable,Female,Suppressed,2
2022,WI,55115,Probable,Male,0-19,5
2022,WI,55115,Probable,Male,20+,47
2022,WI,55115,Probable,Female,20+,27
2022,WI,55115,Probable,Female,Suppressed,1
2022,WI,55117,Probable,Male,0-19,6
2022,WI,55117,Probable,Male,20+,25
2022,WI,55117,Probable,Female,20+,23
2022,WI,55119,Probable,Male,20+,9
2022,WI,55119,Probable,Female,20+,9
2022,WI,55121,Probable,Male,0-19,5
2022,WI,55121,Probable,Male,20+,24
2022,WI,55121,Probable,Female,20+,12
2022,WI,55121,Probable,Female,Suppressed,3
2022,WI,55123,Probable,Male,20+,14
2022,WI,55123,Probable,Male,Suppressed,3
2022,WI,55123,Probable,Female,20+,10
2022,WI,55123,Probable,Female,Suppressed,1
2022,WI,55125,Probable,Male,20+,29
2022,WI,55125,Probable,Male,Suppressed,4
2022,WI,55125,Probable,Female,20+,19
2022,WI,55125,Probable,Female,Suppressed,4
2022,WI,55127,Probable,Male,0-19,8
2022,WI,55127,Probable,Male,20+,30
2022,WI,55127,Probable,Female,20+,30
2022,WI,55127,Probable,Female,Suppressed,4
2022,WI,55129,Probable,Male,20+,39
2022,WI,55129,Probable,Male,Suppressed,3
2022,WI,55129,Probable,Female,20+,34
2022,WI,55129,Probable,Female,Suppressed,3
2022,WI,55131,Probable,Male,0-19,18
2022,WI,55131,Probable,Male,20+,70
2022,WI,55131,Probable,Female,0-19,8
2022,WI,55131,Probable,Female,20+,48
2022,WI,55133,Probable,Male,0-19,25
2022,WI,55133,Probable,Male,20+,120
2022,WI,55133,Probable,Female,0-19,19
2022,WI,55133,Probable,Female,20+,111
2022,WI,55135,Probable,Male,0-19,7
2022,WI,55135,Probable,Male,20+,64
2022,WI,55135,Probable,Female,20+,47
2022,WI,55135,Probable,Female,Suppressed,4
2022,WI,55137,Probable,Male,0-19,6
2022,WI,55137,Probable,Male,20+,39
2022,WI,55137,Probable,Female,0-19,6
2022,WI,55137,Probable,Female,20+,33
2022,WI,55139,Probable,Male,0-19,10
2022,WI,55139,Probable,Male,20+,50
2022,WI,55139,Probable,Female,0-19,8
2022,WI,55139,Probable,Female,20+,28
2022,WI,55141,Probable,Male,0-19,10
2022,WI,55141,Probable,Male,20+,39
2022,WI,55141,Probable,Female,0-19,11
2022,WI,55141,Probable,Female,20+,27
2022,WI,Unknown,Probable,Male,0-19,18
2022,WI,Unknown,Probable,Male,20+,80
2022,WI,Unknown,Probable,Female,0-19,11
2022,WI,Unknown,Probable,Female,20+,40
2022,WI,Suppressed,Probable,Male,20+,1
2022,WI,Suppressed,Probable,Male,Suppressed,4
2022,WI,Suppressed,Probable,Suppressed,20+,3
2022,WI,Suppressed,Probable,Suppressed,Suppressed,3
2022,WV,54001,Probable,Male,0-19,9
2022,WV,54001,Probable,Male,20+,23
2022,WV,54001,Probable,Female,0-19,7
2022,WV,54001,Probable,Female,20+,22
2022,WV,54003,Probable,Male,0-19,8
2022,WV,54003,Probable,Male,20+,41
2022,WV,54003,Probable,Female,0-19,8
2022,WV,54003,Probable,Female,20+,36
2022,WV,54005,Probable,Male,Suppressed,7
2022,WV,54007,Probable,Male,0-19,8
2022,WV,54007,Probable,Male,20+,20
2022,WV,54007,Probable,Female,20+,16
2022,WV,54007,Probable,Female,Suppressed,3
2022,WV,54009,Confirmed,Male,20+,1
2022,WV,54009,Probable,Male,20+,19
2022,WV,54009,Probable,Male,Suppressed,4
2022,WV,54009,Probable,Female,0-19,6
2022,WV,54009,Probable,Female,20+,13
2022,WV,54011,Probable,Male,20+,12
2022,WV,54011,Probable,Male,Suppressed,2
2022,WV,54011,Probable,Female,20+,8
2022,WV,54013,Probable,Male,20+,5
2022,WV,54013,Probable,Male,Suppressed,1
2022,WV,54013,Probable,Female,20+,6
2022,WV,54015,Probable,Male,20+,5
2022,WV,54015,Probable,Male,Suppressed,1
2022,WV,54015,Probable,Suppressed,20+,3
2022,WV,54015,Probable,Suppressed,Suppressed,1
2022,WV,54017,Probable,Male,20+,6
2022,WV,54017,Probable,Male,Suppressed,1
2022,WV,54017,Probable,Female,20+,7
2022,WV,54017,Probable,Female,Suppressed,2
2022,WV,54019,Probable,Male,0-19,6
2022,WV,54019,Probable,Male,20+,19
2022,WV,54019,Probable,Female,20+,12
2022,WV,54019,Probable,Female,Suppressed,4
2022,WV,54021,Probable,Male,Suppressed,7
2022,WV,54021,Probable,Female,20+,5
2022,WV,54021,Probable,Female,Suppressed,1
2022,WV,54021,Probable,Suppressed,Suppressed,1
2022,WV,54023,Probable,Male,20+,14
2022,WV,54023,Probable,Male,Suppressed,2
2022,WV,54023,Probable,Suppressed,20+,4
2022,WV,54023,Probable,Suppressed,Suppressed,1
2022,WV,54025,Probable,Male,0-19,7
2022,WV,54025,Probable,Male,20+,36
2022,WV,54025,Probable,Female,0-19,6
2022,WV,54025,Probable,Female,20+,20
2022,WV,54027,Probable,Male,20+,21
2022,WV,54027,Probable,Male,Suppressed,3
2022,WV,54027,Probable,Female,20+,19
2022,WV,54027,Probable,Female,Suppressed,3
2022,WV,54029,Probable,Male,20+,19
2022,WV,54029,Probable,Male,Suppressed,4
2022,WV,54029,Probable,Female,20+,12
2022,WV,54029,Probable,Female,Suppressed,3
2022,WV,54031,Probable,Male,20+,10
2022,WV,54031,Probable,Male,Suppressed,1
2022,WV,54031,Probable,Suppressed,20+,4
2022,WV,54031,Probable,Suppressed,Suppressed,1
2022,WV,54033,Probable,Male,0-19,22
2022,WV,54033,Probable,Male,20+,53
2022,WV,54033,Probable,Female,0-19,17
2022,WV,54033,Probable,Female,20+,42
2022,WV,54035,Probable,Male,0-19,5
2022,WV,54035,Probable,Male,20+,15
2022,WV,54035,Probable,Female,0-19,5
2022,WV,54035,Probable,Female,20+,8
2022,WV,54037,Probable,Male,20+,18
2022,WV,54037,Probable,Male,Suppressed,2
2022,WV,54037,Probable,Female,20+,18
2022,WV,54037,Probable,Female,Suppressed,4
2022,WV,54039,Probable,Male,0-19,16
2022,WV,54039,Probable,Male,20+,46
2022,WV,54039,Probable,Female,0-19,8
2022,WV,54039,Probable,Female,20+,47
2022,WV,54041,Probable,Male,0-19,7
2022,WV,54041,Probable,Male,20+,11
2022,WV,54041,Probable,Female,20+,9
2022,WV,54041,Probable,Female,Suppressed,2
2022,WV,54043,Probable,Suppressed,20+,7
2022,WV,54047,Probable,Suppressed,20+,7
2022,WV,54049,Confirmed,Male,20+,1
2022,WV,54049,Probable,Male,0-19,21
2022,WV,54049,Probable,Male,20+,48
2022,WV,54049,Probable,Female,0-19,11
2022,WV,54049,Probable,Female,20+,38
2022,WV,54051,Probable,Male,0-19,8
2022,WV,54051,Probable,Male,20+,33
2022,WV,54051,Probable,Female,0-19,10
2022,WV,54051,Probable,Female,20+,42
2022,WV,54053,Probable,Female,Suppressed,7
2022,WV,54053,Probable,Suppressed,20+,5
2022,WV,54055,Probable,Male,0-19,6
2022,WV,54055,Probable,Male,20+,28
2022,WV,54055,Probable,Female,20+,21
2022,WV,54055,Probable,Female,Suppressed,4
2022,WV,54057,Probable,Male,20+,18
2022,WV,54057,Probable,Male,Suppressed,4
2022,WV,54057,Probable,Female,0-19,8
2022,WV,54057,Probable,Female,20+,20
2022,WV,54061,Probable,Male,0-19,20
2022,WV,54061,Probable,Male,20+,54
2022,WV,54061,Probable,Female,0-19,14
2022,WV,54061,Probable,Female,20+,49
2022,WV,54063,Probable,Male,0-19,8
2022,WV,54063,Probable,Male,20+,24
2022,WV,54063,Probable,Female,0-19,5
2022,WV,54063,Probable,Female,20+,21
2022,WV,54065,Probable,Male,20+,10
2022,WV,54065,Probable,Male,Suppressed,2
2022,WV,54065,Probable,Female,20+,7
2022,WV,54065,Probable,Female,Suppressed,2
2022,WV,54067,Probable,Male,0-19,8
2022,WV,54067,Probable,Male,20+,11
2022,WV,54067,Probable,Female,20+,5
2022,WV,54067,Probable,Female,Suppressed,3
2022,WV,54069,Probable,Male,0-19,11
2022,WV,54069,Probable,Male,20+,40
2022,WV,54069,Probable,Female,0-19,12
2022,WV,54069,Probable,Female,20+,43
2022,WV,54073,Probable,Male,20+,5
2022,WV,54073,Probable,Male,Suppressed,1
2022,WV,54073,Probable,Suppressed,Suppressed,3
2022,WV,54075,Probable,Male,20+,8
2022,WV,54075,Probable,Male,Suppressed,2
2022,WV,54075,Probable,Female,20+,13
2022,WV,54075,Probable,Female,Suppressed,2
2022,WV,54077,Confirmed,Female,20+,1
2022,WV,54077,Probable,Male,0-19,13
2022,WV,54077,Probable,Male,20+,59
2022,WV,54077,Probable,Female,0-19,10
2022,WV,54077,Probable,Female,20+,38
2022,WV,54079,Probable,Male,20+,16
2022,WV,54079,Probable,Male,Suppressed,2
2022,WV,54079,Probable,Female,20+,6
2022,WV,54081,Probable,Male,20+,17
2022,WV,54081,Probable,Male,Suppressed,3
2022,WV,54081,Probable,Female,0-19,5
2022,WV,54081,Probable,Female,20+,12
2022,WV,54083,Probable,Male,0-19,11
2022,WV,54083,Probable,Male,20+,31
2022,WV,54083,Probable,Female,20+,26
2022,WV,54083,Probable,Female,Suppressed,4
2022,WV,54085,Probable,Male,20+,6
2022,WV,54085,Probable,Male,Suppressed,4
2022,WV,54085,Probable,Suppressed,20+,4
2022,WV,54085,Probable,Suppressed,Suppressed,2
2022,WV,54087,Probable,Male,20+,14
2022,WV,54087,Probable,Male,Suppressed,3
2022,WV,54087,Probable,Female,20+,11
2022,WV,54087,Probable,Female,Suppressed,1
2022,WV,54089,Probable,Male,0-19,6
2022,WV,54089,Probable,Male,20+,20
2022,WV,54089,Probable,Female,20+,23
2022,WV,54089,Probable,Female,Suppressed,3
2022,WV,54091,Probable,Male,0-19,6
2022,WV,54091,Probable,Male,20+,10
2022,WV,54091,Probable,Male,Suppressed,1
2022,WV,54091,Probable,Female,0-19,7
2022,WV,54091,Probable,Female,20+,9
2022,WV,54093,Probable,Male,20+,10
2022,WV,54093,Probable,Male,Suppressed,4
2022,WV,54093,Probable,Female,20+,9
2022,WV,54095,Probable,Male,20+,7
2022,WV,54095,Probable,Female,0-19,5
2022,WV,54095,Probable,Female,Suppressed,2
2022,WV,54097,Probable,Male,0-19,18
2022,WV,54097,Probable,Male,20+,38
2022,WV,54097,Probable,Female,0-19,8
2022,WV,54097,Probable,Female,20+,26
2022,WV,54099,Probable,Male,20+,5
2022,WV,54099,Probable,Male,Suppressed,1
2022,WV,54099,Probable,Suppressed,20+,3
2022,WV,54099,Probable,Suppressed,Suppressed,2
2022,WV,54101,Probable,Male,20+,11
2022,WV,54101,Probable,Male,Suppressed,4
2022,WV,54101,Probable,Female,20+,11
2022,WV,54101,Probable,Female,Suppressed,4
2022,WV,54103,Probable,Male,0-19,5
2022,WV,54103,Probable,Male,20+,8
2022,WV,54103,Probable,Female,20+,13
2022,WV,54103,Probable,Female,Suppressed,3
2022,WV,54107,Probable,Male,0-19,10
2022,WV,54107,Probable,Male,20+,28
2022,WV,54107,Probable,Female,0-19,6
2022,WV,54107,Probable,Female,20+,19
2022,WV,Unknown,Probable,Unknown,0-19,29
2022,WV,Unknown,Probable,Unknown,20+,126
2022,WV,Suppressed,Confirmed,Unknown,0-19,1
2022,WV,Suppressed,Probable,Female,20+,9
2022,WV,Suppressed,Probable,Suppressed,Suppressed,20
2022,Unknown,26005,Confirmed,Male,Unknown,15
2022,Unknown,26005,Confirmed,Female,Unknown,6
2022,Unknown,26015,Confirmed,Male,Unknown,9
2022,Unknown,26015,Confirmed,Female,Unknown,5
2022,Unknown,26015,Probable,Male,Unknown,1
2022,Unknown,26019,Confirmed,Male,Unknown,6
2022,Unknown,26019,Confirmed,Female,Unknown,6
2022,Unknown,26021,Confirmed,Male,Unknown,12
2022,Unknown,26021,Confirmed,Female,Unknown,7
2022,Unknown,26025,Confirmed,Male,Unknown,17
2022,Unknown,26025,Confirmed,Female,Unknown,14
2022,Unknown,26041,Confirmed,Female,Unknown,4
2022,Unknown,26041,Probable,Female,Unknown,1
2022,Unknown,26043,Confirmed,Male,Unknown,21
2022,Unknown,26043,Confirmed,Female,Unknown,10
2022,Unknown,26043,Probable,Male,Unknown,2
2022,Unknown,26043,Probable,Female,Unknown,1
2022,Unknown,26045,Confirmed,Suppressed,Unknown,8
2022,Unknown,26055,Confirmed,Male,Unknown,6
2022,Unknown,26055,Confirmed,Suppressed,Unknown,3
2022,Unknown,26061,Confirmed,Male,Unknown,7
2022,Unknown,26061,Confirmed,Suppressed,Unknown,2
2022,Unknown,26065,Confirmed,Male,Unknown,11
2022,Unknown,26065,Confirmed,Suppressed,Unknown,2
2022,Unknown,26075,Confirmed,Male,Unknown,7
2022,Unknown,26075,Confirmed,Suppressed,Unknown,3
2022,Unknown,26077,Confirmed,Male,Unknown,72
2022,Unknown,26077,Confirmed,Female,Unknown,44
2022,Unknown,26081,Confirmed,Male,Unknown,24
2022,Unknown,26081,Confirmed,Female,Unknown,10
2022,Unknown,26081,Probable,Male,Unknown,1
2022,Unknown,26081,Probable,Female,Unknown,1
2022,Unknown,26089,Confirmed,Male,Unknown,5
2022,Unknown,26089,Confirmed,Suppressed,Unknown,4
2022,Unknown,26093,Confirmed,Female,Unknown,5
2022,Unknown,26093,Probable,Female,Unknown,1
2022,Unknown,26099,Confirmed,Male,Unknown,4
2022,Unknown,26099,Confirmed,Female,Unknown,1
2022,Unknown,26099,Probable,Male,Unknown,1
2022,Unknown,26099,Probable,Female,Unknown,5
2022,Unknown,26103,Confirmed,Male,Unknown,3
2022,Unknown,26103,Confirmed,Suppressed,Unknown,2
2022,Unknown,26103,Probable,Male,Unknown,2
2022,Unknown,26107,Confirmed,Suppressed,Unknown,6
2022,Unknown,26107,Probable,Suppressed,Unknown,1
2022,Unknown,26109,Confirmed,Male,Unknown,6
2022,Unknown,26109,Confirmed,Female,Unknown,5
2022,Unknown,26121,Confirmed,Male,Unknown,7
2022,Unknown,26123,Confirmed,Suppressed,Unknown,7
2022,Unknown,26125,Confirmed,Male,Unknown,9
2022,Unknown,26125,Confirmed,Female,Unknown,6
2022,Unknown,26125,Probable,Male,Unknown,3
2022,Unknown,26125,Probable,Female,Unknown,2
2022,Unknown,26139,Confirmed,Female,Unknown,5
2022,Unknown,26139,Confirmed,Suppressed,Unknown,4
2022,Unknown,26159,Confirmed,Male,Unknown,7
2022,Unknown,26159,Confirmed,Female,Unknown,10
2022,Unknown,26161,Confirmed,Male,Unknown,17
2022,Unknown,26161,Confirmed,Female,Unknown,17
2022,Unknown,26161,Probable,Female,Unknown,1
2022,Unknown,Suppressed,Confirmed,Female,Unknown,26
2022,Unknown,Suppressed,Confirmed,Suppressed,Unknown,47
2022,Unknown,Suppressed,Probable,Female,Unknown,5
2022,Unknown,Suppressed,Probable,Suppressed,Unknown,5
2022,Suppressed,Suppressed,Confirmed,Male,Suppressed,4
2022,Suppressed,Suppressed,Confirmed,Suppressed,Suppressed,11
2022,Suppressed,Suppressed,Probable,Suppressed,0-19,1
2022,Suppressed,Suppressed,Probable,Suppressed,Suppressed,15
2023,AL,01003,Confirmed,Suppressed,Suppressed,2
2023,AL,01003,Probable,Suppressed,Suppressed,3
2023,AL,Suppressed,Confirmed,Male,20+,9
2023,AL,Suppressed,Confirmed,Suppressed,Suppressed,12
2023,AL,Suppressed,Probable,Male,20+,3
2023,AL,Suppressed,Probable,Suppressed,Suppressed,5
2023,AZ,04019,Confirmed,Suppressed,20+,5
2023,AZ,Suppressed,Confirmed,Female,20+,6
2023,CA,06001,Confirmed,Male,Suppressed,4
2023,CA,06001,Probable,Male,Suppressed,1
2023,CA,06037,Confirmed,Male,20+,5
2023,CA,06037,Confirmed,Male,Suppressed,2
2023,CA,06037,Confirmed,Female,20+,7
2023,CA,06037,Probable,Female,20+,1
2023,CA,06073,Confirmed,Male,20+,6
2023,CA,06073,Confirmed,Male,Suppressed,1
2023,CA,06073,Confirmed,Suppressed,20+,3
2023,CA,06073,Probable,Male,20+,1
2023,CA,06085,Confirmed,Female,20+,5
2023,CA,06085,Confirmed,Female,Suppressed,2
2023,CA,06085,Confirmed,Suppressed,Suppressed,2
2023,CA,06085,Probable,Female,20+,1
2023,CA,06085,Probable,Suppressed,Suppressed,2
2023,CA,06087,Confirmed,Male,20+,5
2023,CA,06087,Confirmed,Female,20+,5
2023,CA,06087,Confirmed,Female,Suppressed,1
2023,CA,06087,Probable,Male,Suppressed,1
2023,CA,06097,Confirmed,Male,20+,3
2023,CA,06097,Confirmed,Male,Suppressed,1
2023,CA,06097,Confirmed,Suppressed,20+,1
2023,CA,06097,Confirmed,Suppressed,Suppressed,2
2023,CA,06097,Probable,Male,20+,2
2023,CA,06097,Probable,Suppressed,20+,2
2023,CA,Suppressed,Confirmed,Male,Suppressed,1
2023,CA,Suppressed,Confirmed,Female,20+,9
2023,CA,Suppressed,Confirmed,Suppressed,20+,5
2023,CA,Suppressed,Confirmed,Suppressed,Suppressed,13
2023,CA,Suppressed,Probable,Female,20+,4
2023,CA,Suppressed,Probable,Suppressed,20+,5
2023,CA,Suppressed,Probable,Suppressed,Suppressed,6
2023,CO,Suppressed,Confirmed,Male,20+,4
2023,CO,Suppressed,Confirmed,Suppressed,Suppressed,20
2023,CO,Suppressed,Probable,Male,20+,1
2023,CO,Suppressed,Probable,Suppressed,Suppressed,4
2023,CT,09110,Probable,Male,0-19,44
2023,CT,09110,Probable,Male,20+,248
2023,CT,09110,Probable,Female,0-19,25
2023,CT,09110,Probable,Female,20+,190
2023,CT,09120,Probable,Male,0-19,18
2023,CT,09120,Probable,Male,20+,93
2023,CT,09120,Probable,Female,0-19,9
2023,CT,09120,Probable,Female,20+,64
2023,CT,09130,Probable,Male,0-19,20
2023,CT,09130,Probable,Male,20+,145
2023,CT,09130,Probable,Female,0-19,19
2023,CT,09130,Probable,Female,20+,121
2023,CT,09140,Probable,Male,0-19,43
2023,CT,09140,Probable,Male,20+,165
2023,CT,09140,Probable,Female,0-19,18
2023,CT,09140,Probable,Female,20+,111
2023,CT,09150,Probable,Male,0-19,18
2023,CT,09150,Probable,Male,20+,104
2023,CT,09150,Probable,Female,0-19,8
2023,CT,09150,Probable,Female,20+,85
2023,CT,09160,Probable,Male,0-19,15
2023,CT,09160,Probable,Male,20+,110
2023,CT,09160,Probable,Female,0-19,16
2023,CT,09160,Probable,Female,20+,87
2023,CT,09170,Probable,Male,0-19,22
2023,CT,09170,Probable,Male,20+,187
2023,CT,09170,Probable,Female,0-19,24
2023,CT,09170,Probable,Female,20+,129
2023,CT,09180,Probable,Male,0-19,28
2023,CT,09180,Probable,Male,20+,278
2023,CT,09180,Probable,Female,0-19,22
2023,CT,09180,Probable,Female,20+,229
2023,CT,09180,Probable,Suppressed,20+,1
2023,CT,09190,Probable,Male,0-19,52
2023,CT,09190,Probable,Male,20+,258
2023,CT,09190,Probable,Female,0-19,38
2023,CT,09190,Probable,Female,20+,186
2023,CT,Unknown,Probable,Female,20+,5
2023,CT,Unknown,Probable,Suppressed,20+,4
2023,DC,11001,Probable,Male,0-19,9
2023,DC,11001,Probable,Male,20+,53
2023,DC,11001,Probable,Female,20+,41
2023,DC,11001,Probable,Female,Suppressed,3
2023,DC,11001,Probable,Suppressed,20+,2
2023,DE,10001,Probable,Unknown,0-19,7
2023,DE,10001,Probable,Unknown,20+,37
2023,DE,10003,Probable,Unknown,0-19,37
2023,DE,10003,Probable,Unknown,20+,166
2023,DE,10005,Probable,Unknown,20+,77
2023,DE,10005,Probable,Unknown,Suppressed,1
2023,DE,Unknown,Probable,Unknown,20+,22
2023,DE,Unknown,Probable,Unknown,Suppressed,2
2023,FL,12009,Confirmed,Male,20+,3
2023,FL,12009,Confirmed,Male,Suppressed,1
2023,FL,12009,Confirmed,Female,Suppressed,1
2023,FL,12009,Probable,Male,20+,2
2023,FL,12009,Probable,Female,Suppressed,5
2023,FL,12011,Confirmed,Male,20+,1
2023,FL,12011,Confirmed,Male,Suppressed,3
2023,FL,12011,Confirmed,Female,Suppressed,3
2023,FL,12011,Probable,Male,20+,4
2023,FL,12011,Probable,Female,Suppressed,4
2023,FL,12015,Confirmed,Male,20+,3
2023,FL,12015,Confirmed,Male,Suppressed,1
2023,FL,12015,Confirmed,Suppressed,Suppressed,1
2023,FL,12015,Probable,Male,20+,3
2023,FL,12015,Probable,Suppressed,Suppressed,3
2023,FL,12021,Confirmed,Male,20+,1
2023,FL,12021,Confirmed,Suppressed,Suppressed,2
2023,FL,12021,Probable,Male,20+,9
2023,FL,12021,Probable,Male,Suppressed,2
2023,FL,12057,Confirmed,Male,20+,3
2023,FL,12057,Confirmed,Female,Suppressed,3
2023,FL,12057,Probable,Male,20+,6
2023,FL,12057,Probable,Female,Suppressed,2
2023,FL,12069,Confirmed,Male,20+,1
2023,FL,12069,Probable,Male,20+,4
2023,FL,12069,Probable,Suppressed,Suppressed,4
2023,FL,12071,Confirmed,Male,20+,2
2023,FL,12071,Confirmed,Female,20+,4
2023,FL,12071,Probable,Male,20+,4
2023,FL,12071,Probable,Female,20+,4
2023,FL,12071,Probable,Female,Suppressed,1
2023,FL,12081,Confirmed,Male,20+,1
2023,FL,12081,Confirmed,Female,Suppressed,2
2023,FL,12081,Probable,Male,20+,8
2023,FL,12081,Probable,Female,Suppressed,3
2023,FL,12083,Confirmed,Male,20+,1
2023,FL,12083,Probable,Male,20+,4
2023,FL,12083,Probable,Female,20+,5
2023,FL,12085,Confirmed,Suppressed,Suppressed,1
2023,FL,12085,Probable,Suppressed,Suppressed,4
2023,FL,12086,Confirmed,Male,20+,1
2023,FL,12086,Confirmed,Male,Suppressed,1
2023,FL,12086,Confirmed,Suppressed,Suppressed,2
2023,FL,12086,Probable,Male,20+,5
2023,FL,12086,Probable,Male,Suppressed,3
2023,FL,12086,Probable,Suppressed,Suppressed,1
2023,FL,12095,Confirmed,Suppressed,Suppressed,2
2023,FL,12095,Probable,Male,20+,5
2023,FL,12095,Probable,Male,Suppressed,1
2023,FL,12099,Confirmed,Male,0-19,4
2023,FL,12099,Confirmed,Male,20+,1
2023,FL,12099,Confirmed,Female,20+,1
2023,FL,12099,Probable,Male,0-19,1
2023,FL,12099,Probable,Male,20+,15
2023,FL,12099,Probable,Female,20+,12
2023,FL,12101,Confirmed,Female,Suppressed,5
2023,FL,12103,Confirmed,Male,20+,1
2023,FL,12103,Confirmed,Male,Suppressed,2
2023,FL,12103,Confirmed,Female,20+,1
2023,FL,12103,Confirmed,Female,Suppressed,2
2023,FL,12103,Probable,Male,20+,8
2023,FL,12103,Probable,Male,Suppressed,2
2023,FL,12103,Probable,Female,20+,5
2023,FL,12115,Confirmed,Male,20+,2
2023,FL,12115,Confirmed,Female,20+,1
2023,FL,12115,Probable,Male,20+,4
2023,FL,12115,Probable,Female,20+,4
2023,FL,12115,Probable,Female,Suppressed,1
2023,FL,Suppressed,Confirmed,Male,20+,4
2023,FL,Suppressed,Confirmed,Female,Suppressed,1
2023,FL,Suppressed,Confirmed,Suppressed,20+,5
2023,FL,Suppressed,Confirmed,Suppressed,Suppressed,13
2023,FL,Suppressed,Probable,Male,20+,6
2023,FL,Suppressed,Probable,Suppressed,20+,12
2023,FL,Suppressed,Probable,Suppressed,Suppressed,18
2023,GA,Suppressed,Confirmed,Female,20+,3
2023,GA,Suppressed,Confirmed,Suppressed,Suppressed,5
2023,GA,Suppressed,Probable,Female,20+,5
2023,GA,Suppressed,Probable,Suppressed,Suppressed,4
2023,IA,19049,Confirmed,Male,20+,4
2023,IA,19049,Confirmed,Suppressed,20+,3
2023,IA,19049,Confirmed,Suppressed,Suppressed,1
2023,IA,19049,Probable,Male,20+,1
2023,IA,19061,Confirmed,Male,0-19,6
2023,IA,19061,Confirmed,Male,20+,9
2023,IA,19061,Confirmed,Female,20+,8
2023,IA,19061,Confirmed,Female,Suppressed,2
2023,IA,19061,Probable,Male,20+,1
2023,IA,19061,Probable,Female,Suppressed,1
2023,IA,19095,Confirmed,Suppressed,Suppressed,8
2023,IA,19103,Confirmed,Male,20+,16
2023,IA,19103,Confirmed,Male,Suppressed,2
2023,IA,19103,Confirmed,Female,20+,10
2023,IA,19103,Confirmed,Female,Suppressed,2
2023,IA,19103,Probable,Male,20+,1
2023,IA,19103,Probable,Female,Suppressed,1
2023,IA,19113,Confirmed,Male,20+,15
2023,IA,19113,Confirmed,Male,Suppressed,3
2023,IA,19113,Confirmed,Female,0-19,5
2023,IA,19113,Confirmed,Female,20+,6
2023,IA,19113,Probable,Male,20+,1
2023,IA,19113,Probable,Female,0-19,1
2023,IA,19153,Confirmed,Male,0-19,5
2023,IA,19153,Confirmed,Male,20+,4
2023,IA,19153,Confirmed,Suppressed,20+,1
2023,IA,19153,Confirmed,Suppressed,Suppressed,1
2023,IA,19153,Probable,Male,20+,1
2023,IA,19163,Confirmed,Female,20+,5
2023,IA,19163,Confirmed,Female,Suppressed,2
2023,IA,19163,Confirmed,Suppressed,Suppressed,2
2023,IA,19163,Probable,Female,20+,1
2023,IA,19163,Probable,Suppressed,Suppressed,1
2023,IA,19169,Confirmed,Suppressed,Suppressed,5
2023,IA,Suppressed,Confirmed,Male,0-19,6
2023,IA,Suppressed,Confirmed,Female,20+,14
2023,IA,Suppressed,Confirmed,Suppressed,Suppressed,52
2023,IA,Suppressed,Probable,Female,20+,1
2023,IA,Suppressed,Probable,Suppressed,Suppressed,4
2023,ID,Suppressed,Confirmed,Suppressed,20+,3
2023,ID,Suppressed,Confirmed,Suppressed,Suppressed,4
2023,ID,Suppressed,Probable,Suppressed,20+,3
2023,ID,Suppressed,Probable,Suppressed,Suppressed,1
2023,IL,17031,Confirmed,Male,0-19,23
2023,IL,17031,Confirmed,Male,20+,34
2023,IL,17031,Confirmed,Female,0-19,11
2023,IL,17031,Confirmed,Female,20+,29
2023,IL,17031,Probable,Male,0-19,1
2023,IL,17031,Probable,Male,20+,3
2023,IL,17031,Probable,Female,20+,6
2023,IL,17043,Confirmed,Male,0-19,5
2023,IL,17043,Confirmed,Male,20+,15
2023,IL,17043,Confirmed,Female,20+,15
2023,IL,17043,Probable,Male,0-19,1
2023,IL,17043,Probable,Female,20+,3
2023,IL,17057,Confirmed,Suppressed,Suppressed,6
2023,IL,17085,Confirmed,Suppressed,Suppressed,8
2023,IL,17085,Probable,Suppressed,Suppressed,1
2023,IL,17089,Confirmed,Male,0-19,6
2023,IL,17089,Confirmed,Male,20+,9
2023,IL,17089,Confirmed,Female,20+,5
2023,IL,17089,Confirmed,Female,Suppressed,1
2023,IL,17089,Probable,Male,0-19,1
2023,IL,17089,Probable,Male,20+,2
2023,IL,17089,Probable,Female,Suppressed,1
2023,IL,17093,Confirmed,Suppressed,Suppressed,5
2023,IL,17093,Probable,Suppressed,Suppressed,2
2023,IL,17097,Confirmed,Male,0-19,6
2023,IL,17097,Confirmed,Male,20+,16
2023,IL,17097,Confirmed,Female,0-19,7
2023,IL,17097,Confirmed,Female,20+,15
2023,IL,17097,Probable,Male,0-19,1
2023,IL,17097,Probable,Male,20+,5
2023,IL,17097,Probable,Female,20+,1
2023,IL,17099,Confirmed,Male,20+,3
2023,IL,17099,Confirmed,Male,Suppressed,1
2023,IL,17099,Confirmed,Suppressed,Suppressed,2
2023,IL,17099,Probable,Male,20+,2
2023,IL,17111,Confirmed,Male,0-19,7
2023,IL,17111,Confirmed,Male,20+,7
2023,IL,17111,Confirmed,Female,20+,6
2023,IL,17111,Probable,Male,20+,1
2023,IL,17111,Probable,Female,20+,2
2023,IL,17143,Confirmed,Male,20+,5
2023,IL,17143,Confirmed,Male,Suppressed,3
2023,IL,17143,Confirmed,Female,20+,2
2023,IL,17143,Confirmed,Female,Suppressed,1
2023,IL,17143,Probable,Female,20+,3
2023,IL,17179,Confirmed,Suppressed,Suppressed,7
2023,IL,17197,Confirmed,Male,20+,6
2023,IL,17197,Confirmed,Male,Suppressed,3
2023,IL,17197,Confirmed,Suppressed,20+,3
2023,IL,17197,Probable,Male,20+,2
2023,IL,17197,Probable,Suppressed,Suppressed,2
2023,IL,17201,Confirmed,Male,20+,6
2023,IL,17201,Confirmed,Female,20+,3
2023,IL,17201,Probable,Male,20+,2
2023,IL,17201,Probable,Female,20+,3
2023,IL,Suppressed,Confirmed,Male,0-19,9
2023,IL,Suppressed,Confirmed,Female,20+,12
2023,IL,Suppressed,Confirmed,Suppressed,Suppressed,22
2023,IL,Suppressed,Probable,Male,0-19,1
2023,IL,Suppressed,Probable,Female,20+,1
2023,IL,Suppressed,Probable,Suppressed,Suppressed,1
2023,IN,18039,Confirmed,Suppressed,Suppressed,5
2023,IN,18039,Probable,Suppressed,Suppressed,1
2023,IN,18073,Confirmed,Suppressed,Suppressed,4
2023,IN,18073,Probable,Suppressed,Suppressed,1
2023,IN,18085,Confirmed,Male,Suppressed,6
2023,IN,18085,Probable,Male,Suppressed,1
2023,IN,18089,Confirmed,Male,20+,6
2023,IN,18089,Confirmed,Male,Suppressed,2
2023,IN,18089,Confirmed,Female,20+,7
2023,IN,18089,Confirmed,Female,Suppressed,1
2023,IN,18091,Confirmed,Female,Suppressed,5
2023,IN,18097,Confirmed,Male,20+,4
2023,IN,18097,Confirmed,Suppressed,20+,4
2023,IN,18097,Probable,Male,20+,2
2023,IN,18097,Probable,Male,Suppressed,2
2023,IN,18099,Confirmed,Suppressed,Suppressed,5
2023,IN,18099,Probable,Suppressed,Suppressed,1
2023,IN,18127,Confirmed,Male,Suppressed,7
2023,IN,18127,Confirmed,Female,20+,4
2023,IN,18127,Probable,Female,20+,1
2023,IN,18127,Probable,Female,Suppressed,1
2023,IN,18141,Confirmed,Male,20+,6
2023,IN,18141,Confirmed,Male,Suppressed,3
2023,IN,18141,Confirmed,Female,20+,4
2023,IN,18141,Confirmed,Female,Suppressed,1
2023,IN,18141,Probable,Male,20+,2
2023,IN,18141,Probable,Male,Suppressed,1
2023,IN,18141,Probable,Female,20+,1
2023,IN,18141,Probable,Female,Suppressed,1
2023,IN,18157,Confirmed,Suppressed,Suppressed,2
2023,IN,18157,Probable,Suppressed,Suppressed,3
2023,IN,Unknown,Confirmed,Male,0-19,10
2023,IN,Unknown,Confirmed,Male,20+,17
2023,IN,Unknown,Confirmed,Female,0-19,12
2023,IN,Unknown,Confirmed,Female,20+,15
2023,IN,Unknown,Confirmed,Suppressed,0-19,1
2023,IN,Unknown,Probable,Male,0-19,13
2023,IN,Unknown,Probable,Male,20+,8
2023,IN,Unknown,Probable,Female,0-19,5
2023,IN,Unknown,Probable,Female,20+,9
2023,IN,Suppressed,Confirmed,Male,0-19,4
2023,IN,Suppressed,Confirmed,Female,20+,11
2023,IN,Suppressed,Confirmed,Suppressed,Suppressed,41
2023,IN,Suppressed,Probable,Male,0-19,6
2023,IN,Suppressed,Probable,Female,20+,3
2023,IN,Suppressed,Probable,Suppressed,Suppressed,8
2023,KS,Suppressed,Confirmed,Suppressed,Suppressed,6
2023,KS,Suppressed,Probable,Suppressed,Suppressed,2
2023,KY,21015,Confirmed,Suppressed,Suppressed,6
2023,KY,21015,Probable,Suppressed,Suppressed,1
2023,KY,21125,Confirmed,Suppressed,Suppressed,5
2023,KY,Unknown,Confirmed,Male,0-19,4
2023,KY,Unknown,Confirmed,Male,Suppressed,2
2023,KY,Unknown,Confirmed,Female,20+,7
2023,KY,Unknown,Confirmed,Female,Suppressed,2
2023,KY,Unknown,Probable,Male,0-19,1
2023,KY,Unknown,Probable,Male,Suppressed,1
2023,KY,Suppressed,Confirmed,Male,0-19,9
2023,KY,Suppressed,Confirmed,Female,20+,16
2023,KY,Suppressed,Confirmed,Suppressed,Suppressed,43
2023,KY,Suppressed,Probable,Male,0-19,1
2023,KY,Suppressed,Probable,Female,20+,6
2023,KY,Suppressed,Probable,Suppressed,Suppressed,16
2023,LA,Suppressed,Confirmed,Male,20+,6
2023,LA,Suppressed,Confirmed,Suppressed,20+,7
2023,LA,Suppressed,Probable,Male,20+,1
2023,MA,25001,Probable,Male,0-19,35
2023,MA,25001,Probable,Male,20+,418
2023,MA,25001,Probable,Female,0-19,28
2023,MA,25001,Probable,Female,20+,293
2023,MA,25003,Probable,Male,0-19,23
2023,MA,25003,Probable,Male,20+,324
2023,MA,25003,Probable,Female,0-19,27
2023,MA,25003,Probable,Female,20+,209
2023,MA,25003,Probable,Suppressed,20+,3
2023,MA,25003,Probable,Suppressed,Suppressed,2
2023,MA,25005,Probable,Male,0-19,111
2023,MA,25005,Probable,Male,20+,880
2023,MA,25005,Probable,Female,0-19,80
2023,MA,25005,Probable,Female,20+,615
2023,MA,25005,Probable,Suppressed,20+,1
2023,MA,25005,Probable,Suppressed,Suppressed,1
2023,MA,25007,Probable,Male,0-19,27
2023,MA,25007,Probable,Male,20+,176
2023,MA,25007,Probable,Female,0-19,11
2023,MA,25007,Probable,Female,20+,123
2023,MA,25009,Probable,Male,0-19,67
2023,MA,25009,Probable,Male,20+,310
2023,MA,25009,Probable,Female,0-19,37
2023,MA,25009,Probable,Female,20+,226
2023,MA,25011,Probable,Male,0-19,14
2023,MA,25011,Probable,Male,20+,66
2023,MA,25011,Probable,Female,0-19,7
2023,MA,25011,Probable,Female,20+,56
2023,MA,25013,Probable,Male,0-19,12
2023,MA,25013,Probable,Male,20+,119
2023,MA,25013,Probable,Female,0-19,5
2023,MA,25013,Probable,Female,20+,82
2023,MA,25015,Probable,Male,0-19,14
2023,MA,25015,Probable,Male,20+,124
2023,MA,25015,Probable,Female,0-19,11
2023,MA,25015,Probable,Female,20+,110
2023,MA,25015,Probable,Suppressed,20+,1
2023,MA,25017,Probable,Male,0-19,151
2023,MA,25017,Probable,Male,20+,669
2023,MA,25017,Probable,Female,0-19,100
2023,MA,25017,Probable,Female,20+,428
2023,MA,25019,Probable,Male,0-19,23
2023,MA,25019,Probable,Male,20+,92
2023,MA,25019,Probable,Female,0-19,7
2023,MA,25019,Probable,Female,20+,63
2023,MA,25021,Probable,Male,0-19,87
2023,MA,25021,Probable,Male,20+,363
2023,MA,25021,Probable,Female,0-19,50
2023,MA,25021,Probable,Female,20+,243
2023,MA,25023,Probable,Male,0-19,121
2023,MA,25023,Probable,Male,20+,732
2023,MA,25023,Probable,Male,Suppressed,1
2023,MA,25023,Probable,Female,0-19,58
2023,MA,25023,Probable,Female,20+,473
2023,MA,25025,Probable,Male,0-19,13
2023,MA,25025,Probable,Male,20+,129
2023,MA,25025,Probable,Female,0-19,8
2023,MA,25025,Probable,Female,20+,79
2023,MA,25027,Probable,Male,0-19,107
2023,MA,25027,Probable,Male,20+,599
2023,MA,25027,Probable,Female,0-19,63
2023,MA,25027,Probable,Female,20+,375
2023,MA,Unknown,Probable,Male,20+,12
2023,MA,Unknown,Probable,Male,Suppressed,3
2023,MA,Unknown,Probable,Female,20+,8
2023,MA,Unknown,Probable,Female,Unknown,6
2023,MA,Unknown,Probable,Female,Suppressed,3
2023,MA,Unknown,Probable,Suppressed,Suppressed,1
2023,MD,24001,Probable,Male,0-19,18
2023,MD,24001,Probable,Male,20+,63
2023,MD,24001,Probable,Female,0-19,11
2023,MD,24001,Probable,Female,20+,61
2023,MD,24003,Probable,Male,0-19,9
2023,MD,24003,Probable,Male,20+,78
2023,MD,24003,Probable,Female,0-19,6
2023,MD,24003,Probable,Female,20+,69
2023,MD,24005,Probable,Male,0-19,43
2023,MD,24005,Probable,Male,20+,186
2023,MD,24005,Probable,Female,0-19,21
2023,MD,24005,Probable,Female,20+,164
2023,MD,24009,Probable,Male,20+,21
2023,MD,24009,Probable,Male,Suppressed,3
2023,MD,24009,Probable,Female,20+,26
2023,MD,24009,Probable,Female,Suppressed,2
2023,MD,24011,Probable,Male,20+,7
2023,MD,24011,Probable,Male,Suppressed,2
2023,MD,24011,Probable,Female,20+,6
2023,MD,24011,Probable,Female,Suppressed,1
2023,MD,24013,Probable,Male,0-19,22
2023,MD,24013,Probable,Male,20+,115
2023,MD,24013,Probable,Female,0-19,16
2023,MD,24013,Probable,Female,20+,75
2023,MD,24015,Probable,Male,0-19,9
2023,MD,24015,Probable,Male,20+,58
2023,MD,24015,Probable,Female,20+,35
2023,MD,24015,Probable,Female,Suppressed,2
2023,MD,24017,Probable,Male,20+,15
2023,MD,24017,Probable,Male,Suppressed,1
2023,MD,24017,Probable,Female,20+,25
2023,MD,24017,Probable,Female,Suppressed,1
2023,MD,24019,Probable,Female,20+,6
2023,MD,24019,Probable,Suppressed,20+,3
2023,MD,24021,Probable,Male,0-19,21
2023,MD,24021,Probable,Male,20+,105
2023,MD,24021,Probable,Female,0-19,13
2023,MD,24021,Probable,Female,20+,81
2023,MD,24023,Probable,Male,0-19,7
2023,MD,24023,Probable,Male,20+,43
2023,MD,24023,Probable,Female,0-19,5
2023,MD,24023,Probable,Female,20+,32
2023,MD,24025,Probable,Male,0-19,11
2023,MD,24025,Probable,Male,20+,73
2023,MD,24025,Probable,Female,0-19,10
2023,MD,24025,Probable,Female,20+,53
2023,MD,24027,Probable,Male,0-19,30
2023,MD,24027,Probable,Male,20+,91
2023,MD,24027,Probable,Female,0-19,13
2023,MD,24027,Probable,Female,20+,77
2023,MD,24029,Probable,Male,20+,15
2023,MD,24029,Probable,Female,20+,12
2023,MD,24031,Probable,Male,0-19,12
2023,MD,24031,Probable,Male,20+,52
2023,MD,24031,Probable,Female,0-19,9
2023,MD,24031,Probable,Female,20+,52
2023,MD,24033,Probable,Male,20+,25
2023,MD,24033,Probable,Male,Suppressed,4
2023,MD,24033,Probable,Female,20+,28
2023,MD,24033,Probable,Female,Suppressed,4
2023,MD,24035,Probable,Male,0-19,8
2023,MD,24035,Probable,Male,20+,19
2023,MD,24035,Probable,Female,20+,13
2023,MD,24037,Probable,Male,20+,22
2023,MD,24037,Probable,Male,Suppressed,3
2023,MD,24037,Probable,Female,0-19,5
2023,MD,24037,Probable,Female,20+,35
2023,MD,24039,Probable,Female,20+,5
2023,MD,24039,Probable,Suppressed,20+,4
2023,MD,24039,Probable,Suppressed,Suppressed,1
2023,MD,24041,Probable,Male,20+,7
2023,MD,24041,Probable,Suppressed,20+,4
2023,MD,24043,Probable,Male,0-19,13
2023,MD,24043,Probable,Male,20+,49
2023,MD,24043,Probable,Female,0-19,7
2023,MD,24043,Probable,Female,20+,38
2023,MD,24045,Probable,Male,20+,13
2023,MD,24045,Probable,Male,Suppressed,1
2023,MD,24045,Probable,Female,20+,13
2023,MD,24045,Probable,Female,Suppressed,2
2023,MD,24047,Probable,Male,20+,14
2023,MD,24047,Probable,Male,Suppressed,2
2023,MD,24047,Probable,Female,20+,12
2023,MD,24047,Probable,Female,Suppressed,2
2023,MD,24510,Probable,Male,20+,20
2023,MD,24510,Probable,Male,Suppressed,4
2023,MD,24510,Probable,Female,20+,27
2023,MD,24510,Probable,Female,Suppressed,3
2023,MD,Unknown,Probable,Male,0-19,8
2023,MD,Unknown,Probable,Male,20+,27
2023,MD,Unknown,Probable,Female,0-19,5
2023,MD,Unknown,Probable,Female,20+,26
2023,ME,23001,Probable,Male,0-19,18
2023,ME,23001,Probable,Male,20+,73
2023,ME,23001,Probable,Female,0-19,6
2023,ME,23001,Probable,Female,20+,43
2023,ME,23003,Probable,Male,20+,7
2023,ME,23003,Probable,Female,20+,6
2023,ME,23005,Probable,Male,0-19,35
2023,ME,23005,Probable,Male,20+,187
2023,ME,23005,Probable,Female,0-19,27
2023,ME,23005,Probable,Female,20+,138
2023,ME,23007,Probable,Male,20+,34
2023,ME,23007,Probable,Male,Suppressed,3
2023,ME,23007,Probable,Female,0-19,6
2023,ME,23007,Probable,Female,20+,27
2023,ME,23009,Probable,Male,0-19,25
2023,ME,23009,Probable,Male,20+,161
2023,ME,23009,Probable,Female,0-19,18
2023,ME,23009,Probable,Female,20+,117
2023,ME,23011,Probable,Male,0-19,25
2023,ME,23011,Probable,Male,20+,127
2023,ME,23011,Probable,Female,0-19,14
2023,ME,23011,Probable,Female,20+,98
2023,ME,23013,Probable,Male,0-19,21
2023,ME,23013,Probable,Male,20+,139
2023,ME,23013,Probable,Female,0-19,18
2023,ME,23013,Probable,Female,20+,102
2023,ME,23015,Probable,Male,0-19,12
2023,ME,23015,Probable,Male,20+,97
2023,ME,23015,Probable,Female,0-19,8
2023,ME,23015,Probable,Female,20+,66
2023,ME,23017,Probable,Male,0-19,17
2023,ME,23017,Probable,Male,20+,44
2023,ME,23017,Probable,Female,0-19,6
2023,ME,23017,Probable,Female,20+,35
2023,ME,23019,Probable,Male,0-19,18
2023,ME,23019,Probable,Male,20+,123
2023,ME,23019,Probable,Female,0-19,16
2023,ME,23019,Probable,Female,20+,82
2023,ME,23021,Probable,Male,20+,12
2023,ME,23021,Probable,Male,Suppressed,4
2023,ME,23021,Probable,Female,20+,7
2023,ME,23021,Probable,Female,Suppressed,2
2023,ME,23023,Probable,Male,0-19,13
2023,ME,23023,Probable,Male,20+,59
2023,ME,23023,Probable,Female,0-19,8
2023,ME,23023,Probable,Female,20+,44
2023,ME,23025,Probable,Male,0-19,5
2023,ME,23025,Probable,Male,20+,73
2023,ME,23025,Probable,Female,0-19,8
2023,ME,23025,Probable,Female,20+,48
2023,ME,23027,Probable,Male,0-19,33
2023,ME,23027,Probable,Male,20+,113
2023,ME,23027,Probable,Female,0-19,19
2023,ME,23027,Probable,Female,20+,91
2023,ME,23029,Probable,Male,0-19,15
2023,ME,23029,Probable,Male,20+,29
2023,ME,23029,Probable,Female,20+,26
2023,ME,23029,Probable,Female,Suppressed,3
2023,ME,23031,Probable,Male,0-19,35
2023,ME,23031,Probable,Male,20+,147
2023,ME,23031,Probable,Female,0-19,28
2023,ME,23031,Probable,Female,20+,121
2023,MI,26001,Confirmed,Male,20+,7
2023,MI,26001,Confirmed,Suppressed,20+,2
2023,MI,26005,Confirmed,Male,0-19,13
2023,MI,26005,Confirmed,Male,20+,20
2023,MI,26005,Confirmed,Female,20+,8
2023,MI,26005,Confirmed,Female,Suppressed,3
2023,MI,26013,Confirmed,Male,Suppressed,5
2023,MI,26015,Confirmed,Male,0-19,7
2023,MI,26015,Confirmed,Male,20+,10
2023,MI,26015,Confirmed,Female,0-19,5
2023,MI,26015,Confirmed,Female,20+,8
2023,MI,26017,Confirmed,Suppressed,Suppressed,5
2023,MI,26017,Probable,Suppressed,Suppressed,1
2023,MI,26019,Confirmed,Male,20+,7
2023,MI,26019,Confirmed,Male,Suppressed,2
2023,MI,26019,Confirmed,Female,20+,7
2023,MI,26019,Probable,Female,20+,1
2023,MI,26021,Confirmed,Male,0-19,8
2023,MI,26021,Confirmed,Male,20+,15
2023,MI,26021,Confirmed,Female,0-19,5
2023,MI,26021,Confirmed,Female,20+,17
2023,MI,26021,Probable,Male,20+,1
2023,MI,26025,Confirmed,Male,0-19,11
2023,MI,26025,Confirmed,Male,20+,20
2023,MI,26025,Confirmed,Female,20+,12
2023,MI,26025,Confirmed,Female,Suppressed,3
2023,MI,26027,Confirmed,Male,20+,5
2023,MI,26027,Confirmed,Male,Suppressed,2
2023,MI,26027,Confirmed,Female,20+,5
2023,MI,26027,Confirmed,Female,Suppressed,3
2023,MI,26027,Probable,Male,20+,1
2023,MI,26027,Probable,Female,20+,1
2023,MI,26029,Confirmed,Male,Suppressed,4
2023,MI,26029,Probable,Male,Suppressed,1
2023,MI,26041,Confirmed,Suppressed,Suppressed,5
2023,MI,26043,Confirmed,Male,0-19,9
2023,MI,26043,Confirmed,Male,20+,22
2023,MI,26043,Confirmed,Female,20+,20
2023,MI,26043,Confirmed,Female,Suppressed,3
2023,MI,26043,Probable,Male,0-19,1
2023,MI,26043,Probable,Male,20+,4
2023,MI,26043,Probable,Female,Suppressed,1
2023,MI,26045,Confirmed,Male,20+,8
2023,MI,26045,Confirmed,Suppressed,20+,3
2023,MI,26045,Confirmed,Suppressed,Suppressed,1
2023,MI,26047,Confirmed,Suppressed,Suppressed,6
2023,MI,26049,Confirmed,Male,20+,4
2023,MI,26049,Confirmed,Male,Suppressed,1
2023,MI,26049,Probable,Male,20+,2
2023,MI,26055,Confirmed,Male,20+,6
2023,MI,26055,Confirmed,Male,Suppressed,1
2023,MI,26055,Confirmed,Suppressed,Suppressed,3
2023,MI,26061,Confirmed,Male,20+,7
2023,MI,26061,Confirmed,Suppressed,20+,1
2023,MI,26061,Probable,Male,20+,2
2023,MI,26061,Probable,Male,Suppressed,1
2023,MI,26061,Probable,Suppressed,20+,1
2023,MI,26061,Probable,Suppressed,Suppressed,1
2023,MI,26065,Confirmed,Male,0-19,5
2023,MI,26065,Confirmed,Male,20+,5
2023,MI,26065,Confirmed,Suppressed,20+,3
2023,MI,26065,Confirmed,Suppressed,Suppressed,1
2023,MI,26067,Confirmed,Suppressed,Suppressed,6
2023,MI,26069,Confirmed,Male,20+,9
2023,MI,26069,Confirmed,Male,Suppressed,1
2023,MI,26069,Confirmed,Suppressed,20+,4
2023,MI,26069,Confirmed,Suppressed,Suppressed,2
2023,MI,26071,Confirmed,Male,20+,7
2023,MI,26071,Confirmed,Male,Suppressed,2
2023,MI,26071,Confirmed,Female,20+,7
2023,MI,26071,Probable,Male,20+,1
2023,MI,26075,Confirmed,Male,20+,12
2023,MI,26075,Confirmed,Male,Suppressed,2
2023,MI,26075,Confirmed,Female,20+,10
2023,MI,26075,Confirmed,Female,Suppressed,1
2023,MI,26075,Probable,Male,20+,1
2023,MI,26075,Probable,Female,20+,1
2023,MI,26077,Confirmed,Male,0-19,36
2023,MI,26077,Confirmed,Male,20+,69
2023,MI,26077,Confirmed,Female,0-19,31
2023,MI,26077,Confirmed,Female,20+,50
2023,MI,26077,Probable,Male,0-19,1
2023,MI,26081,Confirmed,Male,0-19,16
2023,MI,26081,Confirmed,Male,20+,35
2023,MI,26081,Confirmed,Female,0-19,7
2023,MI,26081,Confirmed,Female,20+,22
2023,MI,26089,Confirmed,Male,20+,6
2023,MI,26089,Confirmed,Suppressed,20+,3
2023,MI,26089,Confirmed,Suppressed,Suppressed,1
2023,MI,26089,Probable,Suppressed,20+,1
2023,MI,26093,Confirmed,Male,20+,6
2023,MI,26093,Confirmed,Male,Suppressed,1
2023,MI,26093,Confirmed,Female,20+,7
2023,MI,26093,Confirmed,Female,Suppressed,1
2023,MI,26099,Confirmed,Male,Suppressed,4
2023,MI,26099,Confirmed,Female,20+,3
2023,MI,26099,Probable,Male,Suppressed,2
2023,MI,26099,Probable,Female,20+,4
2023,MI,26101,Confirmed,Male,Suppressed,4
2023,MI,26101,Confirmed,Female,0-19,4
2023,MI,26101,Confirmed,Female,20+,2
2023,MI,26101,Probable,Male,Suppressed,1
2023,MI,26101,Probable,Female,0-19,1
2023,MI,26101,Probable,Female,20+,3
2023,MI,26103,Confirmed,Male,Suppressed,5
2023,MI,26105,Confirmed,Female,Suppressed,3
2023,MI,26105,Confirmed,Suppressed,Suppressed,3
2023,MI,26105,Probable,Female,Suppressed,2
2023,MI,26105,Probable,Suppressed,Suppressed,3
2023,MI,26107,Confirmed,Male,20+,6
2023,MI,26107,Confirmed,Suppressed,20+,1
2023,MI,26107,Confirmed,Suppressed,Suppressed,1
2023,MI,26107,Probable,Male,20+,1
2023,MI,26109,Confirmed,Suppressed,Suppressed,5
2023,MI,26109,Probable,Suppressed,Suppressed,1
2023,MI,26111,Confirmed,Suppressed,Suppressed,6
2023,MI,26117,Confirmed,Suppressed,Suppressed,5
2023,MI,26121,Confirmed,Male,20+,9
2023,MI,26121,Confirmed,Male,Suppressed,2
2023,MI,26121,Confirmed,Suppressed,Suppressed,2
2023,MI,26123,Confirmed,Male,0-19,4
2023,MI,26123,Confirmed,Male,Suppressed,2
2023,MI,26123,Confirmed,Suppressed,Suppressed,3
2023,MI,26123,Probable,Male,0-19,1
2023,MI,26123,Probable,Male,Suppressed,1
2023,MI,26125,Confirmed,Male,0-19,8
2023,MI,26125,Confirmed,Male,20+,20
2023,MI,26125,Confirmed,Female,20+,11
2023,MI,26125,Confirmed,Female,Suppressed,1
2023,MI,26125,Probable,Male,20+,6
2023,MI,26125,Probable,Female,Suppressed,2
2023,MI,26133,Confirmed,Female,20+,5
2023,MI,26133,Confirmed,Suppressed,Suppressed,2
2023,MI,26139,Confirmed,Male,0-19,9
2023,MI,26139,Confirmed,Male,20+,11
2023,MI,26139,Confirmed,Female,0-19,8
2023,MI,26139,Confirmed,Female,Suppressed,4
2023,MI,26139,Probable,Male,20+,2
2023,MI,26147,Confirmed,Suppressed,Suppressed,4
2023,MI,26147,Probable,Suppressed,Suppressed,1
2023,MI,26149,Confirmed,Male,20+,6
2023,MI,26149,Confirmed,Male,Suppressed,2
2023,MI,26149,Confirmed,Suppressed,Suppressed,4
2023,MI,26149,Probable,Male,Suppressed,1
2023,MI,26159,Confirmed,Male,20+,14
2023,MI,26159,Confirmed,Male,Suppressed,2
2023,MI,26159,Confirmed,Female,20+,11
2023,MI,26159,Confirmed,Female,Suppressed,3
2023,MI,26161,Confirmed,Male,0-19,11
2023,MI,26161,Confirmed,Male,20+,58
2023,MI,26161,Confirmed,Female,0-19,6
2023,MI,26161,Confirmed,Female,20+,40
2023,MI,26161,Probable,Male,20+,1
2023,MI,26163,Confirmed,Male,20+,13
2023,MI,26163,Confirmed,Male,Suppressed,2
2023,MI,26163,Confirmed,Female,20+,6
2023,MI,26163,Confirmed,Female,Suppressed,2
2023,MI,26163,Probable,Male,20+,1
2023,MI,26163,Probable,Female,20+,1
2023,MI,Suppressed,Confirmed,Male,0-19,9
2023,MI,Suppressed,Confirmed,Female,20+,6
2023,MI,Suppressed,Confirmed,Suppressed,Suppressed,48
2023,MI,Suppressed,Probable,Suppressed,Suppressed,4
2023,MN,27001,Probable,Male,20+,23
2023,MN,27001,Probable,Male,Suppressed,1
2023,MN,27001,Probable,Female,20+,11
2023,MN,27003,Probable,Male,0-19,18
2023,MN,27003,Probable,Male,20+,94
2023,MN,27003,Probable,Female,0-19,13
2023,MN,27003,Probable,Female,20+,65
2023,MN,27005,Probable,Male,0-19,9
2023,MN,27005,Probable,Male,20+,13
2023,MN,27005,Probable,Female,20+,12
2023,MN,27005,Probable,Female,Suppressed,2
2023,MN,27007,Probable,Male,20+,23
2023,MN,27007,Probable,Male,Suppressed,4
2023,MN,27007,Probable,Female,0-19,5
2023,MN,27007,Probable,Female,20+,12
2023,MN,27009,Probable,Male,20+,7
2023,MN,27009,Probable,Male,Suppressed,1
2023,MN,27009,Probable,Female,20+,7
2023,MN,27009,Probable,Female,Suppressed,3
2023,MN,27013,Probable,Male,Suppressed,7
2023,MN,27013,Probable,Female,Suppressed,5
2023,MN,27017,Probable,Male,0-19,5
2023,MN,27017,Probable,Male,20+,17
2023,MN,27017,Probable,Female,20+,22
2023,MN,27017,Probable,Female,Suppressed,2
2023,MN,27019,Probable,Male,20+,13
2023,MN,27019,Probable,Male,Suppressed,1
2023,MN,27019,Probable,Female,20+,15
2023,MN,27021,Probable,Male,0-19,9
2023,MN,27021,Probable,Male,20+,35
2023,MN,27021,Probable,Female,0-19,9
2023,MN,27021,Probable,Female,20+,33
2023,MN,27025,Probable,Male,0-19,8
2023,MN,27025,Probable,Male,20+,24
2023,MN,27025,Probable,Female,20+,26
2023,MN,27025,Probable,Female,Suppressed,3
2023,MN,27027,Probable,Male,20+,7
2023,MN,27027,Probable,Male,Suppressed,2
2023,MN,27027,Probable,Suppressed,Suppressed,4
2023,MN,27029,Probable,Suppressed,Suppressed,9
2023,MN,27031,Probable,Male,20+,5
2023,MN,27031,Probable,Male,Suppressed,2
2023,MN,27031,Probable,Suppressed,Suppressed,2
2023,MN,27035,Probable,Male,0-19,13
2023,MN,27035,Probable,Male,20+,57
2023,MN,27035,Probable,Female,0-19,6
2023,MN,27035,Probable,Female,20+,53
2023,MN,27037,Probable,Male,0-19,18
2023,MN,27037,Probable,Male,20+,69
2023,MN,27037,Probable,Female,0-19,12
2023,MN,27037,Probable,Female,20+,61
2023,MN,27041,Probable,Suppressed,Suppressed,6
2023,MN,27045,Probable,Male,20+,6
2023,MN,27045,Probable,Male,Suppressed,2
2023,MN,27045,Probable,Female,Suppressed,5
2023,MN,27049,Probable,Male,0-19,5
2023,MN,27049,Probable,Male,20+,17
2023,MN,27049,Probable,Female,20+,23
2023,MN,27049,Probable,Female,Suppressed,4
2023,MN,27053,Probable,Male,0-19,33
2023,MN,27053,Probable,Male,20+,207
2023,MN,27053,Probable,Female,0-19,17
2023,MN,27053,Probable,Female,20+,139
2023,MN,27053,Probable,Suppressed,20+,1
2023,MN,27055,Probable,Male,20+,18
2023,MN,27055,Probable,Male,Suppressed,2
2023,MN,27055,Probable,Female,20+,16
2023,MN,27055,Probable,Female,Suppressed,2
2023,MN,27057,Probable,Male,0-19,11
2023,MN,27057,Probable,Male,20+,17
2023,MN,27057,Probable,Female,20+,23
2023,MN,27057,Probable,Female,Suppressed,3
2023,MN,27059,Probable,Male,20+,12
2023,MN,27059,Probable,Male,Suppressed,2
2023,MN,27059,Probable,Female,0-19,5
2023,MN,27059,Probable,Female,20+,11
2023,MN,27061,Probable,Male,20+,35
2023,MN,27061,Probable,Male,Suppressed,4
2023,MN,27061,Probable,Female,20+,24
2023,MN,27061,Probable,Female,Suppressed,4
2023,MN,27065,Probable,Male,20+,5
2023,MN,27065,Probable,Male,Suppressed,4
2023,MN,27065,Probable,Suppressed,Suppressed,4
2023,MN,27067,Probable,Male,20+,5
2023,MN,27067,Probable,Female,20+,5
2023,MN,27067,Probable,Female,Suppressed,1
2023,MN,27071,Probable,Male,20+,6
2023,MN,27071,Probable,Suppressed,Suppressed,2
2023,MN,27075,Probable,Male,20+,10
2023,MN,27075,Probable,Male,Suppressed,1
2023,MN,27075,Probable,Female,20+,5
2023,MN,27075,Probable,Female,Suppressed,2
2023,MN,27087,Probable,Suppressed,Suppressed,5
2023,MN,27093,Probable,Male,20+,5
2023,MN,27093,Probable,Suppressed,Suppressed,1
2023,MN,27095,Probable,Male,20+,6
2023,MN,27095,Probable,Male,Suppressed,3
2023,MN,27095,Probable,Female,20+,5
2023,MN,27095,Probable,Female,Suppressed,2
2023,MN,27097,Probable,Male,20+,19
2023,MN,27097,Probable,Male,Suppressed,3
2023,MN,27097,Probable,Female,20+,12
2023,MN,27097,Probable,Female,Suppressed,4
2023,MN,27099,Probable,Female,20+,6
2023,MN,27099,Probable,Suppressed,20+,2
2023,MN,27103,Probable,Suppressed,Suppressed,6
2023,MN,27109,Probable,Male,0-19,7
2023,MN,27109,Probable,Male,20+,36
2023,MN,27109,Probable,Female,0-19,5
2023,MN,27109,Probable,Female,20+,21
2023,MN,27111,Probable,Male,0-19,8
2023,MN,27111,Probable,Male,20+,17
2023,MN,27111,Probable,Female,20+,15
2023,MN,27111,Probable,Female,Suppressed,2
2023,MN,27113,Probable,Male,20+,5
2023,MN,27113,Probable,Suppressed,Suppressed,2
2023,MN,27115,Probable,Male,0-19,8
2023,MN,27115,Probable,Male,20+,33
2023,MN,27115,Probable,Female,0-19,5
2023,MN,27115,Probable,Female,20+,20
2023,MN,27119,Probable,Female,20+,6
2023,MN,27119,Probable,Suppressed,Suppressed,4
2023,MN,27121,Probable,Suppressed,Suppressed,5
2023,MN,27123,Probable,Male,0-19,10
2023,MN,27123,Probable,Male,20+,129
2023,MN,27123,Probable,Female,0-19,20
2023,MN,27123,Probable,Female,20+,89
2023,MN,27131,Probable,Male,20+,7
2023,MN,27131,Probable,Male,Suppressed,2
2023,MN,27131,Probable,Female,20+,9
2023,MN,27131,Probable,Female,Suppressed,1
2023,MN,27137,Probable,Male,0-19,8
2023,MN,27137,Probable,Male,20+,74
2023,MN,27137,Probable,Female,0-19,10
2023,MN,27137,Probable,Female,20+,40
2023,MN,27139,Probable,Male,20+,22
2023,MN,27139,Probable,Male,Suppressed,2
2023,MN,27139,Probable,Female,20+,12
2023,MN,27139,Probable,Female,Suppressed,2
2023,MN,27141,Probable,Male,20+,43
2023,MN,27141,Probable,Male,Suppressed,4
2023,MN,27141,Probable,Female,0-19,7
2023,MN,27141,Probable,Female,20+,32
2023,MN,27145,Probable,Male,0-19,5
2023,MN,27145,Probable,Male,20+,29
2023,MN,27145,Probable,Female,0-19,9
2023,MN,27145,Probable,Female,20+,21
2023,MN,27147,Probable,Suppressed,Suppressed,5
2023,MN,27153,Probable,Male,20+,5
2023,MN,27153,Probable,Male,Suppressed,3
2023,MN,27153,Probable,Female,20+,7
2023,MN,27157,Probable,Male,20+,6
2023,MN,27157,Probable,Male,Suppressed,1
2023,MN,27157,Probable,Female,20+,11
2023,MN,27157,Probable,Female,Suppressed,4
2023,MN,27159,Probable,Male,20+,9
2023,MN,27159,Probable,Female,20+,6
2023,MN,27163,Probable,Male,0-19,23
2023,MN,27163,Probable,Male,20+,120
2023,MN,27163,Probable,Female,0-19,15
2023,MN,27163,Probable,Female,20+,93
2023,MN,27169,Probable,Male,0-19,5
2023,MN,27169,Probable,Male,20+,30
2023,MN,27169,Probable,Female,0-19,6
2023,MN,27169,Probable,Female,20+,35
2023,MN,27171,Probable,Male,0-19,11
2023,MN,27171,Probable,Male,20+,29
2023,MN,27171,Probable,Female,20+,15
2023,MN,27171,Probable,Female,Suppressed,2
2023,MN,Suppressed,Probable,Male,20+,7
2023,MN,Suppressed,Probable,Female,0-19,6
2023,MN,Suppressed,Probable,Suppressed,Suppressed,38
2023,MO,Suppressed,Confirmed,Male,20+,10
2023,MO,Suppressed,Confirmed,Suppressed,20+,5
2023,MT,Suppressed,Confirmed,Suppressed,Suppressed,5
2023,MT,Suppressed,Probable,Suppressed,Suppressed,1
2023,NC,37009,Confirmed,Suppressed,Suppressed,8
2023,NC,37009,Probable,Suppressed,Suppressed,1
2023,NC,37011,Confirmed,Male,Suppressed,5
2023,NC,37021,Confirmed,Male,0-19,4
2023,NC,37021,Confirmed,Male,20+,13
2023,NC,37021,Confirmed,Female,0-19,4
2023,NC,37021,Confirmed,Female,20+,11
2023,NC,37021,Probable,Male,0-19,1
2023,NC,37021,Probable,Male,20+,3
2023,NC,37021,Probable,Female,0-19,1
2023,NC,37051,Confirmed,Suppressed,Suppressed,5
2023,NC,37051,Probable,Suppressed,Suppressed,1
2023,NC,37063,Confirmed,Suppressed,Suppressed,5
2023,NC,37067,Confirmed,Suppressed,Suppressed,6
2023,NC,37081,Confirmed,Suppressed,Suppressed,5
2023,NC,37115,Confirmed,Suppressed,Suppressed,8
2023,NC,37119,Confirmed,Male,20+,7
2023,NC,37119,Confirmed,Male,Suppressed,4
2023,NC,37119,Confirmed,Suppressed,20+,2
2023,NC,37119,Probable,Suppressed,20+,1
2023,NC,37121,Confirmed,Male,20+,6
2023,NC,37121,Confirmed,Male,Suppressed,2
2023,NC,37121,Confirmed,Female,20+,4
2023,NC,37121,Probable,Female,20+,1
2023,NC,37135,Confirmed,Suppressed,Suppressed,4
2023,NC,37135,Probable,Suppressed,Suppressed,1
2023,NC,37183,Confirmed,Male,Suppressed,6
2023,NC,37189,Confirmed,Male,20+,6
2023,NC,37189,Confirmed,Male,Suppressed,3
2023,NC,37189,Confirmed,Female,20+,8
2023,NC,37189,Confirmed,Female,Suppressed,2
2023,NC,37189,Probable,Male,20+,2
2023,NC,37199,Confirmed,Male,20+,10
2023,NC,37199,Confirmed,Male,Suppressed,2
2023,NC,37199,Confirmed,Suppressed,20+,3
2023,NC,Suppressed,Confirmed,Male,0-19,3
2023,NC,Suppressed,Confirmed,Female,20+,8
2023,NC,Suppressed,Confirmed,Suppressed,Suppressed,48
2023,NC,Suppressed,Probable,Male,0-19,1
2023,NC,Suppressed,Probable,Female,20+,3
2023,NC,Suppressed,Probable,Suppressed,Suppressed,10
2023,ND,Suppressed,Confirmed,Male,20+,6
2023,ND,Suppressed,Confirmed,Suppressed,20+,6
2023,NH,33001,Probable,Male,20+,37
2023,NH,33001,Probable,Male,Suppressed,4
2023,NH,33001,Probable,Female,0-19,6
2023,NH,33001,Probable,Female,20+,32
2023,NH,33003,Probable,Male,20+,29
2023,NH,33003,Probable,Male,Suppressed,1
2023,NH,33003,Probable,Female,20+,22
2023,NH,33003,Probable,Female,Suppressed,1
2023,NH,33005,Probable,Male,0-19,14
2023,NH,33005,Probable,Male,20+,47
2023,NH,33005,Probable,Female,0-19,6
2023,NH,33005,Probable,Female,20+,53
2023,NH,33007,Probable,Female,20+,7
2023,NH,33007,Probable,Suppressed,20+,3
2023,NH,33009,Probable,Male,0-19,14
2023,NH,33009,Probable,Male,20+,68
2023,NH,33009,Probable,Female,20+,62
2023,NH,33009,Probable,Female,Suppressed,4
2023,NH,33011,Probable,Male,0-19,44
2023,NH,33011,Probable,Male,20+,186
2023,NH,33011,Probable,Female,0-19,25
2023,NH,33011,Probable,Female,20+,154
2023,NH,33011,Probable,Suppressed,20+,1
2023,NH,33013,Probable,Male,0-19,21
2023,NH,33013,Probable,Male,20+,101
2023,NH,33013,Probable,Female,0-19,18
2023,NH,33013,Probable,Female,20+,87
2023,NH,33015,Probable,Male,0-19,13
2023,NH,33015,Probable,Male,20+,135
2023,NH,33015,Probable,Female,0-19,19
2023,NH,33015,Probable,Female,20+,91
2023,NH,33015,Probable,Suppressed,20+,1
2023,NH,33017,Probable,Male,0-19,16
2023,NH,33017,Probable,Male,20+,84
2023,NH,33017,Probable,Female,20+,64
2023,NH,33017,Probable,Female,Suppressed,4
2023,NH,33017,Probable,Suppressed,20+,1
2023,NH,33019,Probable,Male,0-19,7
2023,NH,33019,Probable,Male,20+,40
2023,NH,33019,Probable,Female,0-19,5
2023,NH,33019,Probable,Female,20+,37
2023,NH,Unknown,Probable,Suppressed,20+,9
2023,NJ,34001,Probable,Male,20+,82
2023,NJ,34001,Probable,Male,Suppressed,4
2023,NJ,34001,Probable,Female,0-19,5
2023,NJ,34001,Probable,Female,20+,82
2023,NJ,34003,Probable,Male,0-19,45
2023,NJ,34003,Probable,Male,20+,209
2023,NJ,34003,Probable,Female,0-19,35
2023,NJ,34003,Probable,Female,20+,197
2023,NJ,34005,Probable,Male,0-19,13
2023,NJ,34005,Probable,Male,20+,106
2023,NJ,34005,Probable,Female,0-19,11
2023,NJ,34005,Probable,Female,20+,97
2023,NJ,34007,Probable,Male,0-19,10
2023,NJ,34007,Probable,Male,20+,78
2023,NJ,34007,Probable,Female,0-19,11
2023,NJ,34007,Probable,Female,20+,78
2023,NJ,34009,Probable,Male,20+,29
2023,NJ,34009,Probable,Male,Suppressed,1
2023,NJ,34009,Probable,Female,20+,20
2023,NJ,34009,Probable,Female,Suppressed,2
2023,NJ,34011,Probable,Male,0-19,7
2023,NJ,34011,Probable,Male,20+,46
2023,NJ,34011,Probable,Female,20+,45
2023,NJ,34011,Probable,Female,Suppressed,3
2023,NJ,34013,Probable,Male,0-19,26
2023,NJ,34013,Probable,Male,20+,88
2023,NJ,34013,Probable,Female,0-19,16
2023,NJ,34013,Probable,Female,20+,83
2023,NJ,34015,Probable,Male,0-19,9
2023,NJ,34015,Probable,Male,20+,72
2023,NJ,34015,Probable,Female,0-19,5
2023,NJ,34015,Probable,Female,20+,58
2023,NJ,34017,Probable,Male,0-19,10
2023,NJ,34017,Probable,Male,20+,57
2023,NJ,34017,Probable,Female,0-19,9
2023,NJ,34017,Probable,Female,20+,71
2023,NJ,34019,Probable,Male,0-19,37
2023,NJ,34019,Probable,Male,20+,385
2023,NJ,34019,Probable,Female,0-19,20
2023,NJ,34019,Probable,Female,20+,293
2023,NJ,34021,Probable,Male,0-19,35
2023,NJ,34021,Probable,Male,20+,179
2023,NJ,34021,Probable,Female,0-19,13
2023,NJ,34021,Probable,Female,20+,162
2023,NJ,34023,Probable,Male,0-19,37
2023,NJ,34023,Probable,Male,20+,173
2023,NJ,34023,Probable,Female,0-19,27
2023,NJ,34023,Probable,Female,20+,208
2023,NJ,34025,Probable,Male,0-19,68
2023,NJ,34025,Probable,Male,20+,317
2023,NJ,34025,Probable,Female,0-19,36
2023,NJ,34025,Probable,Female,20+,253
2023,NJ,34027,Probable,Male,0-19,45
2023,NJ,34027,Probable,Male,20+,344
2023,NJ,34027,Probable,Female,0-19,36
2023,NJ,34027,Probable,Female,20+,249
2023,NJ,34029,Probable,Male,0-19,88
2023,NJ,34029,Probable,Male,20+,244
2023,NJ,34029,Probable,Female,0-19,50
2023,NJ,34029,Probable,Female,20+,229
2023,NJ,34031,Probable,Male,0-19,16
2023,NJ,34031,Probable,Male,20+,135
2023,NJ,34031,Probable,Female,0-19,21
2023,NJ,34031,Probable,Female,20+,152
2023,NJ,34033,Probable,Male,20+,28
2023,NJ,34033,Probable,Male,Suppressed,1
2023,NJ,34033,Probable,Female,20+,22
2023,NJ,34033,Probable,Female,Suppressed,1
2023,NJ,34035,Probable,Male,0-19,25
2023,NJ,34035,Probable,Male,20+,199
2023,NJ,34035,Probable,Female,0-19,17
2023,NJ,34035,Probable,Female,20+,149
2023,NJ,34037,Probable,Male,0-19,31
2023,NJ,34037,Probable,Male,20+,284
2023,NJ,34037,Probable,Female,0-19,24
2023,NJ,34037,Probable,Female,20+,191
2023,NJ,34039,Probable,Male,0-19,14
2023,NJ,34039,Probable,Male,20+,48
2023,NJ,34039,Probable,Female,0-19,12
2023,NJ,34039,Probable,Female,20+,75
2023,NJ,34041,Probable,Male,0-19,28
2023,NJ,34041,Probable,Male,20+,209
2023,NJ,34041,Probable,Female,0-19,18
2023,NJ,34041,Probable,Female,20+,158
2023,NJ,Unknown,Probable,Male,0-19,7
2023,NJ,Unknown,Probable,Male,20+,62
2023,NJ,Unknown,Probable,Female,0-19,6
2023,NJ,Unknown,Probable,Female,20+,41
2023,NJ,Unknown,Probable,Female,Suppressed,1
2023,NJ,Unknown,Probable,Suppressed,20+,1
2023,NM,Suppressed,Confirmed,Suppressed,20+,2
2023,NM,Suppressed,Probable,Suppressed,20+,6
2023,NV,32003,Confirmed,Male,20+,5
2023,NV,32003,Confirmed,Suppressed,20+,1
2023,NV,Suppressed,Confirmed,Male,Suppressed,3
2023,NV,Suppressed,Confirmed,Suppressed,20+,3
2023,NV,Suppressed,Probable,Suppressed,20+,2
2023,NY,36001,Probable,Male,0-19,37
2023,NY,36001,Probable,Male,20+,250
2023,NY,36001,Probable,Female,0-19,27
2023,NY,36001,Probable,Female,20+,167
2023,NY,36003,Probable,Male,0-19,35
2023,NY,36003,Probable,Male,20+,70
2023,NY,36003,Probable,Female,0-19,12
2023,NY,36003,Probable,Female,20+,68
2023,NY,36005,Probable,Male,0-19,22
2023,NY,36005,Probable,Male,20+,72
2023,NY,36005,Probable,Female,0-19,14
2023,NY,36005,Probable,Female,20+,114
2023,NY,36007,Probable,Male,0-19,50
2023,NY,36007,Probable,Male,20+,164
2023,NY,36007,Probable,Female,0-19,33
2023,NY,36007,Probable,Female,20+,110
2023,NY,36009,Probable,Male,0-19,31
2023,NY,36009,Probable,Male,20+,69
2023,NY,36009,Probable,Female,0-19,17
2023,NY,36009,Probable,Female,20+,59
2023,NY,36011,Probable,Male,0-19,19
2023,NY,36011,Probable,Male,20+,46
2023,NY,36011,Probable,Female,0-19,10
2023,NY,36011,Probable,Female,20+,36
2023,NY,36013,Probable,Male,0-19,35
2023,NY,36013,Probable,Male,20+,62
2023,NY,36013,Probable,Female,0-19,12
2023,NY,36013,Probable,Female,20+,54
2023,NY,36015,Probable,Male,0-19,14
2023,NY,36015,Probable,Male,20+,48
2023,NY,36015,Probable,Female,0-19,6
2023,NY,36015,Probable,Female,20+,37
2023,NY,36017,Probable,Male,0-19,22
2023,NY,36017,Probable,Male,20+,101
2023,NY,36017,Probable,Female,0-19,24
2023,NY,36017,Probable,Female,20+,56
2023,NY,36019,Probable,Male,0-19,5
2023,NY,36019,Probable,Male,20+,63
2023,NY,36019,Probable,Female,20+,42
2023,NY,36019,Probable,Female,Suppressed,3
2023,NY,36021,Probable,Male,0-19,7
2023,NY,36021,Probable,Male,20+,91
2023,NY,36021,Probable,Female,0-19,9
2023,NY,36021,Probable,Female,20+,55
2023,NY,36023,Probable,Male,0-19,23
2023,NY,36023,Probable,Male,20+,40
2023,NY,36023,Probable,Female,0-19,15
2023,NY,36023,Probable,Female,20+,28
2023,NY,36025,Probable,Male,0-19,15
2023,NY,36025,Probable,Male,20+,112
2023,NY,36025,Probable,Female,0-19,15
2023,NY,36025,Probable,Female,20+,102
2023,NY,36027,Probable,Male,0-19,70
2023,NY,36027,Probable,Male,20+,545
2023,NY,36027,Probable,Female,0-19,56
2023,NY,36027,Probable,Female,20+,394
2023,NY,36029,Probable,Male,0-19,45
2023,NY,36029,Probable,Male,20+,196
2023,NY,36029,Probable,Female,0-19,19
2023,NY,36029,Probable,Female,20+,140
2023,NY,36031,Probable,Male,0-19,10
2023,NY,36031,Probable,Male,20+,63
2023,NY,36031,Probable,Female,0-19,7
2023,NY,36031,Probable,Female,20+,58
2023,NY,36033,Probable,Male,20+,13
2023,NY,36033,Probable,Male,Suppressed,2
2023,NY,36033,Probable,Suppressed,20+,4
2023,NY,36033,Probable,Suppressed,Suppressed,2
2023,NY,36035,Probable,Male,0-19,10
2023,NY,36035,Probable,Male,20+,29
2023,NY,36035,Probable,Female,0-19,6
2023,NY,36035,Probable,Female,20+,26
2023,NY,36037,Probable,Male,20+,13
2023,NY,36037,Probable,Male,Suppressed,2
2023,NY,36037,Probable,Female,20+,14
2023,NY,36037,Probable,Female,Suppressed,4
2023,NY,36039,Probable,Male,0-19,14
2023,NY,36039,Probable,Male,20+,84
2023,NY,36039,Probable,Female,0-19,10
2023,NY,36039,Probable,Female,20+,69
2023,NY,36041,Probable,Female,20+,5
2023,NY,36041,Probable,Suppressed,20+,1
2023,NY,36043,Probable,Male,0-19,32
2023,NY,36043,Probable,Male,20+,80
2023,NY,36043,Probable,Female,0-19,13
2023,NY,36043,Probable,Female,20+,62
2023,NY,36045,Probable,Male,0-19,26
2023,NY,36045,Probable,Male,20+,106
2023,NY,36045,Probable,Female,0-19,21
2023,NY,36045,Probable,Female,20+,90
2023,NY,36047,Probable,Male,0-19,241
2023,NY,36047,Probable,Male,20+,416
2023,NY,36047,Probable,Female,0-19,131
2023,NY,36047,Probable,Female,20+,410
2023,NY,36047,Probable,Suppressed,0-19,2
2023,NY,36049,Probable,Male,0-19,9
2023,NY,36049,Probable,Male,20+,31
2023,NY,36049,Probable,Female,0-19,11
2023,NY,36049,Probable,Female,20+,14
2023,NY,36051,Probable,Male,0-19,20
2023,NY,36051,Probable,Male,20+,47
2023,NY,36051,Probable,Female,0-19,10
2023,NY,36051,Probable,Female,20+,52
2023,NY,36053,Probable,Male,0-19,20
2023,NY,36053,Probable,Male,20+,67
2023,NY,36053,Probable,Female,0-19,9
2023,NY,36053,Probable,Female,20+,53
2023,NY,36055,Probable,Male,0-19,45
2023,NY,36055,Probable,Male,20+,194
2023,NY,36055,Probable,Female,0-19,29
2023,NY,36055,Probable,Female,20+,174
2023,NY,36057,Probable,Male,0-19,10
2023,NY,36057,Probable,Male,20+,41
2023,NY,36057,Probable,Female,20+,26
2023,NY,36057,Probable,Female,Suppressed,2
2023,NY,36059,Probable,Male,0-19,45
2023,NY,36059,Probable,Male,20+,321
2023,NY,36059,Probable,Female,0-19,44
2023,NY,36059,Probable,Female,20+,281
2023,NY,36061,Probable,Male,0-19,58
2023,NY,36061,Probable,Male,20+,580
2023,NY,36061,Probable,Female,0-19,45
2023,NY,36061,Probable,Female,20+,431
2023,NY,36063,Probable,Male,0-19,7
2023,NY,36063,Probable,Male,20+,16
2023,NY,36063,Probable,Female,20+,15
2023,NY,36063,Probable,Female,Suppressed,2
2023,NY,36065,Probable,Male,0-19,39
2023,NY,36065,Probable,Male,20+,157
2023,NY,36065,Probable,Female,0-19,20
2023,NY,36065,Probable,Female,20+,116
2023,NY,36067,Probable,Male,0-19,67
2023,NY,36067,Probable,Male,20+,262
2023,NY,36067,Probable,Female,0-19,44
2023,NY,36067,Probable,Female,20+,206
2023,NY,36069,Probable,Male,0-19,14
2023,NY,36069,Probable,Male,20+,115
2023,NY,36069,Probable,Female,0-19,16
2023,NY,36069,Probable,Female,20+,88
2023,NY,36071,Probable,Male,0-19,110
2023,NY,36071,Probable,Male,20+,551
2023,NY,36071,Probable,Male,Suppressed,1
2023,NY,36071,Probable,Female,0-19,82
2023,NY,36071,Probable,Female,20+,456
2023,NY,36071,Probable,Female,Suppressed,1
2023,NY,36073,Probable,Female,20+,8
2023,NY,36073,Probable,Female,Suppressed,2
2023,NY,36073,Probable,Suppressed,20+,4
2023,NY,36073,Probable,Suppressed,Suppressed,3
2023,NY,36075,Probable,Male,0-19,19
2023,NY,36075,Probable,Male,20+,109
2023,NY,36075,Probable,Female,0-19,18
2023,NY,36075,Probable,Female,20+,86
2023,NY,36077,Probable,Male,0-19,28
2023,NY,36077,Probable,Male,20+,164
2023,NY,36077,Probable,Female,0-19,26
2023,NY,36077,Probable,Female,20+,140
2023,NY,36079,Probable,Male,0-19,42
2023,NY,36079,Probable,Male,20+,170
2023,NY,36079,Probable,Female,0-19,20
2023,NY,36079,Probable,Female,20+,115
2023,NY,36081,Probable,Male,0-19,45
2023,NY,36081,Probable,Male,20+,185
2023,NY,36081,Probable,Female,0-19,27
2023,NY,36081,Probable,Female,20+,220
2023,NY,36083,Probable,Male,0-19,26
2023,NY,36083,Probable,Male,20+,241
2023,NY,36083,Probable,Female,0-19,15
2023,NY,36083,Probable,Female,20+,199
2023,NY,36085,Probable,Male,0-19,19
2023,NY,36085,Probable,Male,20+,100
2023,NY,36085,Probable,Female,0-19,27
2023,NY,36085,Probable,Female,20+,101
2023,NY,36085,Probable,Suppressed,20+,1
2023,NY,36087,Probable,Male,0-19,97
2023,NY,36087,Probable,Male,20+,252
2023,NY,36087,Probable,Female,0-19,93
2023,NY,36087,Probable,Female,20+,184
2023,NY,36089,Probable,Male,0-19,13
2023,NY,36089,Probable,Male,20+,58
2023,NY,36089,Probable,Female,0-19,7
2023,NY,36089,Probable,Female,20+,35
2023,NY,36091,Probable,Male,0-19,21
2023,NY,36091,Probable,Male,20+,123
2023,NY,36091,Probable,Female,0-19,15
2023,NY,36091,Probable,Female,20+,84
2023,NY,36093,Probable,Male,0-19,17
2023,NY,36093,Probable,Male,20+,64
2023,NY,36093,Probable,Female,0-19,9
2023,NY,36093,Probable,Female,20+,48
2023,NY,36095,Probable,Male,0-19,11
2023,NY,36095,Probable,Male,20+,77
2023,NY,36095,Probable,Female,0-19,7
2023,NY,36095,Probable,Female,20+,57
2023,NY,36097,Probable,Male,0-19,6
2023,NY,36097,Probable,Male,20+,33
2023,NY,36097,Probable,Female,0-19,5
2023,NY,36097,Probable,Female,20+,17
2023,NY,36099,Probable,Male,20+,12
2023,NY,36099,Probable,Male,Suppressed,1
2023,NY,36099,Probable,Female,0-19,5
2023,NY,36099,Probable,Female,20+,20
2023,NY,36101,Probable,Male,0-19,42
2023,NY,36101,Probable,Male,20+,106
2023,NY,36101,Probable,Female,0-19,25
2023,NY,36101,Probable,Female,20+,83
2023,NY,36103,Probable,Male,0-19,167
2023,NY,36103,Probable,Male,20+,1743
2023,NY,36103,Probable,Female,0-19,99
2023,NY,36103,Probable,Female,20+,1253
2023,NY,36105,Probable,Male,0-19,38
2023,NY,36105,Probable,Male,20+,160
2023,NY,36105,Probable,Female,0-19,30
2023,NY,36105,Probable,Female,20+,132
2023,NY,36107,Probable,Male,0-19,15
2023,NY,36107,Probable,Male,20+,87
2023,NY,36107,Probable,Female,0-19,12
2023,NY,36107,Probable,Female,20+,46
2023,NY,36109,Probable,Male,0-19,33
2023,NY,36109,Probable,Male,20+,193
2023,NY,36109,Probable,Female,0-19,30
2023,NY,36109,Probable,Female,20+,143
2023,NY,36111,Probable,Male,0-19,38
2023,NY,36111,Probable,Male,20+,465
2023,NY,36111,Probable,Female,0-19,24
2023,NY,36111,Probable,Female,20+,366
2023,NY,36113,Probable,Male,0-19,13
2023,NY,36113,Probable,Male,20+,127
2023,NY,36113,Probable,Female,0-19,7
2023,NY,36113,Probable,Female,20+,80
2023,NY,36115,Probable,Male,0-19,18
2023,NY,36115,Probable,Male,20+,152
2023,NY,36115,Probable,Female,0-19,12
2023,NY,36115,Probable,Female,20+,119
2023,NY,36117,Probable,Male,20+,34
2023,NY,36117,Probable,Male,Suppressed,4
2023,NY,36117,Probable,Female,0-19,8
2023,NY,36117,Probable,Female,20+,24
2023,NY,36119,Probable,Male,0-19,141
2023,NY,36119,Probable,Male,20+,653
2023,NY,36119,Probable,Female,0-19,100
2023,NY,36119,Probable,Female,20+,423
2023,NY,36121,Probable,Male,0-19,7
2023,NY,36121,Probable,Male,20+,16
2023,NY,36121,Probable,Female,20+,17
2023,NY,36121,Probable,Female,Suppressed,1
2023,NY,36123,Probable,Male,0-19,8
2023,NY,36123,Probable,Male,20+,29
2023,NY,36123,Probable,Female,0-19,12
2023,NY,36123,Probable,Female,20+,33
2023,NY,Unknown,Probable,Male,0-19,11
2023,NY,Unknown,Probable,Male,20+,15
2023,NY,Unknown,Probable,Male,Suppressed,4
2023,NY,Unknown,Probable,Female,20+,12
2023,NY,Unknown,Probable,Female,Suppressed,5
2023,NY,Unknown,Probable,Suppressed,20+,3
2023,NY,Unknown,Probable,Suppressed,Suppressed,1
2023,OH,39005,Confirmed,Male,Suppressed,4
2023,OH,39005,Confirmed,Female,20+,4
2023,OH,39005,Confirmed,Female,Suppressed,1
2023,OH,39005,Probable,Male,Suppressed,1
2023,OH,39005,Probable,Female,20+,1
2023,OH,39009,Confirmed,Male,20+,4
2023,OH,39009,Confirmed,Male,Suppressed,4
2023,OH,39009,Confirmed,Suppressed,20+,2
2023,OH,39009,Probable,Male,20+,1
2023,OH,39013,Confirmed,Male,20+,4
2023,OH,39013,Confirmed,Male,Suppressed,1
2023,OH,39013,Confirmed,Female,20+,5
2023,OH,39013,Confirmed,Female,Suppressed,3
2023,OH,39013,Probable,Male,20+,1
2023,OH,39013,Probable,Female,20+,3
2023,OH,39013,Probable,Female,Suppressed,1
2023,OH,39019,Confirmed,Male,0-19,3
2023,OH,39019,Confirmed,Male,20+,8
2023,OH,39019,Confirmed,Female,20+,1
2023,OH,39019,Confirmed,Female,Suppressed,2
2023,OH,39019,Probable,Male,0-19,3
2023,OH,39019,Probable,Male,20+,7
2023,OH,39019,Probable,Female,20+,8
2023,OH,39019,Probable,Female,Suppressed,1
2023,OH,39023,Confirmed,Suppressed,Suppressed,3
2023,OH,39023,Probable,Suppressed,Suppressed,4
2023,OH,39025,Confirmed,Male,Suppressed,3
2023,OH,39025,Confirmed,Female,20+,6
2023,OH,39025,Confirmed,Female,Suppressed,1
2023,OH,39025,Probable,Male,Suppressed,3
2023,OH,39025,Probable,Female,Suppressed,3
2023,OH,39029,Confirmed,Male,0-19,15
2023,OH,39029,Confirmed,Male,20+,38
2023,OH,39029,Confirmed,Female,0-19,16
2023,OH,39029,Confirmed,Female,20+,38
2023,OH,39029,Probable,Male,0-19,3
2023,OH,39029,Probable,Male,20+,9
2023,OH,39029,Probable,Female,0-19,1
2023,OH,39029,Probable,Female,20+,2
2023,OH,39031,Confirmed,Male,0-19,7
2023,OH,39031,Confirmed,Male,20+,19
2023,OH,39031,Confirmed,Female,20+,14
2023,OH,39031,Confirmed,Female,Suppressed,4
2023,OH,39031,Probable,Male,0-19,3
2023,OH,39031,Probable,Male,20+,2
2023,OH,39031,Probable,Female,20+,3
2023,OH,39035,Confirmed,Male,0-19,2
2023,OH,39035,Confirmed,Male,20+,6
2023,OH,39035,Confirmed,Female,20+,2
2023,OH,39035,Confirmed,Female,Suppressed,2
2023,OH,39035,Probable,Male,0-19,3
2023,OH,39035,Probable,Male,20+,8
2023,OH,39035,Probable,Female,20+,4
2023,OH,39035,Probable,Female,Suppressed,1
2023,OH,39041,Confirmed,Suppressed,Suppressed,4
2023,OH,39041,Probable,Suppressed,Suppressed,1
2023,OH,39043,Confirmed,Male,20+,3
2023,OH,39043,Confirmed,Male,Suppressed,1
2023,OH,39043,Confirmed,Suppressed,20+,1
2023,OH,39043,Probable,Male,20+,2
2023,OH,39045,Confirmed,Male,0-19,9
2023,OH,39045,Confirmed,Male,20+,10
2023,OH,39045,Confirmed,Female,0-19,4
2023,OH,39045,Confirmed,Female,20+,6
2023,OH,39045,Probable,Male,20+,6
2023,OH,39045,Probable,Female,0-19,1
2023,OH,39045,Probable,Female,20+,1
2023,OH,39049,Confirmed,Male,0-19,13
2023,OH,39049,Confirmed,Male,20+,3
2023,OH,39049,Confirmed,Female,0-19,10
2023,OH,39049,Confirmed,Female,20+,5
2023,OH,39049,Probable,Male,0-19,2
2023,OH,39049,Probable,Male,20+,5
2023,OH,39049,Probable,Female,0-19,1
2023,OH,39049,Probable,Female,20+,3
2023,OH,39055,Confirmed,Male,Suppressed,3
2023,OH,39055,Probable,Male,Suppressed,4
2023,OH,39059,Confirmed,Male,20+,13
2023,OH,39059,Confirmed,Male,Suppressed,2
2023,OH,39059,Confirmed,Female,0-19,6
2023,OH,39059,Confirmed,Female,20+,14
2023,OH,39059,Probable,Male,20+,4
2023,OH,39059,Probable,Male,Suppressed,1
2023,OH,39059,Probable,Female,0-19,1
2023,OH,39059,Probable,Female,20+,2
2023,OH,39061,Confirmed,Male,20+,8
2023,OH,39061,Confirmed,Female,Suppressed,4
2023,OH,39061,Probable,Male,20+,1
2023,OH,39061,Probable,Male,Suppressed,2
2023,OH,39061,Probable,Female,Suppressed,4
2023,OH,39067,Confirmed,Male,20+,4
2023,OH,39067,Confirmed,Male,Suppressed,3
2023,OH,39067,Confirmed,Female,0-19,4
2023,OH,39067,Confirmed,Female,20+,6
2023,OH,39067,Probable,Male,20+,3
2023,OH,39067,Probable,Male,Suppressed,1
2023,OH,39067,Probable,Female,0-19,1
2023,OH,39067,Probable,Female,20+,5
2023,OH,39073,Confirmed,Male,0-19,6
2023,OH,39073,Confirmed,Male,20+,5
2023,OH,39073,Confirmed,Female,20+,2
2023,OH,39073,Confirmed,Female,Suppressed,1
2023,OH,39073,Probable,Male,0-19,1
2023,OH,39073,Probable,Male,20+,3
2023,OH,39073,Probable,Female,20+,3
2023,OH,39075,Confirmed,Male,0-19,9
2023,OH,39075,Confirmed,Male,20+,11
2023,OH,39075,Confirmed,Female,0-19,3
2023,OH,39075,Confirmed,Female,20+,10
2023,OH,39075,Probable,Male,0-19,3
2023,OH,39075,Probable,Male,20+,2
2023,OH,39075,Probable,Female,0-19,5
2023,OH,39075,Probable,Female,20+,1
2023,OH,39075,Probable,Suppressed,Suppressed,1
2023,OH,39079,Confirmed,Male,20+,5
2023,OH,39079,Confirmed,Male,Suppressed,2
2023,OH,39079,Confirmed,Female,20+,6
2023,OH,39079,Confirmed,Female,Suppressed,2
2023,OH,39079,Probable,Male,20+,5
2023,OH,39079,Probable,Male,Suppressed,2
2023,OH,39079,Probable,Female,20+,3
2023,OH,39081,Confirmed,Male,20+,4
2023,OH,39081,Confirmed,Male,Suppressed,1
2023,OH,39081,Confirmed,Suppressed,20+,1
2023,OH,39081,Probable,Male,20+,1
2023,OH,39081,Probable,Suppressed,20+,1
2023,OH,39081,Probable,Suppressed,Suppressed,1
2023,OH,39083,Confirmed,Male,0-19,15
2023,OH,39083,Confirmed,Male,20+,14
2023,OH,39083,Confirmed,Female,0-19,8
2023,OH,39083,Confirmed,Female,20+,20
2023,OH,39083,Probable,Male,20+,2
2023,OH,39085,Confirmed,Male,20+,3
2023,OH,39085,Confirmed,Male,Suppressed,1
2023,OH,39085,Confirmed,Suppressed,20+,3
2023,OH,39085,Probable,Male,20+,5
2023,OH,39085,Probable,Male,Suppressed,1
2023,OH,39085,Probable,Suppressed,20+,1
2023,OH,39089,Confirmed,Male,0-19,11
2023,OH,39089,Confirmed,Male,20+,14
2023,OH,39089,Confirmed,Female,0-19,12
2023,OH,39089,Confirmed,Female,20+,16
2023,OH,39089,Probable,Male,0-19,1
2023,OH,39089,Probable,Male,20+,3
2023,OH,39089,Probable,Female,20+,1
2023,OH,39093,Confirmed,Male,Suppressed,3
2023,OH,39093,Probable,Male,Suppressed,2
2023,OH,39099,Confirmed,Male,20+,10
2023,OH,39099,Confirmed,Male,Suppressed,4
2023,OH,39099,Confirmed,Female,20+,4
2023,OH,39099,Confirmed,Female,Suppressed,2
2023,OH,39099,Probable,Male,20+,1
2023,OH,39099,Probable,Female,20+,2
2023,OH,39103,Confirmed,Male,20+,2
2023,OH,39103,Confirmed,Male,Suppressed,4
2023,OH,39103,Confirmed,Female,20+,2
2023,OH,39103,Confirmed,Female,Suppressed,1
2023,OH,39103,Probable,Male,20+,3
2023,OH,39103,Probable,Female,20+,3
2023,OH,39113,Probable,Female,Suppressed,5
2023,OH,39115,Confirmed,Suppressed,Suppressed,4
2023,OH,39115,Probable,Suppressed,Suppressed,2
2023,OH,39119,Confirmed,Male,0-19,21
2023,OH,39119,Confirmed,Male,20+,28
2023,OH,39119,Confirmed,Female,0-19,12
2023,OH,39119,Confirmed,Female,20+,30
2023,OH,39119,Probable,Male,20+,2
2023,OH,39119,Probable,Female,20+,2
2023,OH,39127,Confirmed,Male,Suppressed,6
2023,OH,39127,Confirmed,Female,20+,5
2023,OH,39133,Confirmed,Female,Suppressed,4
2023,OH,39133,Probable,Female,Suppressed,1
2023,OH,39139,Confirmed,Male,0-19,9
2023,OH,39139,Confirmed,Male,20+,7
2023,OH,39139,Confirmed,Female,20+,3
2023,OH,39139,Confirmed,Female,Suppressed,2
2023,OH,39139,Probable,Male,0-19,3
2023,OH,39139,Probable,Male,20+,5
2023,OH,39139,Probable,Female,20+,2
2023,OH,39141,Confirmed,Male,0-19,2
2023,OH,39141,Confirmed,Male,Suppressed,2
2023,OH,39141,Confirmed,Suppressed,Suppressed,1
2023,OH,39141,Probable,Male,0-19,3
2023,OH,39141,Probable,Male,Suppressed,1
2023,OH,39141,Probable,Suppressed,Suppressed,2
2023,OH,39151,Confirmed,Male,0-19,20
2023,OH,39151,Confirmed,Male,20+,9
2023,OH,39151,Confirmed,Female,0-19,8
2023,OH,39151,Confirmed,Female,20+,4
2023,OH,39151,Probable,Male,0-19,13
2023,OH,39151,Probable,Male,20+,21
2023,OH,39151,Probable,Female,0-19,2
2023,OH,39151,Probable,Female,20+,12
2023,OH,39153,Confirmed,Male,0-19,14
2023,OH,39153,Confirmed,Male,20+,13
2023,OH,39153,Confirmed,Female,0-19,7
2023,OH,39153,Confirmed,Female,20+,6
2023,OH,39153,Probable,Male,0-19,1
2023,OH,39153,Probable,Male,20+,2
2023,OH,39153,Probable,Female,0-19,1
2023,OH,39153,Probable,Female,20+,2
2023,OH,39155,Confirmed,Male,0-19,6
2023,OH,39155,Confirmed,Male,20+,17
2023,OH,39155,Confirmed,Female,20+,10
2023,OH,39155,Confirmed,Female,Suppressed,3
2023,OH,39155,Probable,Male,20+,1
2023,OH,39155,Probable,Female,20+,2
2023,OH,39157,Confirmed,Male,0-19,8
2023,OH,39157,Confirmed,Male,20+,19
2023,OH,39157,Confirmed,Female,0-19,5
2023,OH,39157,Confirmed,Female,20+,9
2023,OH,39157,Probable,Male,0-19,9
2023,OH,39157,Probable,Male,20+,12
2023,OH,39157,Probable,Female,0-19,2
2023,OH,39157,Probable,Female,20+,14
2023,OH,39167,Confirmed,Male,0-19,3
2023,OH,39167,Confirmed,Male,20+,2
2023,OH,39167,Confirmed,Female,20+,1
2023,OH,39167,Probable,Male,0-19,3
2023,OH,39167,Probable,Male,20+,4
2023,OH,39167,Probable,Female,20+,7
2023,OH,39167,Probable,Female,Suppressed,2
2023,OH,39169,Confirmed,Male,0-19,4
2023,OH,39169,Confirmed,Male,20+,8
2023,OH,39169,Confirmed,Female,0-19,5
2023,OH,39169,Confirmed,Female,Suppressed,3
2023,OH,39169,Probable,Male,0-19,7
2023,OH,39169,Probable,Male,20+,2
2023,OH,39169,Probable,Female,0-19,3
2023,OH,39169,Probable,Female,Suppressed,1
2023,OH,Suppressed,Confirmed,Male,0-19,3
2023,OH,Suppressed,Confirmed,Female,20+,7
2023,OH,Suppressed,Confirmed,Suppressed,Suppressed,35
2023,OH,Suppressed,Probable,Male,0-19,9
2023,OH,Suppressed,Probable,Female,20+,2
2023,OH,Suppressed,Probable,Suppressed,Suppressed,21
2023,OR,41033,Confirmed,Female,20+,2
2023,OR,41033,Confirmed,Suppressed,20+,2
2023,OR,41033,Probable,Female,20+,5
2023,OR,41033,Probable,Female,Suppressed,1
2023,OR,41033,Probable,Suppressed,20+,1
2023,OR,41033,Probable,Suppressed,Suppressed,1
2023,OR,41047,Confirmed,Female,20+,1
2023,OR,41047,Probable,Female,20+,4
2023,OR,41047,Probable,Suppressed,20+,1
2023,OR,41051,Confirmed,Female,Suppressed,1
2023,OR,41051,Probable,Female,Suppressed,5
2023,OR,Suppressed,Confirmed,Suppressed,20+,2
2023,OR,Suppressed,Confirmed,Suppressed,Suppressed,4
2023,OR,Suppressed,Probable,Female,Suppressed,2
2023,OR,Suppressed,Probable,Suppressed,20+,5
2023,OR,Suppressed,Probable,Suppressed,Suppressed,24
2023,PA,42001,Probable,Male,0-19,16
2023,PA,42001,Probable,Male,20+,64
2023,PA,42001,Probable,Female,0-19,12
2023,PA,42001,Probable,Female,20+,52
2023,PA,42001,Probable,Suppressed,20+,1
2023,PA,42003,Probable,Male,0-19,107
2023,PA,42003,Probable,Male,20+,834
2023,PA,42003,Probable,Female,0-19,45
2023,PA,42003,Probable,Female,20+,496
2023,PA,42003,Probable,Suppressed,20+,2
2023,PA,42003,Probable,Suppressed,Suppressed,1
2023,PA,42005,Probable,Male,0-19,24
2023,PA,42005,Probable,Male,20+,140
2023,PA,42005,Probable,Female,0-19,15
2023,PA,42005,Probable,Female,20+,123
2023,PA,42007,Probable,Male,0-19,19
2023,PA,42007,Probable,Male,20+,91
2023,PA,42007,Probable,Female,0-19,12
2023,PA,42007,Probable,Female,20+,56
2023,PA,42007,Probable,Suppressed,20+,1
2023,PA,42009,Probable,Male,0-19,7
2023,PA,42009,Probable,Male,20+,33
2023,PA,42009,Probable,Female,20+,29
2023,PA,42009,Probable,Female,Suppressed,4
2023,PA,42011,Probable,Male,0-19,39
2023,PA,42011,Probable,Male,20+,252
2023,PA,42011,Probable,Female,0-19,31
2023,PA,42011,Probable,Female,20+,229
2023,PA,42013,Probable,Male,0-19,17
2023,PA,42013,Probable,Male,20+,177
2023,PA,42013,Probable,Female,0-19,7
2023,PA,42013,Probable,Female,20+,59
2023,PA,42015,Probable,Male,0-19,24
2023,PA,42015,Probable,Male,20+,78
2023,PA,42015,Probable,Female,0-19,14
2023,PA,42015,Probable,Female,20+,51
2023,PA,42015,Probable,Suppressed,20+,1
2023,PA,42017,Probable,Male,0-19,42
2023,PA,42017,Probable,Male,20+,336
2023,PA,42017,Probable,Female,0-19,44
2023,PA,42017,Probable,Female,20+,250
2023,PA,42019,Probable,Male,0-19,49
2023,PA,42019,Probable,Male,20+,333
2023,PA,42019,Probable,Female,0-19,35
2023,PA,42019,Probable,Female,20+,214
2023,PA,42021,Probable,Male,0-19,45
2023,PA,42021,Probable,Male,20+,149
2023,PA,42021,Probable,Female,0-19,21
2023,PA,42021,Probable,Female,20+,98
2023,PA,42021,Probable,Suppressed,0-19,1
2023,PA,42023,Probable,Male,0-19,8
2023,PA,42023,Probable,Male,20+,16
2023,PA,42023,Probable,Female,20+,12
2023,PA,42023,Probable,Female,Suppressed,1
2023,PA,42025,Probable,Male,20+,6
2023,PA,42025,Probable,Female,20+,7
2023,PA,42025,Probable,Female,Suppressed,3
2023,PA,42027,Probable,Male,0-19,31
2023,PA,42027,Probable,Male,20+,145
2023,PA,42027,Probable,Female,0-19,21
2023,PA,42027,Probable,Female,20+,106
2023,PA,42029,Probable,Male,0-19,71
2023,PA,42029,Probable,Male,20+,445
2023,PA,42029,Probable,Female,0-19,62
2023,PA,42029,Probable,Female,20+,356
2023,PA,42031,Probable,Male,0-19,25
2023,PA,42031,Probable,Male,20+,100
2023,PA,42031,Probable,Female,0-19,14
2023,PA,42031,Probable,Female,20+,61
2023,PA,42033,Probable,Male,0-19,38
2023,PA,42033,Probable,Male,20+,148
2023,PA,42033,Probable,Female,0-19,26
2023,PA,42033,Probable,Female,20+,96
2023,PA,42035,Probable,Male,0-19,5
2023,PA,42035,Probable,Male,20+,26
2023,PA,42035,Probable,Female,20+,17
2023,PA,42035,Probable,Female,Suppressed,3
2023,PA,42037,Probable,Male,20+,16
2023,PA,42037,Probable,Female,20+,14
2023,PA,42037,Probable,Female,Suppressed,2
2023,PA,42039,Probable,Male,0-19,64
2023,PA,42039,Probable,Male,20+,202
2023,PA,42039,Probable,Female,0-19,43
2023,PA,42039,Probable,Female,20+,130
2023,PA,42039,Probable,Suppressed,0-19,1
2023,PA,42041,Probable,Male,0-19,25
2023,PA,42041,Probable,Male,20+,107
2023,PA,42041,Probable,Female,0-19,19
2023,PA,42041,Probable,Female,20+,73
2023,PA,42043,Probable,Male,0-19,21
2023,PA,42043,Probable,Male,20+,98
2023,PA,42043,Probable,Female,0-19,13
2023,PA,42043,Probable,Female,20+,87
2023,PA,42045,Probable,Male,0-19,37
2023,PA,42045,Probable,Male,20+,209
2023,PA,42045,Probable,Female,0-19,22
2023,PA,42045,Probable,Female,20+,168
2023,PA,42047,Probable,Male,0-19,7
2023,PA,42047,Probable,Male,20+,71
2023,PA,42047,Probable,Female,0-19,6
2023,PA,42047,Probable,Female,20+,29
2023,PA,42049,Probable,Male,0-19,36
2023,PA,42049,Probable,Male,20+,211
2023,PA,42049,Probable,Female,0-19,25
2023,PA,42049,Probable,Female,20+,102
2023,PA,42051,Probable,Male,0-19,27
2023,PA,42051,Probable,Male,20+,96
2023,PA,42051,Probable,Female,0-19,13
2023,PA,42051,Probable,Female,20+,79
2023,PA,42053,Probable,Male,0-19,6
2023,PA,42053,Probable,Male,20+,24
2023,PA,42053,Probable,Female,20+,8
2023,PA,42053,Probable,Female,Suppressed,2
2023,PA,42055,Probable,Male,0-19,13
2023,PA,42055,Probable,Male,20+,64
2023,PA,42055,Probable,Female,0-19,13
2023,PA,42055,Probable,Female,20+,40
2023,PA,42057,Probable,Male,20+,5
2023,PA,42057,Probable,Male,Suppressed,4
2023,PA,42057,Probable,Female,20+,13
2023,PA,42057,Probable,Female,Suppressed,2
2023,PA,42059,Probable,Male,0-19,12
2023,PA,42059,Probable,Male,20+,61
2023,PA,42059,Probable,Female,0-19,5
2023,PA,42059,Probable,Female,20+,39
2023,PA,42061,Probable,Male,0-19,11
2023,PA,42061,Probable,Male,20+,74
2023,PA,42061,Probable,Female,0-19,5
2023,PA,42061,Probable,Female,20+,43
2023,PA,42063,Probable,Male,0-19,16
2023,PA,42063,Probable,Male,20+,117
2023,PA,42063,Probable,Female,0-19,13
2023,PA,42063,Probable,Female,20+,85
2023,PA,42065,Probable,Male,0-19,33
2023,PA,42065,Probable,Male,20+,155
2023,PA,42065,Probable,Female,0-19,25
2023,PA,42065,Probable,Female,20+,113
2023,PA,42067,Probable,Male,20+,14
2023,PA,42067,Probable,Male,Suppressed,4
2023,PA,42067,Probable,Female,20+,8
2023,PA,42067,Probable,Female,Suppressed,3
2023,PA,42069,Probable,Male,0-19,18
2023,PA,42069,Probable,Male,20+,76
2023,PA,42069,Probable,Female,0-19,11
2023,PA,42069,Probable,Female,20+,45
2023,PA,42071,Probable,Male,0-19,81
2023,PA,42071,Probable,Male,20+,238
2023,PA,42071,Probable,Female,0-19,44
2023,PA,42071,Probable,Female,20+,160
2023,PA,42073,Probable,Male,0-19,23
2023,PA,42073,Probable,Male,20+,57
2023,PA,42073,Probable,Female,0-19,11
2023,PA,42073,Probable,Female,20+,46
2023,PA,42075,Probable,Male,0-19,17
2023,PA,42075,Probable,Male,20+,118
2023,PA,42075,Probable,Female,0-19,9
2023,PA,42075,Probable,Female,20+,40
2023,PA,42075,Probable,Suppressed,0-19,1
2023,PA,42077,Probable,Male,20+,33
2023,PA,42077,Probable,Male,Suppressed,4
2023,PA,42077,Probable,Female,20+,18
2023,PA,42077,Probable,Female,Suppressed,4
2023,PA,42079,Probable,Male,0-19,14
2023,PA,42079,Probable,Male,20+,63
2023,PA,42079,Probable,Female,0-19,9
2023,PA,42079,Probable,Female,20+,43
2023,PA,42081,Probable,Male,0-19,19
2023,PA,42081,Probable,Male,20+,66
2023,PA,42081,Probable,Female,0-19,15
2023,PA,42081,Probable,Female,20+,43
2023,PA,42083,Probable,Male,0-19,25
2023,PA,42083,Probable,Male,20+,77
2023,PA,42083,Probable,Female,0-19,12
2023,PA,42083,Probable,Female,20+,48
2023,PA,42085,Probable,Male,0-19,33
2023,PA,42085,Probable,Male,20+,100
2023,PA,42085,Probable,Female,0-19,18
2023,PA,42085,Probable,Female,20+,87
2023,PA,42087,Probable,Male,0-19,9
2023,PA,42087,Probable,Male,20+,19
2023,PA,42087,Probable,Female,20+,14
2023,PA,42087,Probable,Female,Suppressed,3
2023,PA,42089,Probable,Male,20+,51
2023,PA,42089,Probable,Male,Suppressed,4
2023,PA,42089,Probable,Female,0-19,7
2023,PA,42089,Probable,Female,20+,36
2023,PA,42091,Probable,Male,0-19,65
2023,PA,42091,Probable,Male,20+,339
2023,PA,42091,Probable,Female,0-19,46
2023,PA,42091,Probable,Female,20+,264
2023,PA,42093,Probable,Male,20+,7
2023,PA,42093,Probable,Male,Suppressed,2
2023,PA,42093,Probable,Suppressed,20+,1
2023,PA,42093,Probable,Suppressed,Suppressed,1
2023,PA,42095,Probable,Male,0-19,9
2023,PA,42095,Probable,Male,20+,60
2023,PA,42095,Probable,Female,20+,38
2023,PA,42095,Probable,Female,Suppressed,4
2023,PA,42097,Probable,Male,20+,27
2023,PA,42097,Probable,Male,Suppressed,4
2023,PA,42097,Probable,Female,20+,14
2023,PA,42097,Probable,Female,Suppressed,2
2023,PA,42099,Probable,Male,0-19,10
2023,PA,42099,Probable,Male,20+,61
2023,PA,42099,Probable,Female,0-19,6
2023,PA,42099,Probable,Female,20+,38
2023,PA,42101,Probable,Male,0-19,26
2023,PA,42101,Probable,Male,20+,151
2023,PA,42101,Probable,Female,0-19,32
2023,PA,42101,Probable,Female,20+,147
2023,PA,42103,Probable,Male,0-19,10
2023,PA,42103,Probable,Male,20+,74
2023,PA,42103,Probable,Female,0-19,7
2023,PA,42103,Probable,Female,20+,62
2023,PA,42103,Probable,Suppressed,20+,2
2023,PA,42105,Probable,Male,0-19,14
2023,PA,42105,Probable,Male,20+,49
2023,PA,42105,Probable,Female,0-19,5
2023,PA,42105,Probable,Female,20+,38
2023,PA,42107,Probable,Male,0-19,5
2023,PA,42107,Probable,Male,20+,38
2023,PA,42107,Probable,Female,0-19,6
2023,PA,42107,Probable,Female,20+,24
2023,PA,42109,Probable,Male,0-19,5
2023,PA,42109,Probable,Male,20+,20
2023,PA,42109,Probable,Female,20+,7
2023,PA,42109,Probable,Female,Suppressed,3
2023,PA,42111,Probable,Male,0-19,18
2023,PA,42111,Probable,Male,20+,95
2023,PA,42111,Probable,Female,0-19,15
2023,PA,42111,Probable,Female,20+,75
2023,PA,42113,Probable,Male,20+,6
2023,PA,42113,Probable,Female,20+,5
2023,PA,42115,Probable,Male,0-19,16
2023,PA,42115,Probable,Male,20+,82
2023,PA,42115,Probable,Female,0-19,10
2023,PA,42115,Probable,Female,20+,46
2023,PA,42117,Probable,Male,0-19,17
2023,PA,42117,Probable,Male,20+,51
2023,PA,42117,Probable,Female,0-19,9
2023,PA,42117,Probable,Female,20+,44
2023,PA,42119,Probable,Male,0-19,9
2023,PA,42119,Probable,Male,20+,16
2023,PA,42119,Probable,Female,0-19,5
2023,PA,42119,Probable,Female,20+,10
2023,PA,42121,Probable,Male,0-19,19
2023,PA,42121,Probable,Male,20+,151
2023,PA,42121,Probable,Female,0-19,19
2023,PA,42121,Probable,Female,20+,107
2023,PA,42123,Probable,Male,0-19,30
2023,PA,42123,Probable,Male,20+,107
2023,PA,42123,Probable,Female,0-19,18
2023,PA,42123,Probable,Female,20+,74
2023,PA,42123,Probable,Suppressed,20+,2
2023,PA,42125,Probable,Male,0-19,41
2023,PA,42125,Probable,Male,20+,224
2023,PA,42125,Probable,Female,0-19,14
2023,PA,42125,Probable,Female,20+,179
2023,PA,42127,Probable,Male,0-19,19
2023,PA,42127,Probable,Male,20+,138
2023,PA,42127,Probable,Female,0-19,6
2023,PA,42127,Probable,Female,20+,96
2023,PA,42127,Probable,Suppressed,20+,1
2023,PA,42129,Probable,Male,0-19,109
2023,PA,42129,Probable,Male,20+,462
2023,PA,42129,Probable,Female,0-19,45
2023,PA,42129,Probable,Female,20+,365
2023,PA,42129,Probable,Suppressed,20+,1
2023,PA,42131,Probable,Male,0-19,7
2023,PA,42131,Probable,Male,20+,28
2023,PA,42131,Probable,Female,0-19,6
2023,PA,42131,Probable,Female,20+,15
2023,PA,42133,Probable,Male,0-19,63
2023,PA,42133,Probable,Male,20+,267
2023,PA,42133,Probable,Female,0-19,37
2023,PA,42133,Probable,Female,20+,188
2023,RI,44001,Probable,Male,0-19,18
2023,RI,44001,Probable,Male,20+,69
2023,RI,44001,Probable,Female,20+,52
2023,RI,44001,Probable,Female,Suppressed,4
2023,RI,44003,Probable,Male,0-19,33
2023,RI,44003,Probable,Male,20+,179
2023,RI,44003,Probable,Female,0-19,27
2023,RI,44003,Probable,Female,20+,138
2023,RI,44005,Probable,Male,0-19,15
2023,RI,44005,Probable,Male,20+,199
2023,RI,44005,Probable,Female,0-19,16
2023,RI,44005,Probable,Female,20+,148
2023,RI,44007,Probable,Male,0-19,78
2023,RI,44007,Probable,Male,20+,479
2023,RI,44007,Probable,Female,0-19,56
2023,RI,44007,Probable,Female,20+,387
2023,RI,44009,Probable,Male,0-19,66
2023,RI,44009,Probable,Male,20+,481
2023,RI,44009,Probable,Female,0-19,52
2023,RI,44009,Probable,Female,20+,355
2023,SC,45013,Confirmed,Male,20+,7
2023,SC,45013,Probable,Suppressed,20+,1
2023,SC,45019,Confirmed,Female,Suppressed,3
2023,SC,45019,Probable,Female,Suppressed,2
2023,SC,Suppressed,Confirmed,Male,Suppressed,1
2023,SC,Suppressed,Confirmed,Female,20+,8
2023,SC,Suppressed,Confirmed,Suppressed,20+,8
2023,SC,Suppressed,Confirmed,Suppressed,Suppressed,16
2023,SC,Suppressed,Probable,Female,20+,5
2023,SC,Suppressed,Probable,Suppressed,20+,1
2023,SC,Suppressed,Probable,Suppressed,Suppressed,3
2023,SD,Suppressed,Confirmed,Female,Suppressed,3
2023,SD,Suppressed,Probable,Female,Suppressed,2
2023,TN,47093,Confirmed,Suppressed,Suppressed,5
2023,TN,47179,Confirmed,Female,Suppressed,6
2023,TN,Suppressed,Confirmed,Female,20+,1
2023,TN,Suppressed,Confirmed,Suppressed,Suppressed,23
2023,TN,Suppressed,Probable,Female,20+,4
2023,TN,Suppressed,Probable,Suppressed,Suppressed,11
2023,TX,Suppressed,Confirmed,Male,0-19,5
2023,TX,Suppressed,Confirmed,Female,20+,7
2023,TX,Suppressed,Confirmed,Suppressed,Suppressed,13
2023,TX,Suppressed,Probable,Suppressed,Suppressed,2
2023,UT,49035,Confirmed,Male,20+,2
2023,UT,49035,Confirmed,Suppressed,Suppressed,1
2023,UT,49035,Probable,Male,20+,5
2023,UT,49035,Probable,Male,Suppressed,1
2023,UT,Suppressed,Confirmed,Male,20+,2
2023,UT,Suppressed,Confirmed,Suppressed,Suppressed,1
2023,UT,Suppressed,Probable,Suppressed,20+,1
2023,UT,Suppressed,Probable,Suppressed,Suppressed,3
2023,VA,51001,Probable,Male,20+,6
2023,VA,51001,Probable,Female,20+,5
2023,VA,51003,Probable,Male,20+,12
2023,VA,51003,Probable,Male,Suppressed,2
2023,VA,51003,Probable,Female,20+,9
2023,VA,51003,Probable,Female,Suppressed,2
2023,VA,51013,Probable,Male,20+,13
2023,VA,51013,Probable,Male,Suppressed,2
2023,VA,51013,Probable,Female,20+,11
2023,VA,51013,Probable,Female,Suppressed,1
2023,VA,51015,Probable,Male,20+,10
2023,VA,51015,Probable,Male,Suppressed,3
2023,VA,51015,Probable,Female,20+,5
2023,VA,51015,Probable,Female,Suppressed,1
2023,VA,51017,Probable,Male,20+,5
2023,VA,51017,Probable,Female,20+,9
2023,VA,51019,Probable,Female,20+,5
2023,VA,51019,Probable,Suppressed,Suppressed,2
2023,VA,51021,Probable,Suppressed,Suppressed,5
2023,VA,51023,Probable,Suppressed,Suppressed,8
2023,VA,51035,Probable,Male,0-19,10
2023,VA,51035,Probable,Male,20+,30
2023,VA,51035,Probable,Female,0-19,7
2023,VA,51035,Probable,Female,20+,22
2023,VA,51037,Probable,Suppressed,Suppressed,5
2023,VA,51041,Probable,Male,20+,18
2023,VA,51041,Probable,Male,Suppressed,1
2023,VA,51041,Probable,Female,0-19,7
2023,VA,51041,Probable,Female,20+,9
2023,VA,51043,Probable,Male,20+,6
2023,VA,51043,Probable,Male,Suppressed,1
2023,VA,51043,Probable,Suppressed,20+,3
2023,VA,51043,Probable,Suppressed,Suppressed,1
2023,VA,51047,Probable,Male,20+,9
2023,VA,51047,Probable,Male,Suppressed,2
2023,VA,51047,Probable,Female,20+,11
2023,VA,51047,Probable,Female,Suppressed,1
2023,VA,51059,Probable,Male,0-19,13
2023,VA,51059,Probable,Male,20+,61
2023,VA,51059,Probable,Female,0-19,7
2023,VA,51059,Probable,Female,20+,53
2023,VA,51061,Probable,Male,20+,34
2023,VA,51061,Probable,Male,Suppressed,4
2023,VA,51061,Probable,Female,20+,22
2023,VA,51061,Probable,Female,Suppressed,3
2023,VA,51063,Probable,Male,0-19,11
2023,VA,51063,Probable,Male,20+,26
2023,VA,51063,Probable,Female,20+,21
2023,VA,51063,Probable,Female,Suppressed,2
2023,VA,51067,Probable,Male,Suppressed,5
2023,VA,51067,Probable,Female,20+,6
2023,VA,51067,Probable,Female,Suppressed,2
2023,VA,51069,Probable,Male,20+,28
2023,VA,51069,Probable,Male,Suppressed,4
2023,VA,51069,Probable,Female,20+,16
2023,VA,51069,Probable,Female,Suppressed,3
2023,VA,51071,Probable,Male,20+,7
2023,VA,51071,Probable,Male,Suppressed,4
2023,VA,51071,Probable,Female,20+,7
2023,VA,51071,Probable,Female,Suppressed,2
2023,VA,51077,Probable,Male,20+,23
2023,VA,51077,Probable,Male,Suppressed,4
2023,VA,51077,Probable,Female,20+,15
2023,VA,51077,Probable,Female,Suppressed,1
2023,VA,51085,Probable,Male,20+,8
2023,VA,51085,Probable,Male,Suppressed,3
2023,VA,51085,Probable,Suppressed,20+,4
2023,VA,51085,Probable,Suppressed,Suppressed,1
2023,VA,51087,Probable,Male,20+,10
2023,VA,51087,Probable,Male,Suppressed,3
2023,VA,51087,Probable,Suppressed,20+,4
2023,VA,51087,Probable,Suppressed,Suppressed,2
2023,VA,51089,Probable,Male,20+,5
2023,VA,51089,Probable,Suppressed,Suppressed,2
2023,VA,51091,Probable,Male,20+,5
2023,VA,51091,Probable,Male,Suppressed,3
2023,VA,51091,Probable,Suppressed,20+,3
2023,VA,51091,Probable,Suppressed,Suppressed,1
2023,VA,51107,Probable,Male,0-19,11
2023,VA,51107,Probable,Male,20+,49
2023,VA,51107,Probable,Female,0-19,5
2023,VA,51107,Probable,Female,20+,33
2023,VA,51109,Probable,Suppressed,Suppressed,7
2023,VA,51113,Probable,Male,Suppressed,5
2023,VA,51121,Probable,Male,0-19,8
2023,VA,51121,Probable,Male,20+,29
2023,VA,51121,Probable,Female,0-19,5
2023,VA,51121,Probable,Female,20+,29
2023,VA,51125,Probable,Male,20+,7
2023,VA,51125,Probable,Male,Suppressed,1
2023,VA,51125,Probable,Suppressed,20+,3
2023,VA,51135,Probable,Suppressed,Suppressed,5
2023,VA,51137,Probable,Male,Suppressed,5
2023,VA,51139,Probable,Suppressed,Suppressed,5
2023,VA,51141,Probable,Male,20+,5
2023,VA,51141,Probable,Female,20+,11
2023,VA,51141,Probable,Female,Suppressed,2
2023,VA,51153,Probable,Male,20+,16
2023,VA,51153,Probable,Male,Suppressed,3
2023,VA,51153,Probable,Female,0-19,6
2023,VA,51153,Probable,Female,20+,26
2023,VA,51155,Probable,Male,20+,25
2023,VA,51155,Probable,Male,Suppressed,4
2023,VA,51155,Probable,Female,20+,17
2023,VA,51155,Probable,Female,Suppressed,3
2023,VA,51157,Probable,Male,20+,9
2023,VA,51157,Probable,Male,Suppressed,2
2023,VA,51157,Probable,Female,20+,7
2023,VA,51157,Probable,Female,Suppressed,2
2023,VA,51161,Probable,Male,20+,13
2023,VA,51161,Probable,Female,20+,10
2023,VA,51161,Probable,Female,Suppressed,1
2023,VA,51163,Probable,Suppressed,Suppressed,7
2023,VA,51165,Probable,Male,20+,15
2023,VA,51165,Probable,Male,Suppressed,4
2023,VA,51165,Probable,Female,20+,8
2023,VA,51165,Probable,Female,Suppressed,2
2023,VA,51167,Probable,Suppressed,Suppressed,5
2023,VA,51171,Probable,Male,20+,10
2023,VA,51171,Probable,Male,Suppressed,2
2023,VA,51171,Probable,Female,20+,15
2023,VA,51171,Probable,Female,Suppressed,1
2023,VA,51173,Probable,Male,Suppressed,5
2023,VA,51177,Probable,Male,Suppressed,5
2023,VA,51177,Probable,Female,20+,8
2023,VA,51177,Probable,Female,Suppressed,2
2023,VA,51179,Probable,Male,Suppressed,7
2023,VA,51179,Probable,Female,20+,6
2023,VA,51179,Probable,Female,Suppressed,2
2023,VA,51185,Probable,Male,20+,6
2023,VA,51185,Probable,Male,Suppressed,4
2023,VA,51185,Probable,Female,20+,10
2023,VA,51187,Probable,Male,0-19,6
2023,VA,51187,Probable,Male,20+,11
2023,VA,51187,Probable,Female,20+,12
2023,VA,51187,Probable,Female,Suppressed,4
2023,VA,51197,Probable,Male,20+,18
2023,VA,51197,Probable,Male,Suppressed,3
2023,VA,51197,Probable,Female,20+,15
2023,VA,51197,Probable,Female,Suppressed,3
2023,VA,51199,Probable,Suppressed,Suppressed,5
2023,VA,51510,Probable,Male,20+,10
2023,VA,51510,Probable,Male,Suppressed,1
2023,VA,51510,Probable,Female,20+,10
2023,VA,51510,Probable,Female,Suppressed,1
2023,VA,51540,Probable,Male,20+,8
2023,VA,51540,Probable,Female,20+,5
2023,VA,51550,Probable,Suppressed,Suppressed,5
2023,VA,51580,Probable,Suppressed,Suppressed,7
2023,VA,51640,Probable,Male,20+,5
2023,VA,51640,Probable,Male,Suppressed,1
2023,VA,51640,Probable,Female,20+,5
2023,VA,51640,Probable,Female,Suppressed,1
2023,VA,51650,Probable,Suppressed,Suppressed,7
2023,VA,51660,Probable,Male,20+,9
2023,VA,51660,Probable,Male,Suppressed,1
2023,VA,51660,Probable,Female,20+,6
2023,VA,51660,Probable,Female,Suppressed,2
2023,VA,51680,Probable,Female,20+,7
2023,VA,51680,Probable,Female,Suppressed,2
2023,VA,51680,Probable,Suppressed,Suppressed,4
2023,VA,51700,Probable,Suppressed,Suppressed,5
2023,VA,51710,Probable,Suppressed,Suppressed,5
2023,VA,51750,Probable,Male,20+,7
2023,VA,51750,Probable,Male,Suppressed,1
2023,VA,51750,Probable,Female,20+,5
2023,VA,51750,Probable,Female,Suppressed,1
2023,VA,51770,Probable,Male,20+,5
2023,VA,51770,Probable,Male,Suppressed,1
2023,VA,51770,Probable,Female,20+,5
2023,VA,51770,Probable,Female,Suppressed,2
2023,VA,51775,Probable,Male,Suppressed,5
2023,VA,51790,Probable,Suppressed,Suppressed,5
2023,VA,51810,Probable,Male,20+,9
2023,VA,51810,Probable,Male,Suppressed,3
2023,VA,51810,Probable,Female,20+,11
2023,VA,51820,Probable,Suppressed,Suppressed,5
2023,VA,51840,Probable,Male,20+,6
2023,VA,51840,Probable,Male,Suppressed,1
2023,VA,51840,Probable,Female,20+,7
2023,VA,51840,Probable,Female,Suppressed,1
2023,VA,Unknown,Probable,Male,0-19,22
2023,VA,Unknown,Probable,Male,20+,75
2023,VA,Unknown,Probable,Female,0-19,14
2023,VA,Unknown,Probable,Female,20+,51
2023,VA,Suppressed,Probable,Male,0-19,7
2023,VA,Suppressed,Probable,Female,20+,27
2023,VA,Suppressed,Probable,Suppressed,Suppressed,97
2023,VT,50001,Probable,Male,0-19,19
2023,VT,50001,Probable,Male,20+,58
2023,VT,50001,Probable,Female,0-19,8
2023,VT,50001,Probable,Female,20+,43
2023,VT,50003,Probable,Male,0-19,11
2023,VT,50003,Probable,Male,20+,82
2023,VT,50003,Probable,Female,0-19,11
2023,VT,50003,Probable,Female,20+,45
2023,VT,50005,Probable,Male,0-19,5
2023,VT,50005,Probable,Male,20+,33
2023,VT,50005,Probable,Female,0-19,5
2023,VT,50005,Probable,Female,20+,26
2023,VT,50007,Probable,Male,0-19,20
2023,VT,50007,Probable,Male,20+,143
2023,VT,50007,Probable,Female,0-19,15
2023,VT,50007,Probable,Female,20+,118
2023,VT,50011,Probable,Male,0-19,8
2023,VT,50011,Probable,Male,20+,29
2023,VT,50011,Probable,Female,20+,30
2023,VT,50011,Probable,Female,Suppressed,4
2023,VT,50013,Probable,Male,20+,11
2023,VT,50013,Probable,Male,Suppressed,1
2023,VT,50013,Probable,Female,20+,6
2023,VT,50013,Probable,Female,Suppressed,1
2023,VT,50015,Probable,Male,0-19,6
2023,VT,50015,Probable,Male,20+,15
2023,VT,50015,Probable,Female,20+,9
2023,VT,50015,Probable,Female,Suppressed,4
2023,VT,50017,Probable,Male,0-19,5
2023,VT,50017,Probable,Male,20+,41
2023,VT,50017,Probable,Female,20+,29
2023,VT,50017,Probable,Female,Suppressed,2
2023,VT,50019,Probable,Male,20+,8
2023,VT,50019,Probable,Female,20+,10
2023,VT,50019,Probable,Female,Suppressed,1
2023,VT,50021,Probable,Male,20+,30
2023,VT,50021,Probable,Male,Suppressed,1
2023,VT,50021,Probable,Female,20+,19
2023,VT,50021,Probable,Female,Suppressed,1
2023,VT,50023,Probable,Male,0-19,12
2023,VT,50023,Probable,Male,20+,51
2023,VT,50023,Probable,Female,0-19,6
2023,VT,50023,Probable,Female,20+,48
2023,VT,50025,Probable,Male,0-19,12
2023,VT,50025,Probable,Male,20+,85
2023,VT,50025,Probable,Female,0-19,11
2023,VT,50025,Probable,Female,20+,72
2023,VT,50027,Probable,Male,0-19,16
2023,VT,50027,Probable,Male,20+,107
2023,VT,50027,Probable,Female,0-19,11
2023,VT,50027,Probable,Female,20+,95
2023,VT,Suppressed,Probable,Male,20+,3
2023,VT,Suppressed,Probable,Male,Suppressed,1
2023,VT,Suppressed,Probable,Suppressed,20+,2
2023,WA,Suppressed,Confirmed,Suppressed,20+,8
2023,WA,Suppressed,Confirmed,Suppressed,Suppressed,17
2023,WI,55001,Probable,Male,0-19,6
2023,WI,55001,Probable,Male,20+,27
2023,WI,55001,Probable,Female,0-19,6
2023,WI,55001,Probable,Female,20+,40
2023,WI,55003,Probable,Male,20+,11
2023,WI,55003,Probable,Male,Suppressed,2
2023,WI,55003,Probable,Female,20+,7
2023,WI,55005,Probable,Male,20+,52
2023,WI,55005,Probable,Male,Suppressed,3
2023,WI,55005,Probable,Female,0-19,6
2023,WI,55005,Probable,Female,20+,45
2023,WI,55007,Probable,Male,20+,24
2023,WI,55007,Probable,Male,Suppressed,3
2023,WI,55007,Probable,Female,20+,18
2023,WI,55007,Probable,Female,Suppressed,3
2023,WI,55009,Probable,Male,0-19,20
2023,WI,55009,Probable,Male,20+,88
2023,WI,55009,Probable,Female,0-19,10
2023,WI,55009,Probable,Female,20+,72
2023,WI,55011,Probable,Male,20+,18
2023,WI,55011,Probable,Male,Suppressed,1
2023,WI,55011,Probable,Female,0-19,6
2023,WI,55011,Probable,Female,20+,19
2023,WI,55013,Probable,Male,20+,41
2023,WI,55013,Probable,Male,Suppressed,4
2023,WI,55013,Probable,Female,20+,24
2023,WI,55013,Probable,Female,Suppressed,3
2023,WI,55015,Probable,Male,20+,11
2023,WI,55015,Probable,Male,Suppressed,1
2023,WI,55015,Probable,Female,20+,6
2023,WI,55015,Probable,Female,Suppressed,3
2023,WI,55017,Probable,Male,0-19,9
2023,WI,55017,Probable,Male,20+,60
2023,WI,55017,Probable,Female,0-19,9
2023,WI,55017,Probable,Female,20+,57
2023,WI,55019,Probable,Male,0-19,6
2023,WI,55019,Probable,Male,20+,38
2023,WI,55019,Probable,Female,0-19,5
2023,WI,55019,Probable,Female,20+,25
2023,WI,55021,Probable,Male,0-19,11
2023,WI,55021,Probable,Male,20+,43
2023,WI,55021,Probable,Female,0-19,7
2023,WI,55021,Probable,Female,20+,21
2023,WI,55023,Probable,Male,20+,18
2023,WI,55023,Probable,Female,20+,12
2023,WI,55025,Probable,Male,0-19,37
2023,WI,55025,Probable,Male,20+,142
2023,WI,55025,Probable,Female,0-19,18
2023,WI,55025,Probable,Female,20+,98
2023,WI,55027,Probable,Male,20+,16
2023,WI,55027,Probable,Male,Suppressed,1
2023,WI,55027,Probable,Female,20+,15
2023,WI,55027,Probable,Female,Suppressed,1
2023,WI,55029,Probable,Male,0-19,5
2023,WI,55029,Probable,Male,20+,37
2023,WI,55029,Probable,Female,20+,39
2023,WI,55029,Probable,Female,Suppressed,3
2023,WI,55031,Probable,Male,0-19,9
2023,WI,55031,Probable,Male,20+,23
2023,WI,55031,Probable,Female,0-19,6
2023,WI,55031,Probable,Female,20+,36
2023,WI,55033,Probable,Male,0-19,14
2023,WI,55033,Probable,Male,20+,54
2023,WI,55033,Probable,Female,0-19,6
2023,WI,55033,Probable,Female,20+,42
2023,WI,55035,Probable,Male,0-19,21
2023,WI,55035,Probable,Male,20+,113
2023,WI,55035,Probable,Female,0-19,22
2023,WI,55035,Probable,Female,20+,73
2023,WI,55037,Probable,Male,20+,17
2023,WI,55037,Probable,Male,Suppressed,1
2023,WI,55037,Probable,Female,20+,9
2023,WI,55039,Probable,Male,0-19,9
2023,WI,55039,Probable,Male,20+,24
2023,WI,55039,Probable,Female,20+,24
2023,WI,55039,Probable,Female,Suppressed,1
2023,WI,55041,Probable,Male,20+,15
2023,WI,55041,Probable,Female,20+,11
2023,WI,55041,Probable,Female,Suppressed,1
2023,WI,55043,Probable,Male,0-19,6
2023,WI,55043,Probable,Male,20+,26
2023,WI,55043,Probable,Female,0-19,6
2023,WI,55043,Probable,Female,20+,17
2023,WI,55045,Probable,Male,20+,8
2023,WI,55045,Probable,Male,Suppressed,2
2023,WI,55045,Probable,Female,20+,5
2023,WI,55045,Probable,Female,Suppressed,1
2023,WI,55047,Probable,Male,20+,16
2023,WI,55047,Probable,Male,Suppressed,1
2023,WI,55047,Probable,Suppressed,20+,3
2023,WI,55047,Probable,Suppressed,Suppressed,2
2023,WI,55049,Probable,Male,20+,23
2023,WI,55049,Probable,Male,Suppressed,4
2023,WI,55049,Probable,Female,20+,17
2023,WI,55049,Probable,Female,Suppressed,3
2023,WI,55051,Probable,Male,20+,5
2023,WI,55051,Probable,Suppressed,20+,1
2023,WI,55053,Probable,Male,0-19,8
2023,WI,55053,Probable,Male,20+,56
2023,WI,55053,Probable,Female,0-19,6
2023,WI,55053,Probable,Female,20+,43
2023,WI,55055,Probable,Male,0-19,8
2023,WI,55055,Probable,Male,20+,13
2023,WI,55055,Probable,Female,0-19,5
2023,WI,55055,Probable,Female,20+,11
2023,WI,55057,Probable,Male,0-19,8
2023,WI,55057,Probable,Male,20+,33
2023,WI,55057,Probable,Female,20+,38
2023,WI,55057,Probable,Female,Suppressed,4
2023,WI,55059,Probable,Male,20+,18
2023,WI,55059,Probable,Male,Suppressed,3
2023,WI,55059,Probable,Female,20+,21
2023,WI,55059,Probable,Female,Suppressed,2
2023,WI,55061,Probable,Male,20+,6
2023,WI,55061,Probable,Male,Suppressed,3
2023,WI,55061,Probable,Suppressed,20+,4
2023,WI,55061,Probable,Suppressed,Suppressed,1
2023,WI,55063,Probable,Male,0-19,12
2023,WI,55063,Probable,Male,20+,74
2023,WI,55063,Probable,Female,0-19,17
2023,WI,55063,Probable,Female,20+,64
2023,WI,55067,Probable,Male,0-19,7
2023,WI,55067,Probable,Male,20+,20
2023,WI,55067,Probable,Female,20+,15
2023,WI,55067,Probable,Female,Suppressed,4
2023,WI,55069,Probable,Male,20+,44
2023,WI,55069,Probable,Male,Suppressed,4
2023,WI,55069,Probable,Female,20+,31
2023,WI,55069,Probable,Female,Suppressed,4
2023,WI,55071,Probable,Male,0-19,8
2023,WI,55071,Probable,Male,20+,21
2023,WI,55071,Probable,Female,20+,16
2023,WI,55071,Probable,Female,Suppressed,3
2023,WI,55073,Probable,Male,0-19,24
2023,WI,55073,Probable,Male,20+,129
2023,WI,55073,Probable,Female,0-19,20
2023,WI,55073,Probable,Female,20+,72
2023,WI,55075,Probable,Male,0-19,14
2023,WI,55075,Probable,Male,20+,59
2023,WI,55075,Probable,Female,0-19,12
2023,WI,55075,Probable,Female,20+,60
2023,WI,55077,Probable,Male,0-19,5
2023,WI,55077,Probable,Male,20+,31
2023,WI,55077,Probable,Female,20+,25
2023,WI,55077,Probable,Female,Suppressed,4
2023,WI,55078,Probable,Suppressed,20+,6
2023,WI,55079,Probable,Male,0-19,18
2023,WI,55079,Probable,Male,20+,91
2023,WI,55079,Probable,Female,0-19,14
2023,WI,55079,Probable,Female,20+,76
2023,WI,55081,Probable,Male,0-19,9
2023,WI,55081,Probable,Male,20+,47
2023,WI,55081,Probable,Female,0-19,11
2023,WI,55081,Probable,Female,20+,44
2023,WI,55083,Probable,Male,0-19,13
2023,WI,55083,Probable,Male,20+,53
2023,WI,55083,Probable,Female,0-19,7
2023,WI,55083,Probable,Female,20+,30
2023,WI,55085,Probable,Male,0-19,12
2023,WI,55085,Probable,Male,20+,73
2023,WI,55085,Probable,Female,20+,50
2023,WI,55085,Probable,Female,Suppressed,4
2023,WI,55087,Probable,Male,0-19,7
2023,WI,55087,Probable,Male,20+,61
2023,WI,55087,Probable,Female,0-19,5
2023,WI,55087,Probable,Female,20+,30
2023,WI,55089,Probable,Male,0-19,12
2023,WI,55089,Probable,Male,20+,34
2023,WI,55089,Probable,Female,0-19,6
2023,WI,55089,Probable,Female,20+,18
2023,WI,55091,Probable,Male,0-19,6
2023,WI,55091,Probable,Male,20+,10
2023,WI,55091,Probable,Female,20+,20
2023,WI,55091,Probable,Female,Suppressed,2
2023,WI,55093,Probable,Male,0-19,9
2023,WI,55093,Probable,Male,20+,29
2023,WI,55093,Probable,Female,20+,22
2023,WI,55093,Probable,Female,Suppressed,3
2023,WI,55095,Probable,Male,0-19,8
2023,WI,55095,Probable,Male,20+,57
2023,WI,55095,Probable,Female,0-19,6
2023,WI,55095,Probable,Female,20+,46
2023,WI,55097,Probable,Male,0-19,12
2023,WI,55097,Probable,Male,20+,75
2023,WI,55097,Probable,Female,0-19,10
2023,WI,55097,Probable,Female,20+,46
2023,WI,55099,Probable,Male,0-19,5
2023,WI,55099,Probable,Male,20+,19
2023,WI,55099,Probable,Female,20+,23
2023,WI,55099,Probable,Female,Suppressed,4
2023,WI,55101,Probable,Male,0-19,7
2023,WI,55101,Probable,Male,20+,28
2023,WI,55101,Probable,Female,20+,16
2023,WI,55101,Probable,Female,Suppressed,4
2023,WI,55103,Probable,Male,20+,18
2023,WI,55103,Probable,Male,Suppressed,2
2023,WI,55103,Probable,Female,0-19,6
2023,WI,55103,Probable,Female,20+,15
2023,WI,55105,Probable,Male,0-19,9
2023,WI,55105,Probable,Male,20+,31
2023,WI,55105,Probable,Female,0-19,9
2023,WI,55105,Probable,Female,20+,37
2023,WI,55107,Probable,Male,20+,24
2023,WI,55107,Probable,Male,Suppressed,1
2023,WI,55107,Probable,Female,20+,11
2023,WI,55107,Probable,Female,Suppressed,3
2023,WI,55109,Probable,Male,0-19,16
2023,WI,55109,Probable,Male,20+,60
2023,WI,55109,Probable,Female,0-19,8
2023,WI,55109,Probable,Female,20+,40
2023,WI,55111,Probable,Male,0-19,9
2023,WI,55111,Probable,Male,20+,47
2023,WI,55111,Probable,Female,0-19,10
2023,WI,55111,Probable,Female,20+,40
2023,WI,55113,Probable,Male,0-19,5
2023,WI,55113,Probable,Male,20+,27
2023,WI,55113,Probable,Female,20+,17
2023,WI,55113,Probable,Female,Suppressed,3
2023,WI,55115,Probable,Male,0-19,8
2023,WI,55115,Probable,Male,20+,49
2023,WI,55115,Probable,Female,20+,24
2023,WI,55115,Probable,Female,Suppressed,3
2023,WI,55117,Probable,Male,0-19,8
2023,WI,55117,Probable,Male,20+,42
2023,WI,55117,Probable,Female,0-19,5
2023,WI,55117,Probable,Female,20+,23
2023,WI,55119,Probable,Male,0-19,5
2023,WI,55119,Probable,Male,20+,7
2023,WI,55119,Probable,Female,20+,14
2023,WI,55121,Probable,Male,20+,52
2023,WI,55121,Probable,Male,Suppressed,2
2023,WI,55121,Probable,Female,0-19,10
2023,WI,55121,Probable,Female,20+,26
2023,WI,55123,Probable,Male,0-19,8
2023,WI,55123,Probable,Male,20+,29
2023,WI,55123,Probable,Female,0-19,7
2023,WI,55123,Probable,Female,20+,29
2023,WI,55125,Probable,Male,20+,23
2023,WI,55125,Probable,Male,Suppressed,4
2023,WI,55125,Probable,Female,20+,23
2023,WI,55125,Probable,Female,Suppressed,4
2023,WI,55127,Probable,Male,0-19,10
2023,WI,55127,Probable,Male,20+,31
2023,WI,55127,Probable,Female,20+,32
2023,WI,55127,Probable,Female,Suppressed,1
2023,WI,55127,Probable,Suppressed,20+,1
2023,WI,55129,Probable,Male,20+,30
2023,WI,55129,Probable,Male,Suppressed,4
2023,WI,55129,Probable,Female,20+,31
2023,WI,55129,Probable,Female,Suppressed,1
2023,WI,55131,Probable,Male,0-19,16
2023,WI,55131,Probable,Male,20+,72
2023,WI,55131,Probable,Female,0-19,12
2023,WI,55131,Probable,Female,20+,40
2023,WI,55133,Probable,Male,0-19,27
2023,WI,55133,Probable,Male,20+,129
2023,WI,55133,Probable,Female,0-19,12
2023,WI,55133,Probable,Female,20+,100
2023,WI,55135,Probable,Male,0-19,12
2023,WI,55135,Probable,Male,20+,54
2023,WI,55135,Probable,Female,0-19,5
2023,WI,55135,Probable,Female,20+,56
2023,WI,55137,Probable,Male,0-19,5
2023,WI,55137,Probable,Male,20+,29
2023,WI,55137,Probable,Female,20+,35
2023,WI,55137,Probable,Female,Suppressed,1
2023,WI,55139,Probable,Male,0-19,9
2023,WI,55139,Probable,Male,20+,45
2023,WI,55139,Probable,Female,0-19,8
2023,WI,55139,Probable,Female,20+,24
2023,WI,55141,Probable,Male,0-19,8
2023,WI,55141,Probable,Male,20+,54
2023,WI,55141,Probable,Female,0-19,9
2023,WI,55141,Probable,Female,20+,40
2023,WI,Unknown,Probable,Male,0-19,25
2023,WI,Unknown,Probable,Male,20+,93
2023,WI,Unknown,Probable,Female,0-19,11
2023,WI,Unknown,Probable,Female,20+,74
2023,WI,Unknown,Probable,Suppressed,20+,1
2023,WI,Suppressed,Probable,Female,20+,2
2023,WI,Suppressed,Probable,Suppressed,20+,1
2023,WI,Suppressed,Probable,Suppressed,Suppressed,2
2023,WV,54001,Probable,Male,0-19,11
2023,WV,54001,Probable,Male,20+,34
2023,WV,54001,Probable,Female,20+,17
2023,WV,54001,Probable,Female,Suppressed,4
2023,WV,54003,Probable,Male,0-19,13
2023,WV,54003,Probable,Male,20+,48
2023,WV,54003,Probable,Female,0-19,7
2023,WV,54003,Probable,Female,20+,40
2023,WV,54005,Probable,Male,20+,5
2023,WV,54005,Probable,Male,Suppressed,3
2023,WV,54005,Probable,Suppressed,20+,2
2023,WV,54005,Probable,Suppressed,Suppressed,1
2023,WV,54007,Probable,Male,0-19,6
2023,WV,54007,Probable,Male,20+,15
2023,WV,54007,Probable,Female,20+,20
2023,WV,54007,Probable,Female,Suppressed,2
2023,WV,54009,Probable,Male,0-19,8
2023,WV,54009,Probable,Male,20+,23
2023,WV,54009,Probable,Female,0-19,7
2023,WV,54009,Probable,Female,20+,26
2023,WV,54011,Probable,Male,0-19,6
2023,WV,54011,Probable,Male,20+,29
2023,WV,54011,Probable,Female,20+,17
2023,WV,54011,Probable,Female,Suppressed,4
2023,WV,54013,Probable,Male,20+,14
2023,WV,54013,Probable,Male,Suppressed,1
2023,WV,54013,Probable,Female,20+,8
2023,WV,54013,Probable,Female,Suppressed,2
2023,WV,54015,Probable,Male,20+,7
2023,WV,54015,Probable,Male,Suppressed,2
2023,WV,54015,Probable,Female,20+,7
2023,WV,54017,Probable,Male,20+,13
2023,WV,54017,Probable,Male,Suppressed,4
2023,WV,54017,Probable,Female,20+,8
2023,WV,54017,Probable,Female,Suppressed,2
2023,WV,54019,Probable,Male,20+,21
2023,WV,54019,Probable,Male,Suppressed,4
2023,WV,54019,Probable,Female,20+,14
2023,WV,54019,Probable,Female,Suppressed,1
2023,WV,54021,Probable,Male,20+,13
2023,WV,54021,Probable,Male,Suppressed,2
2023,WV,54021,Probable,Suppressed,20+,4
2023,WV,54021,Probable,Suppressed,Suppressed,1
2023,WV,54023,Probable,Male,20+,10
2023,WV,54023,Probable,Male,Suppressed,3
2023,WV,54023,Probable,Female,20+,16
2023,WV,54023,Probable,Female,Suppressed,1
2023,WV,54025,Probable,Male,0-19,12
2023,WV,54025,Probable,Male,20+,28
2023,WV,54025,Probable,Female,0-19,8
2023,WV,54025,Probable,Female,20+,24
2023,WV,54027,Probable,Male,0-19,7
2023,WV,54027,Probable,Male,20+,14
2023,WV,54027,Probable,Female,0-19,7
2023,WV,54027,Probable,Female,20+,18
2023,WV,54029,Probable,Male,0-19,12
2023,WV,54029,Probable,Male,20+,34
2023,WV,54029,Probable,Female,0-19,8
2023,WV,54029,Probable,Female,20+,27
2023,WV,54031,Probable,Male,20+,8
2023,WV,54031,Probable,Male,Suppressed,1
2023,WV,54031,Probable,Female,20+,17
2023,WV,54031,Probable,Female,Suppressed,2
2023,WV,54033,Probable,Male,0-19,20
2023,WV,54033,Probable,Male,20+,54
2023,WV,54033,Probable,Female,0-19,20
2023,WV,54033,Probable,Female,20+,41
2023,WV,54035,Probable,Male,0-19,7
2023,WV,54035,Probable,Male,20+,12
2023,WV,54035,Probable,Female,20+,11
2023,WV,54035,Probable,Female,Suppressed,2
2023,WV,54037,Probable,Male,0-19,5
2023,WV,54037,Probable,Male,20+,16
2023,WV,54037,Probable,Female,0-19,8
2023,WV,54037,Probable,Female,20+,23
2023,WV,54039,Probable,Male,0-19,30
2023,WV,54039,Probable,Male,20+,56
2023,WV,54039,Probable,Female,0-19,21
2023,WV,54039,Probable,Female,20+,56
2023,WV,54041,Probable,Male,0-19,10
2023,WV,54041,Probable,Male,20+,21
2023,WV,54041,Probable,Female,20+,18
2023,WV,54041,Probable,Female,Suppressed,4
2023,WV,54043,Probable,Male,20+,13
2023,WV,54043,Probable,Male,Suppressed,2
2023,WV,54043,Probable,Female,20+,8
2023,WV,54043,Probable,Female,Suppressed,1
2023,WV,54045,Probable,Suppressed,Suppressed,5
2023,WV,54047,Probable,Suppressed,Suppressed,7
2023,WV,54049,Probable,Male,0-19,21
2023,WV,54049,Probable,Male,20+,83
2023,WV,54049,Probable,Female,0-19,12
2023,WV,54049,Probable,Female,20+,63
2023,WV,54051,Probable,Male,0-19,20
2023,WV,54051,Probable,Male,20+,72
2023,WV,54051,Probable,Female,0-19,10
2023,WV,54051,Probable,Female,20+,61
2023,WV,54053,Probable,Male,0-19,5
2023,WV,54053,Probable,Male,20+,8
2023,WV,54053,Probable,Female,20+,6
2023,WV,54053,Probable,Female,Suppressed,3
2023,WV,54055,Probable,Male,0-19,19
2023,WV,54055,Probable,Male,20+,38
2023,WV,54055,Probable,Female,0-19,13
2023,WV,54055,Probable,Female,20+,34
2023,WV,54057,Probable,Male,0-19,9
2023,WV,54057,Probable,Male,20+,24
2023,WV,54057,Probable,Female,0-19,5
2023,WV,54057,Probable,Female,20+,21
2023,WV,54059,Probable,Female,Suppressed,5
2023,WV,54061,Probable,Male,0-19,36
2023,WV,54061,Probable,Male,20+,95
2023,WV,54061,Probable,Female,0-19,11
2023,WV,54061,Probable,Female,20+,54
2023,WV,54063,Probable,Male,0-19,10
2023,WV,54063,Probable,Male,20+,21
2023,WV,54063,Probable,Female,0-19,8
2023,WV,54063,Probable,Female,20+,16
2023,WV,54063,Probable,Suppressed,0-19,1
2023,WV,54065,Probable,Male,20+,19
2023,WV,54065,Probable,Male,Suppressed,2
2023,WV,54065,Probable,Female,20+,13
2023,WV,54065,Probable,Female,Suppressed,3
2023,WV,54067,Probable,Male,0-19,5
2023,WV,54067,Probable,Male,20+,21
2023,WV,54067,Probable,Female,20+,11
2023,WV,54067,Probable,Female,Suppressed,4
2023,WV,54069,Probable,Male,0-19,21
2023,WV,54069,Probable,Male,20+,64
2023,WV,54069,Probable,Female,0-19,15
2023,WV,54069,Probable,Female,20+,60
2023,WV,54071,Probable,Male,20+,7
2023,WV,54071,Probable,Female,20+,9
2023,WV,54071,Probable,Female,Suppressed,2
2023,WV,54073,Probable,Male,0-19,7
2023,WV,54073,Probable,Male,20+,5
2023,WV,54073,Probable,Suppressed,20+,3
2023,WV,54073,Probable,Suppressed,Suppressed,2
2023,WV,54075,Probable,Male,20+,11
2023,WV,54075,Probable,Male,Suppressed,2
2023,WV,54075,Probable,Female,20+,8
2023,WV,54075,Probable,Female,Suppressed,1
2023,WV,54075,Probable,Suppressed,Suppressed,2
2023,WV,54077,Probable,Male,0-19,24
2023,WV,54077,Probable,Male,20+,61
2023,WV,54077,Probable,Female,0-19,17
2023,WV,54077,Probable,Female,20+,53
2023,WV,54079,Probable,Male,0-19,9
2023,WV,54079,Probable,Male,20+,25
2023,WV,54079,Probable,Female,0-19,6
2023,WV,54079,Probable,Female,20+,12
2023,WV,54081,Probable,Male,0-19,14
2023,WV,54081,Probable,Male,20+,23
2023,WV,54081,Probable,Female,0-19,10
2023,WV,54081,Probable,Female,20+,21
2023,WV,54083,Probable,Male,0-19,15
2023,WV,54083,Probable,Male,20+,39
2023,WV,54083,Probable,Female,0-19,7
2023,WV,54083,Probable,Female,20+,18
2023,WV,54085,Probable,Male,20+,8
2023,WV,54085,Probable,Male,Suppressed,1
2023,WV,54085,Probable,Female,20+,18
2023,WV,54085,Probable,Female,Suppressed,3
2023,WV,54087,Probable,Male,0-19,7
2023,WV,54087,Probable,Male,20+,12
2023,WV,54087,Probable,Female,20+,12
2023,WV,54087,Probable,Female,Suppressed,1
2023,WV,54089,Probable,Male,0-19,6
2023,WV,54089,Probable,Male,20+,27
2023,WV,54089,Probable,Female,0-19,5
2023,WV,54089,Probable,Female,20+,11
2023,WV,54091,Probable,Male,20+,18
2023,WV,54091,Probable,Male,Suppressed,2
2023,WV,54091,Probable,Female,20+,10
2023,WV,54091,Probable,Female,Suppressed,1
2023,WV,54093,Probable,Male,0-19,8
2023,WV,54093,Probable,Male,20+,23
2023,WV,54093,Probable,Female,20+,15
2023,WV,54093,Probable,Female,Suppressed,3
2023,WV,54095,Probable,Male,0-19,8
2023,WV,54095,Probable,Male,20+,14
2023,WV,54095,Probable,Female,0-19,5
2023,WV,54095,Probable,Female,20+,10
2023,WV,54097,Probable,Male,0-19,16
2023,WV,54097,Probable,Male,20+,46
2023,WV,54097,Probable,Female,0-19,10
2023,WV,54097,Probable,Female,20+,46
2023,WV,54099,Probable,Male,20+,16
2023,WV,54099,Probable,Male,Suppressed,2
2023,WV,54099,Probable,Female,0-19,5
2023,WV,54099,Probable,Female,20+,11
2023,WV,54101,Probable,Male,0-19,5
2023,WV,54101,Probable,Male,20+,24
2023,WV,54101,Probable,Female,20+,24
2023,WV,54101,Probable,Female,Suppressed,3
2023,WV,54103,Probable,Male,0-19,11
2023,WV,54103,Probable,Male,20+,21
2023,WV,54103,Probable,Female,20+,13
2023,WV,54103,Probable,Female,Suppressed,4
2023,WV,54105,Probable,Male,20+,6
2023,WV,54105,Probable,Male,Suppressed,1
2023,WV,54105,Probable,Female,20+,6
2023,WV,54105,Probable,Female,Suppressed,2
2023,WV,54107,Probable,Male,0-19,16
2023,WV,54107,Probable,Male,20+,41
2023,WV,54107,Probable,Female,0-19,10
2023,WV,54107,Probable,Female,20+,19
2023,WV,Unknown,Probable,Male,20+,6
2023,WV,Unknown,Probable,Suppressed,20+,1
2023,WV,Suppressed,Probable,Male,0-19,1
2023,WV,Suppressed,Probable,Female,20+,1
2023,WV,Suppressed,Probable,Suppressed,Suppressed,8
2023,Suppressed,Unknown,Confirmed,Female,20+,1
2023,Suppressed,Suppressed,Confirmed,Female,Suppressed,11
2023,Suppressed,Suppressed,Confirmed,Suppressed,20+,18
2023,Suppressed,Suppressed,Confirmed,Suppressed,Suppressed,13
2023,Suppressed,Suppressed,Probable,Female,Suppressed,3
2023,Suppressed,Suppressed,Probable,Suppressed,20+,5
2023,Suppressed,Suppressed,Probable,Suppressed,Suppressed,3
