search_id,catalog_slug,status,http_status,record_count,total_count,duration_ms,json_path,markdown_path,raw_path
ACS-0001,census_acs5,succeeded,200,100,3222,1614,runs\2026-06-07_18-02-40_MDT\catalogs\census_acs5\ACS-0001_total-population\json\page_0001.json,runs\2026-06-07_18-02-40_MDT\catalogs\census_acs5\ACS-0001_total-population\notes\query.md,runs\2026-06-07_18-02-40_MDT\catalogs\census_acs5\ACS-0001_total-population\raw\page_0001.json
ACS-0002,census_acs5,succeeded,200,100,3222,7176,runs\2026-06-07_18-02-40_MDT\catalogs\census_acs5\ACS-0002_age-distribution\json\page_0001.json,runs\2026-06-07_18-02-40_MDT\catalogs\census_acs5\ACS-0002_age-distribution\notes\query.md,runs\2026-06-07_18-02-40_MDT\catalogs\census_acs5\ACS-0002_age-distribution\raw\page_0001.json
ACS-0003,census_acs5,succeeded,200,100,3222,8087,runs\2026-06-07_18-02-40_MDT\catalogs\census_acs5\ACS-0003_poverty-status\json\page_0001.json,runs\2026-06-07_18-02-40_MDT\catalogs\census_acs5\ACS-0003_poverty-status\notes\query.md,runs\2026-06-07_18-02-40_MDT\catalogs\census_acs5\ACS-0003_poverty-status\raw\page_0001.json
ACS-0004,census_acs5,succeeded,200,100,3222,1421,runs\2026-06-07_18-02-40_MDT\catalogs\census_acs5\ACS-0004_median-household-income\json\page_0001.json,runs\2026-06-07_18-02-40_MDT\catalogs\census_acs5\ACS-0004_median-household-income\notes\query.md,runs\2026-06-07_18-02-40_MDT\catalogs\census_acs5\ACS-0004_median-household-income\raw\page_0001.json
ACS-0005,census_acs5,succeeded,200,100,3222,7828,runs\2026-06-07_18-02-40_MDT\catalogs\census_acs5\ACS-0005_health-insurance-coverage\json\page_0001.json,runs\2026-06-07_18-02-40_MDT\catalogs\census_acs5\ACS-0005_health-insurance-coverage\notes\query.md,runs\2026-06-07_18-02-40_MDT\catalogs\census_acs5\ACS-0005_health-insurance-coverage\raw\page_0001.json
ACS-0006,census_acs5,succeeded,200,100,3222,3378,runs\2026-06-07_18-02-40_MDT\catalogs\census_acs5\ACS-0006_disability-status\json\page_0001.json,runs\2026-06-07_18-02-40_MDT\catalogs\census_acs5\ACS-0006_disability-status\notes\query.md,runs\2026-06-07_18-02-40_MDT\catalogs\census_acs5\ACS-0006_disability-status\raw\page_0001.json
ACS-0007,census_acs5,succeeded,200,100,3222,3007,runs\2026-06-07_18-02-40_MDT\catalogs\census_acs5\ACS-0007_internet-subscription\json\page_0001.json,runs\2026-06-07_18-02-40_MDT\catalogs\census_acs5\ACS-0007_internet-subscription\notes\query.md,runs\2026-06-07_18-02-40_MDT\catalogs\census_acs5\ACS-0007_internet-subscription\raw\page_0001.json
ACS-0008,census_acs5,succeeded,200,100,3222,2699,runs\2026-06-07_18-02-40_MDT\catalogs\census_acs5\ACS-0008_computer-availability\json\page_0001.json,runs\2026-06-07_18-02-40_MDT\catalogs\census_acs5\ACS-0008_computer-availability\notes\query.md,runs\2026-06-07_18-02-40_MDT\catalogs\census_acs5\ACS-0008_computer-availability\raw\page_0001.json
ACS-0009,census_acs5,succeeded,200,100,3222,4841,runs\2026-06-07_18-02-40_MDT\catalogs\census_acs5\ACS-0009_vehicle-availability\json\page_0001.json,runs\2026-06-07_18-02-40_MDT\catalogs\census_acs5\ACS-0009_vehicle-availability\notes\query.md,runs\2026-06-07_18-02-40_MDT\catalogs\census_acs5\ACS-0009_vehicle-availability\raw\page_0001.json
ACS-0010,census_acs5,succeeded,200,100,3222,3719,runs\2026-06-07_18-02-40_MDT\catalogs\census_acs5\ACS-0010_means-of-transportation-to-work\json\page_0001.json,runs\2026-06-07_18-02-40_MDT\catalogs\census_acs5\ACS-0010_means-of-transportation-to-work\notes\query.md,runs\2026-06-07_18-02-40_MDT\catalogs\census_acs5\ACS-0010_means-of-transportation-to-work\raw\page_0001.json
ACS-0011,census_acs5,succeeded,200,100,3222,3992,runs\2026-06-07_18-02-40_MDT\catalogs\census_acs5\ACS-0011_educational-attainment\json\page_0001.json,runs\2026-06-07_18-02-40_MDT\catalogs\census_acs5\ACS-0011_educational-attainment\notes\query.md,runs\2026-06-07_18-02-40_MDT\catalogs\census_acs5\ACS-0011_educational-attainment\raw\page_0001.json
ACS-0012,census_acs5,succeeded,200,100,3222,2777,runs\2026-06-07_18-02-40_MDT\catalogs\census_acs5\ACS-0012_limited-english-speaking-households\json\page_0001.json,runs\2026-06-07_18-02-40_MDT\catalogs\census_acs5\ACS-0012_limited-english-speaking-households\notes\query.md,runs\2026-06-07_18-02-40_MDT\catalogs\census_acs5\ACS-0012_limited-english-speaking-households\raw\page_0001.json
ACS-0013,census_acs5,succeeded,200,100,3222,11307,runs\2026-06-07_18-02-40_MDT\catalogs\census_acs5\ACS-0013_migration-in-previous-year\json\page_0001.json,runs\2026-06-07_18-02-40_MDT\catalogs\census_acs5\ACS-0013_migration-in-previous-year\notes\query.md,runs\2026-06-07_18-02-40_MDT\catalogs\census_acs5\ACS-0013_migration-in-previous-year\raw\page_0001.json
ACS-0014,census_acs5,succeeded,200,100,3222,2139,runs\2026-06-07_18-02-40_MDT\catalogs\census_acs5\ACS-0014_employment-status\json\page_0001.json,runs\2026-06-07_18-02-40_MDT\catalogs\census_acs5\ACS-0014_employment-status\notes\query.md,runs\2026-06-07_18-02-40_MDT\catalogs\census_acs5\ACS-0014_employment-status\raw\page_0001.json
ACS-0015,census_acs5,succeeded,200,100,3222,1436,runs\2026-06-07_18-02-40_MDT\catalogs\census_acs5\ACS-0015_rural-proxy-housing-and-density-variables\json\page_0001.json,runs\2026-06-07_18-02-40_MDT\catalogs\census_acs5\ACS-0015_rural-proxy-housing-and-density-variables\notes\query.md,runs\2026-06-07_18-02-40_MDT\catalogs\census_acs5\ACS-0015_rural-proxy-housing-and-density-variables\raw\page_0001.json
ACS-0016,census_acs5,succeeded,200,100,3222,1300,runs\2026-06-07_18-02-40_MDT\catalogs\census_acs5\ACS-0016_population-by-county-for-joins\json\page_0001.json,runs\2026-06-07_18-02-40_MDT\catalogs\census_acs5\ACS-0016_population-by-county-for-joins\notes\query.md,runs\2026-06-07_18-02-40_MDT\catalogs\census_acs5\ACS-0016_population-by-county-for-joins\raw\page_0001.json
AHRQ-0001,ahrq,succeeded,200,0,,1023,runs\2026-06-07_18-02-40_MDT\catalogs\ahrq\AHRQ-0001_lyme-disease-healthcare-expenditures\json\page_0001.json,runs\2026-06-07_18-02-40_MDT\catalogs\ahrq\AHRQ-0001_lyme-disease-healthcare-expenditures\notes\query.md,runs\2026-06-07_18-02-40_MDT\catalogs\ahrq\AHRQ-0001_lyme-disease-healthcare-expenditures\raw\page_0001.html
AHRQ-0002,ahrq,succeeded,200,0,,1235,runs\2026-06-07_18-02-40_MDT\catalogs\ahrq\AHRQ-0002_tickborne-disease-utilization\json\page_0001.json,runs\2026-06-07_18-02-40_MDT\catalogs\ahrq\AHRQ-0002_tickborne-disease-utilization\notes\query.md,runs\2026-06-07_18-02-40_MDT\catalogs\ahrq\AHRQ-0002_tickborne-disease-utilization\raw\page_0001.html
AHRQ-0003,ahrq,succeeded,200,0,,1212,runs\2026-06-07_18-02-40_MDT\catalogs\ahrq\AHRQ-0003_infectious-disease-access-to-care\json\page_0001.json,runs\2026-06-07_18-02-40_MDT\catalogs\ahrq\AHRQ-0003_infectious-disease-access-to-care\notes\query.md,runs\2026-06-07_18-02-40_MDT\catalogs\ahrq\AHRQ-0003_infectious-disease-access-to-care\raw\page_0001.html
AHRQ-0004,ahrq,succeeded,200,0,,1178,runs\2026-06-07_18-02-40_MDT\catalogs\ahrq\AHRQ-0004_rural-healthcare-access\json\page_0001.json,runs\2026-06-07_18-02-40_MDT\catalogs\ahrq\AHRQ-0004_rural-healthcare-access\notes\query.md,runs\2026-06-07_18-02-40_MDT\catalogs\ahrq\AHRQ-0004_rural-healthcare-access\raw\page_0001.html
AHRQ-0005,ahrq,succeeded,200,0,,610,runs\2026-06-07_18-02-40_MDT\catalogs\ahrq\AHRQ-0005_insurance-coverage\json\page_0001.json,runs\2026-06-07_18-02-40_MDT\catalogs\ahrq\AHRQ-0005_insurance-coverage\notes\query.md,runs\2026-06-07_18-02-40_MDT\catalogs\ahrq\AHRQ-0005_insurance-coverage\raw\page_0001.html
AHRQ-0006,ahrq,succeeded,200,0,,1002,runs\2026-06-07_18-02-40_MDT\catalogs\ahrq\AHRQ-0006_out-of-pocket-healthcare-cost\json\page_0001.json,runs\2026-06-07_18-02-40_MDT\catalogs\ahrq\AHRQ-0006_out-of-pocket-healthcare-cost\notes\query.md,runs\2026-06-07_18-02-40_MDT\catalogs\ahrq\AHRQ-0006_out-of-pocket-healthcare-cost\raw\page_0001.html
AHRQ-0007,ahrq,succeeded,200,0,,640,runs\2026-06-07_18-02-40_MDT\catalogs\ahrq\AHRQ-0007_community-provider-availability\json\page_0001.json,runs\2026-06-07_18-02-40_MDT\catalogs\ahrq\AHRQ-0007_community-provider-availability\notes\query.md,runs\2026-06-07_18-02-40_MDT\catalogs\ahrq\AHRQ-0007_community-provider-availability\raw\page_0001.html
AHRQ-0008,ahrq,succeeded,200,0,,661,runs\2026-06-07_18-02-40_MDT\catalogs\ahrq\AHRQ-0008_travel-time-healthcare\json\page_0001.json,runs\2026-06-07_18-02-40_MDT\catalogs\ahrq\AHRQ-0008_travel-time-healthcare\notes\query.md,runs\2026-06-07_18-02-40_MDT\catalogs\ahrq\AHRQ-0008_travel-time-healthcare\raw\page_0001.html
AHRQ-0009,ahrq,succeeded,200,0,,929,runs\2026-06-07_18-02-40_MDT\catalogs\ahrq\AHRQ-0009_healthcare-quality-rural-communities\json\page_0001.json,runs\2026-06-07_18-02-40_MDT\catalogs\ahrq\AHRQ-0009_healthcare-quality-rural-communities\notes\query.md,runs\2026-06-07_18-02-40_MDT\catalogs\ahrq\AHRQ-0009_healthcare-quality-rural-communities\raw\page_0001.html
AHRQ-0010,ahrq,succeeded,200,0,,887,runs\2026-06-07_18-02-40_MDT\catalogs\ahrq\AHRQ-0010_community-level-health-database\json\page_0001.json,runs\2026-06-07_18-02-40_MDT\catalogs\ahrq\AHRQ-0010_community-level-health-database\notes\query.md,runs\2026-06-07_18-02-40_MDT\catalogs\ahrq\AHRQ-0010_community-level-health-database\raw\page_0001.html
CDCC-0001,data_cdc_gov,succeeded,200,9,,671,runs\2026-06-07_18-02-40_MDT\catalogs\data_cdc_gov\CDCC-0001_lyme-disease\json\page_0001.json,runs\2026-06-07_18-02-40_MDT\catalogs\data_cdc_gov\CDCC-0001_lyme-disease\notes\query.md,runs\2026-06-07_18-02-40_MDT\catalogs\data_cdc_gov\CDCC-0001_lyme-disease\raw\page_0001.json
CDCC-0002,data_cdc_gov,succeeded,200,0,,539,runs\2026-06-07_18-02-40_MDT\catalogs\data_cdc_gov\CDCC-0002_lyme-borreliosis\json\page_0001.json,runs\2026-06-07_18-02-40_MDT\catalogs\data_cdc_gov\CDCC-0002_lyme-borreliosis\notes\query.md,runs\2026-06-07_18-02-40_MDT\catalogs\data_cdc_gov\CDCC-0002_lyme-borreliosis\raw\page_0001.json
CDCC-0003,data_cdc_gov,succeeded,200,0,,528,runs\2026-06-07_18-02-40_MDT\catalogs\data_cdc_gov\CDCC-0003_borrelia-burgdorferi\json\page_0001.json,runs\2026-06-07_18-02-40_MDT\catalogs\data_cdc_gov\CDCC-0003_borrelia-burgdorferi\notes\query.md,runs\2026-06-07_18-02-40_MDT\catalogs\data_cdc_gov\CDCC-0003_borrelia-burgdorferi\raw\page_0001.json
CDCC-0004,data_cdc_gov,succeeded,200,0,,499,runs\2026-06-07_18-02-40_MDT\catalogs\data_cdc_gov\CDCC-0004_borrelia-mayonii\json\page_0001.json,runs\2026-06-07_18-02-40_MDT\catalogs\data_cdc_gov\CDCC-0004_borrelia-mayonii\notes\query.md,runs\2026-06-07_18-02-40_MDT\catalogs\data_cdc_gov\CDCC-0004_borrelia-mayonii\raw\page_0001.json
CDCC-0005,data_cdc_gov,succeeded,200,0,,504,runs\2026-06-07_18-02-40_MDT\catalogs\data_cdc_gov\CDCC-0005_borrelia-miyamotoi\json\page_0001.json,runs\2026-06-07_18-02-40_MDT\catalogs\data_cdc_gov\CDCC-0005_borrelia-miyamotoi\notes\query.md,runs\2026-06-07_18-02-40_MDT\catalogs\data_cdc_gov\CDCC-0005_borrelia-miyamotoi\raw\page_0001.json
CDCC-0006,data_cdc_gov,succeeded,200,0,,457,runs\2026-06-07_18-02-40_MDT\catalogs\data_cdc_gov\CDCC-0006_tickborne-disease\json\page_0001.json,runs\2026-06-07_18-02-40_MDT\catalogs\data_cdc_gov\CDCC-0006_tickborne-disease\notes\query.md,runs\2026-06-07_18-02-40_MDT\catalogs\data_cdc_gov\CDCC-0006_tickborne-disease\raw\page_0001.json
CDCC-0007,data_cdc_gov,succeeded,200,0,,499,runs\2026-06-07_18-02-40_MDT\catalogs\data_cdc_gov\CDCC-0007_blacklegged-tick\json\page_0001.json,runs\2026-06-07_18-02-40_MDT\catalogs\data_cdc_gov\CDCC-0007_blacklegged-tick\notes\query.md,runs\2026-06-07_18-02-40_MDT\catalogs\data_cdc_gov\CDCC-0007_blacklegged-tick\raw\page_0001.json
CDCC-0008,data_cdc_gov,succeeded,200,0,,486,runs\2026-06-07_18-02-40_MDT\catalogs\data_cdc_gov\CDCC-0008_ixodes-scapularis\json\page_0001.json,runs\2026-06-07_18-02-40_MDT\catalogs\data_cdc_gov\CDCC-0008_ixodes-scapularis\notes\query.md,runs\2026-06-07_18-02-40_MDT\catalogs\data_cdc_gov\CDCC-0008_ixodes-scapularis\raw\page_0001.json
CDCC-0009,data_cdc_gov,succeeded,200,0,,506,runs\2026-06-07_18-02-40_MDT\catalogs\data_cdc_gov\CDCC-0009_ixodes-pacificus\json\page_0001.json,runs\2026-06-07_18-02-40_MDT\catalogs\data_cdc_gov\CDCC-0009_ixodes-pacificus\notes\query.md,runs\2026-06-07_18-02-40_MDT\catalogs\data_cdc_gov\CDCC-0009_ixodes-pacificus\raw\page_0001.json
CDCC-0010,data_cdc_gov,succeeded,200,3,,613,runs\2026-06-07_18-02-40_MDT\catalogs\data_cdc_gov\CDCC-0010_erythema-migrans\json\page_0001.json,runs\2026-06-07_18-02-40_MDT\catalogs\data_cdc_gov\CDCC-0010_erythema-migrans\notes\query.md,runs\2026-06-07_18-02-40_MDT\catalogs\data_cdc_gov\CDCC-0010_erythema-migrans\raw\page_0001.json
CDCC-0011,data_cdc_gov,succeeded,200,0,,500,runs\2026-06-07_18-02-40_MDT\catalogs\data_cdc_gov\CDCC-0011_neuroborreliosis\json\page_0001.json,runs\2026-06-07_18-02-40_MDT\catalogs\data_cdc_gov\CDCC-0011_neuroborreliosis\notes\query.md,runs\2026-06-07_18-02-40_MDT\catalogs\data_cdc_gov\CDCC-0011_neuroborreliosis\raw\page_0001.json
CDCC-0012,data_cdc_gov,succeeded,200,3,,579,runs\2026-06-07_18-02-40_MDT\catalogs\data_cdc_gov\CDCC-0012_lyme-arthritis\json\page_0001.json,runs\2026-06-07_18-02-40_MDT\catalogs\data_cdc_gov\CDCC-0012_lyme-arthritis\notes\query.md,runs\2026-06-07_18-02-40_MDT\catalogs\data_cdc_gov\CDCC-0012_lyme-arthritis\raw\page_0001.json
CDCC-0013,data_cdc_gov,succeeded,200,0,,474,runs\2026-06-07_18-02-40_MDT\catalogs\data_cdc_gov\CDCC-0013_lyme-babesiosis-coinfection\json\page_0001.json,runs\2026-06-07_18-02-40_MDT\catalogs\data_cdc_gov\CDCC-0013_lyme-babesiosis-coinfection\notes\query.md,runs\2026-06-07_18-02-40_MDT\catalogs\data_cdc_gov\CDCC-0013_lyme-babesiosis-coinfection\raw\page_0001.json
CDCC-0014,data_cdc_gov,succeeded,200,0,,461,runs\2026-06-07_18-02-40_MDT\catalogs\data_cdc_gov\CDCC-0014_lyme-anaplasmosis-coinfection\json\page_0001.json,runs\2026-06-07_18-02-40_MDT\catalogs\data_cdc_gov\CDCC-0014_lyme-anaplasmosis-coinfection\notes\query.md,runs\2026-06-07_18-02-40_MDT\catalogs\data_cdc_gov\CDCC-0014_lyme-anaplasmosis-coinfection\raw\page_0001.json
CDCC-0015,data_cdc_gov,succeeded,200,0,,501,runs\2026-06-07_18-02-40_MDT\catalogs\data_cdc_gov\CDCC-0015_lyme-ehrlichiosis-coinfection\json\page_0001.json,runs\2026-06-07_18-02-40_MDT\catalogs\data_cdc_gov\CDCC-0015_lyme-ehrlichiosis-coinfection\notes\query.md,runs\2026-06-07_18-02-40_MDT\catalogs\data_cdc_gov\CDCC-0015_lyme-ehrlichiosis-coinfection\raw\page_0001.json
CDCC-0016,data_cdc_gov,succeeded,200,0,,484,runs\2026-06-07_18-02-40_MDT\catalogs\data_cdc_gov\CDCC-0016_lyme-powassan-coinfection\json\page_0001.json,runs\2026-06-07_18-02-40_MDT\catalogs\data_cdc_gov\CDCC-0016_lyme-powassan-coinfection\notes\query.md,runs\2026-06-07_18-02-40_MDT\catalogs\data_cdc_gov\CDCC-0016_lyme-powassan-coinfection\raw\page_0001.json
CDCC-0017,data_cdc_gov,succeeded,200,0,,469,runs\2026-06-07_18-02-40_MDT\catalogs\data_cdc_gov\CDCC-0017_babesia-microti\json\page_0001.json,runs\2026-06-07_18-02-40_MDT\catalogs\data_cdc_gov\CDCC-0017_babesia-microti\notes\query.md,runs\2026-06-07_18-02-40_MDT\catalogs\data_cdc_gov\CDCC-0017_babesia-microti\raw\page_0001.json
CDCC-0018,data_cdc_gov,succeeded,200,10,,790,runs\2026-06-07_18-02-40_MDT\catalogs\data_cdc_gov\CDCC-0018_anaplasma-phagocytophilum\json\page_0001.json,runs\2026-06-07_18-02-40_MDT\catalogs\data_cdc_gov\CDCC-0018_anaplasma-phagocytophilum\notes\query.md,runs\2026-06-07_18-02-40_MDT\catalogs\data_cdc_gov\CDCC-0018_anaplasma-phagocytophilum\raw\page_0001.json
CDCC-0019,data_cdc_gov,succeeded,200,9,,697,runs\2026-06-07_18-02-40_MDT\catalogs\data_cdc_gov\CDCC-0019_lyme-disease-surveillance\json\page_0001.json,runs\2026-06-07_18-02-40_MDT\catalogs\data_cdc_gov\CDCC-0019_lyme-disease-surveillance\notes\query.md,runs\2026-06-07_18-02-40_MDT\catalogs\data_cdc_gov\CDCC-0019_lyme-disease-surveillance\raw\page_0001.json
CDCC-0020,data_cdc_gov,succeeded,200,8,,700,runs\2026-06-07_18-02-40_MDT\catalogs\data_cdc_gov\CDCC-0020_lyme-disease-incidence\json\page_0001.json,runs\2026-06-07_18-02-40_MDT\catalogs\data_cdc_gov\CDCC-0020_lyme-disease-incidence\notes\query.md,runs\2026-06-07_18-02-40_MDT\catalogs\data_cdc_gov\CDCC-0020_lyme-disease-incidence\raw\page_0001.json
CDCC-0021,data_cdc_gov,succeeded,200,100,,1118,runs\2026-06-07_18-02-40_MDT\catalogs\data_cdc_gov\CDCC-0021_lyme-disease-case-counts\json\page_0001.json,runs\2026-06-07_18-02-40_MDT\catalogs\data_cdc_gov\CDCC-0021_lyme-disease-case-counts\notes\query.md,runs\2026-06-07_18-02-40_MDT\catalogs\data_cdc_gov\CDCC-0021_lyme-disease-case-counts\raw\page_0001.json
CDCC-0022,data_cdc_gov,succeeded,200,0,,495,runs\2026-06-07_18-02-40_MDT\catalogs\data_cdc_gov\CDCC-0022_lyme-disease-underreporting\json\page_0001.json,runs\2026-06-07_18-02-40_MDT\catalogs\data_cdc_gov\CDCC-0022_lyme-disease-underreporting\notes\query.md,runs\2026-06-07_18-02-40_MDT\catalogs\data_cdc_gov\CDCC-0022_lyme-disease-underreporting\raw\page_0001.json
CDCC-0023,data_cdc_gov,succeeded,200,100,,1206,runs\2026-06-07_18-02-40_MDT\catalogs\data_cdc_gov\CDCC-0023_lyme-disease-case-definition\json\page_0001.json,runs\2026-06-07_18-02-40_MDT\catalogs\data_cdc_gov\CDCC-0023_lyme-disease-case-definition\notes\query.md,runs\2026-06-07_18-02-40_MDT\catalogs\data_cdc_gov\CDCC-0023_lyme-disease-case-definition\raw\page_0001.json
CDCC-0024,data_cdc_gov,succeeded,200,9,,723,runs\2026-06-07_18-02-40_MDT\catalogs\data_cdc_gov\CDCC-0024_notifiable-disease-lyme\json\page_0001.json,runs\2026-06-07_18-02-40_MDT\catalogs\data_cdc_gov\CDCC-0024_notifiable-disease-lyme\notes\query.md,runs\2026-06-07_18-02-40_MDT\catalogs\data_cdc_gov\CDCC-0024_notifiable-disease-lyme\raw\page_0001.json
CDCC-0025,data_cdc_gov,succeeded,200,0,,481,runs\2026-06-07_18-02-40_MDT\catalogs\data_cdc_gov\CDCC-0025_tickborne-disease-surveillance\json\page_0001.json,runs\2026-06-07_18-02-40_MDT\catalogs\data_cdc_gov\CDCC-0025_tickborne-disease-surveillance\notes\query.md,runs\2026-06-07_18-02-40_MDT\catalogs\data_cdc_gov\CDCC-0025_tickborne-disease-surveillance\raw\page_0001.json
CDCL-0001,cdc_lyme_84rx-ksgd,succeeded,200,1,,692,runs\2026-06-07_18-02-40_MDT\catalogs\cdc_lyme_84rx-ksgd\CDCL-0001_schema-discovery\json\page_0001.json,runs\2026-06-07_18-02-40_MDT\catalogs\cdc_lyme_84rx-ksgd\CDCL-0001_schema-discovery\notes\query.md,runs\2026-06-07_18-02-40_MDT\catalogs\cdc_lyme_84rx-ksgd\CDCL-0001_schema-discovery\raw\page_0001.json
CDCL-0002,cdc_lyme_84rx-ksgd,succeeded,200,0,,1253,runs\2026-06-07_18-02-40_MDT\catalogs\cdc_lyme_84rx-ksgd\CDCL-0002_full-csv-download\json\page_0001.json,runs\2026-06-07_18-02-40_MDT\catalogs\cdc_lyme_84rx-ksgd\CDCL-0002_full-csv-download\notes\query.md,runs\2026-06-07_18-02-40_MDT\catalogs\cdc_lyme_84rx-ksgd\CDCL-0002_full-csv-download\raw\page_0001.csv
CDCL-0003,cdc_lyme_84rx-ksgd,succeeded,200,100,1000,917,runs\2026-06-07_18-02-40_MDT\catalogs\cdc_lyme_84rx-ksgd\CDCL-0003_json-page-sample\json\page_0001.json,runs\2026-06-07_18-02-40_MDT\catalogs\cdc_lyme_84rx-ksgd\CDCL-0003_json-page-sample\notes\query.md,runs\2026-06-07_18-02-40_MDT\catalogs\cdc_lyme_84rx-ksgd\CDCL-0003_json-page-sample\raw\page_0001.json
CDCL-0004,cdc_lyme_84rx-ksgd,succeeded,200,100,1000,906,runs\2026-06-07_18-02-40_MDT\catalogs\cdc_lyme_84rx-ksgd\CDCL-0004_distinct-geography-values\json\page_0001.json,runs\2026-06-07_18-02-40_MDT\catalogs\cdc_lyme_84rx-ksgd\CDCL-0004_distinct-geography-values\notes\query.md,runs\2026-06-07_18-02-40_MDT\catalogs\cdc_lyme_84rx-ksgd\CDCL-0004_distinct-geography-values\raw\page_0001.json
CDCL-0005,cdc_lyme_84rx-ksgd,succeeded,200,100,1000,912,runs\2026-06-07_18-02-40_MDT\catalogs\cdc_lyme_84rx-ksgd\CDCL-0005_distinct-time-values\json\page_0001.json,runs\2026-06-07_18-02-40_MDT\catalogs\cdc_lyme_84rx-ksgd\CDCL-0005_distinct-time-values\notes\query.md,runs\2026-06-07_18-02-40_MDT\catalogs\cdc_lyme_84rx-ksgd\CDCL-0005_distinct-time-values\raw\page_0001.json
CDCL-0006,cdc_lyme_84rx-ksgd,succeeded,200,100,1000,1891,runs\2026-06-07_18-02-40_MDT\catalogs\cdc_lyme_84rx-ksgd\CDCL-0006_null-profile\json\page_0001.json,runs\2026-06-07_18-02-40_MDT\catalogs\cdc_lyme_84rx-ksgd\CDCL-0006_null-profile\notes\query.md,runs\2026-06-07_18-02-40_MDT\catalogs\cdc_lyme_84rx-ksgd\CDCL-0006_null-profile\raw\page_0001.json
CDCL-0007,cdc_lyme_qtbi-xd4i,succeeded,200,1,,644,runs\2026-06-07_18-02-40_MDT\catalogs\cdc_lyme_qtbi-xd4i\CDCL-0007_schema-discovery\json\page_0001.json,runs\2026-06-07_18-02-40_MDT\catalogs\cdc_lyme_qtbi-xd4i\CDCL-0007_schema-discovery\notes\query.md,runs\2026-06-07_18-02-40_MDT\catalogs\cdc_lyme_qtbi-xd4i\CDCL-0007_schema-discovery\raw\page_0001.json
CDCL-0008,cdc_lyme_qtbi-xd4i,succeeded,200,0,,3391,runs\2026-06-07_18-02-40_MDT\catalogs\cdc_lyme_qtbi-xd4i\CDCL-0008_full-csv-download\json\page_0001.json,runs\2026-06-07_18-02-40_MDT\catalogs\cdc_lyme_qtbi-xd4i\CDCL-0008_full-csv-download\notes\query.md,runs\2026-06-07_18-02-40_MDT\catalogs\cdc_lyme_qtbi-xd4i\CDCL-0008_full-csv-download\raw\page_0001.csv
CDCL-0009,cdc_lyme_qtbi-xd4i,succeeded,200,100,1000,865,runs\2026-06-07_18-02-40_MDT\catalogs\cdc_lyme_qtbi-xd4i\CDCL-0009_json-page-sample\json\page_0001.json,runs\2026-06-07_18-02-40_MDT\catalogs\cdc_lyme_qtbi-xd4i\CDCL-0009_json-page-sample\notes\query.md,runs\2026-06-07_18-02-40_MDT\catalogs\cdc_lyme_qtbi-xd4i\CDCL-0009_json-page-sample\raw\page_0001.json
CDCL-0010,cdc_lyme_qtbi-xd4i,succeeded,200,100,1000,862,runs\2026-06-07_18-02-40_MDT\catalogs\cdc_lyme_qtbi-xd4i\CDCL-0010_distinct-geography-values\json\page_0001.json,runs\2026-06-07_18-02-40_MDT\catalogs\cdc_lyme_qtbi-xd4i\CDCL-0010_distinct-geography-values\notes\query.md,runs\2026-06-07_18-02-40_MDT\catalogs\cdc_lyme_qtbi-xd4i\CDCL-0010_distinct-geography-values\raw\page_0001.json
CDCL-0011,cdc_lyme_qtbi-xd4i,succeeded,200,100,1000,872,runs\2026-06-07_18-02-40_MDT\catalogs\cdc_lyme_qtbi-xd4i\CDCL-0011_distinct-time-values\json\page_0001.json,runs\2026-06-07_18-02-40_MDT\catalogs\cdc_lyme_qtbi-xd4i\CDCL-0011_distinct-time-values\notes\query.md,runs\2026-06-07_18-02-40_MDT\catalogs\cdc_lyme_qtbi-xd4i\CDCL-0011_distinct-time-values\raw\page_0001.json
CDCL-0012,cdc_lyme_qtbi-xd4i,succeeded,200,100,1000,965,runs\2026-06-07_18-02-40_MDT\catalogs\cdc_lyme_qtbi-xd4i\CDCL-0012_null-profile\json\page_0001.json,runs\2026-06-07_18-02-40_MDT\catalogs\cdc_lyme_qtbi-xd4i\CDCL-0012_null-profile\notes\query.md,runs\2026-06-07_18-02-40_MDT\catalogs\cdc_lyme_qtbi-xd4i\CDCL-0012_null-profile\raw\page_0001.json
CDCL-0013,cdc_lyme_x5j9-wybp,succeeded,200,1,,863,runs\2026-06-07_18-02-40_MDT\catalogs\cdc_lyme_x5j9-wybp\CDCL-0013_schema-discovery\json\page_0001.json,runs\2026-06-07_18-02-40_MDT\catalogs\cdc_lyme_x5j9-wybp\CDCL-0013_schema-discovery\notes\query.md,runs\2026-06-07_18-02-40_MDT\catalogs\cdc_lyme_x5j9-wybp\CDCL-0013_schema-discovery\raw\page_0001.json
CDCL-0014,cdc_lyme_x5j9-wybp,succeeded,200,0,,1156,runs\2026-06-07_18-02-40_MDT\catalogs\cdc_lyme_x5j9-wybp\CDCL-0014_full-csv-download\json\page_0001.json,runs\2026-06-07_18-02-40_MDT\catalogs\cdc_lyme_x5j9-wybp\CDCL-0014_full-csv-download\notes\query.md,runs\2026-06-07_18-02-40_MDT\catalogs\cdc_lyme_x5j9-wybp\CDCL-0014_full-csv-download\raw\page_0001.csv
CDCL-0015,cdc_lyme_x5j9-wybp,succeeded,200,100,1000,978,runs\2026-06-07_18-02-40_MDT\catalogs\cdc_lyme_x5j9-wybp\CDCL-0015_json-page-sample\json\page_0001.json,runs\2026-06-07_18-02-40_MDT\catalogs\cdc_lyme_x5j9-wybp\CDCL-0015_json-page-sample\notes\query.md,runs\2026-06-07_18-02-40_MDT\catalogs\cdc_lyme_x5j9-wybp\CDCL-0015_json-page-sample\raw\page_0001.json
CDCL-0016,cdc_lyme_x5j9-wybp,succeeded,200,100,1000,959,runs\2026-06-07_18-02-40_MDT\catalogs\cdc_lyme_x5j9-wybp\CDCL-0016_distinct-geography-values\json\page_0001.json,runs\2026-06-07_18-02-40_MDT\catalogs\cdc_lyme_x5j9-wybp\CDCL-0016_distinct-geography-values\notes\query.md,runs\2026-06-07_18-02-40_MDT\catalogs\cdc_lyme_x5j9-wybp\CDCL-0016_distinct-geography-values\raw\page_0001.json
CDCL-0017,cdc_lyme_x5j9-wybp,succeeded,200,100,1000,1046,runs\2026-06-07_18-02-40_MDT\catalogs\cdc_lyme_x5j9-wybp\CDCL-0017_distinct-time-values\json\page_0001.json,runs\2026-06-07_18-02-40_MDT\catalogs\cdc_lyme_x5j9-wybp\CDCL-0017_distinct-time-values\notes\query.md,runs\2026-06-07_18-02-40_MDT\catalogs\cdc_lyme_x5j9-wybp\CDCL-0017_distinct-time-values\raw\page_0001.json
CDCL-0018,cdc_lyme_x5j9-wybp,succeeded,200,100,1000,1057,runs\2026-06-07_18-02-40_MDT\catalogs\cdc_lyme_x5j9-wybp\CDCL-0018_null-profile\json\page_0001.json,runs\2026-06-07_18-02-40_MDT\catalogs\cdc_lyme_x5j9-wybp\CDCL-0018_null-profile\notes\query.md,runs\2026-06-07_18-02-40_MDT\catalogs\cdc_lyme_x5j9-wybp\CDCL-0018_null-profile\raw\page_0001.json
CMSD-0001,cms_data,succeeded,200,0,,184,runs\2026-06-07_18-02-40_MDT\catalogs\cms_data\CMSD-0001_lyme-disease-utilization\json\page_0001.json,runs\2026-06-07_18-02-40_MDT\catalogs\cms_data\CMSD-0001_lyme-disease-utilization\notes\query.md,runs\2026-06-07_18-02-40_MDT\catalogs\cms_data\CMSD-0001_lyme-disease-utilization\raw\page_0001.html
CMSD-0002,cms_data,succeeded,200,0,,112,runs\2026-06-07_18-02-40_MDT\catalogs\cms_data\CMSD-0002_tickborne-disease-hospitalization\json\page_0001.json,runs\2026-06-07_18-02-40_MDT\catalogs\cms_data\CMSD-0002_tickborne-disease-hospitalization\notes\query.md,runs\2026-06-07_18-02-40_MDT\catalogs\cms_data\CMSD-0002_tickborne-disease-hospitalization\raw\page_0001.html
CMSD-0003,cms_data,succeeded,200,0,,115,runs\2026-06-07_18-02-40_MDT\catalogs\cms_data\CMSD-0003_infectious-disease-services\json\page_0001.json,runs\2026-06-07_18-02-40_MDT\catalogs\cms_data\CMSD-0003_infectious-disease-services\notes\query.md,runs\2026-06-07_18-02-40_MDT\catalogs\cms_data\CMSD-0003_infectious-disease-services\raw\page_0001.html
CMSD-0004,cms_data,succeeded,200,0,,180,runs\2026-06-07_18-02-40_MDT\catalogs\cms_data\CMSD-0004_emergency-department-infectious-disease\json\page_0001.json,runs\2026-06-07_18-02-40_MDT\catalogs\cms_data\CMSD-0004_emergency-department-infectious-disease\notes\query.md,runs\2026-06-07_18-02-40_MDT\catalogs\cms_data\CMSD-0004_emergency-department-infectious-disease\raw\page_0001.html
CMSD-0005,cms_data,succeeded,200,0,,128,runs\2026-06-07_18-02-40_MDT\catalogs\cms_data\CMSD-0005_antibiotic-prescribing\json\page_0001.json,runs\2026-06-07_18-02-40_MDT\catalogs\cms_data\CMSD-0005_antibiotic-prescribing\notes\query.md,runs\2026-06-07_18-02-40_MDT\catalogs\cms_data\CMSD-0005_antibiotic-prescribing\raw\page_0001.html
CMSD-0006,cms_data,succeeded,200,0,,138,runs\2026-06-07_18-02-40_MDT\catalogs\cms_data\CMSD-0006_doxycycline-utilization\json\page_0001.json,runs\2026-06-07_18-02-40_MDT\catalogs\cms_data\CMSD-0006_doxycycline-utilization\notes\query.md,runs\2026-06-07_18-02-40_MDT\catalogs\cms_data\CMSD-0006_doxycycline-utilization\raw\page_0001.html
CMSD-0007,cms_data,succeeded,200,0,,147,runs\2026-06-07_18-02-40_MDT\catalogs\cms_data\CMSD-0007_laboratory-testing-utilization\json\page_0001.json,runs\2026-06-07_18-02-40_MDT\catalogs\cms_data\CMSD-0007_laboratory-testing-utilization\notes\query.md,runs\2026-06-07_18-02-40_MDT\catalogs\cms_data\CMSD-0007_laboratory-testing-utilization\raw\page_0001.html
CMSD-0008,cms_data,succeeded,200,0,,122,runs\2026-06-07_18-02-40_MDT\catalogs\cms_data\CMSD-0008_medicare-geographic-variation\json\page_0001.json,runs\2026-06-07_18-02-40_MDT\catalogs\cms_data\CMSD-0008_medicare-geographic-variation\notes\query.md,runs\2026-06-07_18-02-40_MDT\catalogs\cms_data\CMSD-0008_medicare-geographic-variation\raw\page_0001.html
CMSD-0009,cms_data,succeeded,200,0,,114,runs\2026-06-07_18-02-40_MDT\catalogs\cms_data\CMSD-0009_rural-health-utilization\json\page_0001.json,runs\2026-06-07_18-02-40_MDT\catalogs\cms_data\CMSD-0009_rural-health-utilization\notes\query.md,runs\2026-06-07_18-02-40_MDT\catalogs\cms_data\CMSD-0009_rural-health-utilization\raw\page_0001.html
CMSD-0010,cms_data,succeeded,200,0,,104,runs\2026-06-07_18-02-40_MDT\catalogs\cms_data\CMSD-0010_telehealth-infectious-disease\json\page_0001.json,runs\2026-06-07_18-02-40_MDT\catalogs\cms_data\CMSD-0010_telehealth-infectious-disease\notes\query.md,runs\2026-06-07_18-02-40_MDT\catalogs\cms_data\CMSD-0010_telehealth-infectious-disease\raw\page_0001.html
CMSD-0011,cms_data,succeeded,200,0,,141,runs\2026-06-07_18-02-40_MDT\catalogs\cms_data\CMSD-0011_outpatient-antibiotic-use\json\page_0001.json,runs\2026-06-07_18-02-40_MDT\catalogs\cms_data\CMSD-0011_outpatient-antibiotic-use\notes\query.md,runs\2026-06-07_18-02-40_MDT\catalogs\cms_data\CMSD-0011_outpatient-antibiotic-use\raw\page_0001.html
CMSD-0012,cms_data,succeeded,200,0,,160,runs\2026-06-07_18-02-40_MDT\catalogs\cms_data\CMSD-0012_hospital-quality-infectious-disease\json\page_0001.json,runs\2026-06-07_18-02-40_MDT\catalogs\cms_data\CMSD-0012_hospital-quality-infectious-disease\notes\query.md,runs\2026-06-07_18-02-40_MDT\catalogs\cms_data\CMSD-0012_hospital-quality-infectious-disease\raw\page_0001.html
CMSD-0013,cms_data,succeeded,200,0,,173,runs\2026-06-07_18-02-40_MDT\catalogs\cms_data\CMSD-0013_medicaid-provider-access\json\page_0001.json,runs\2026-06-07_18-02-40_MDT\catalogs\cms_data\CMSD-0013_medicaid-provider-access\notes\query.md,runs\2026-06-07_18-02-40_MDT\catalogs\cms_data\CMSD-0013_medicaid-provider-access\raw\page_0001.html
CMSD-0014,cms_data,succeeded,200,0,,132,runs\2026-06-07_18-02-40_MDT\catalogs\cms_data\CMSD-0014_healthcare-spending-infectious-disease\json\page_0001.json,runs\2026-06-07_18-02-40_MDT\catalogs\cms_data\CMSD-0014_healthcare-spending-infectious-disease\notes\query.md,runs\2026-06-07_18-02-40_MDT\catalogs\cms_data\CMSD-0014_healthcare-spending-infectious-disease\raw\page_0001.html
CMSD-0015,cms_data,succeeded,200,0,,183,runs\2026-06-07_18-02-40_MDT\catalogs\cms_data\CMSD-0015_beneficiary-travel-distance-care\json\page_0001.json,runs\2026-06-07_18-02-40_MDT\catalogs\cms_data\CMSD-0015_beneficiary-travel-distance-care\notes\query.md,runs\2026-06-07_18-02-40_MDT\catalogs\cms_data\CMSD-0015_beneficiary-travel-distance-care\raw\page_0001.html
CMSP-0001,cms_provider_data,succeeded,200,0,,236,runs\2026-06-07_18-02-40_MDT\catalogs\cms_provider_data\CMSP-0001_infectious-disease-physician\json\page_0001.json,runs\2026-06-07_18-02-40_MDT\catalogs\cms_provider_data\CMSP-0001_infectious-disease-physician\notes\query.md,runs\2026-06-07_18-02-40_MDT\catalogs\cms_provider_data\CMSP-0001_infectious-disease-physician\raw\page_0001.html
CMSP-0002,cms_provider_data,succeeded,200,0,,207,runs\2026-06-07_18-02-40_MDT\catalogs\cms_provider_data\CMSP-0002_family-medicine\json\page_0001.json,runs\2026-06-07_18-02-40_MDT\catalogs\cms_provider_data\CMSP-0002_family-medicine\notes\query.md,runs\2026-06-07_18-02-40_MDT\catalogs\cms_provider_data\CMSP-0002_family-medicine\raw\page_0001.html
CMSP-0003,cms_provider_data,succeeded,200,0,,182,runs\2026-06-07_18-02-40_MDT\catalogs\cms_provider_data\CMSP-0003_internal-medicine\json\page_0001.json,runs\2026-06-07_18-02-40_MDT\catalogs\cms_provider_data\CMSP-0003_internal-medicine\notes\query.md,runs\2026-06-07_18-02-40_MDT\catalogs\cms_provider_data\CMSP-0003_internal-medicine\raw\page_0001.html
CMSP-0004,cms_provider_data,succeeded,200,0,,227,runs\2026-06-07_18-02-40_MDT\catalogs\cms_provider_data\CMSP-0004_pediatrics\json\page_0001.json,runs\2026-06-07_18-02-40_MDT\catalogs\cms_provider_data\CMSP-0004_pediatrics\notes\query.md,runs\2026-06-07_18-02-40_MDT\catalogs\cms_provider_data\CMSP-0004_pediatrics\raw\page_0001.html
CMSP-0005,cms_provider_data,succeeded,200,0,,303,runs\2026-06-07_18-02-40_MDT\catalogs\cms_provider_data\CMSP-0005_rheumatology\json\page_0001.json,runs\2026-06-07_18-02-40_MDT\catalogs\cms_provider_data\CMSP-0005_rheumatology\notes\query.md,runs\2026-06-07_18-02-40_MDT\catalogs\cms_provider_data\CMSP-0005_rheumatology\raw\page_0001.html
CMSP-0006,cms_provider_data,succeeded,200,0,,253,runs\2026-06-07_18-02-40_MDT\catalogs\cms_provider_data\CMSP-0006_neurology\json\page_0001.json,runs\2026-06-07_18-02-40_MDT\catalogs\cms_provider_data\CMSP-0006_neurology\notes\query.md,runs\2026-06-07_18-02-40_MDT\catalogs\cms_provider_data\CMSP-0006_neurology\raw\page_0001.html
CMSP-0007,cms_provider_data,succeeded,200,0,,210,runs\2026-06-07_18-02-40_MDT\catalogs\cms_provider_data\CMSP-0007_cardiology\json\page_0001.json,runs\2026-06-07_18-02-40_MDT\catalogs\cms_provider_data\CMSP-0007_cardiology\notes\query.md,runs\2026-06-07_18-02-40_MDT\catalogs\cms_provider_data\CMSP-0007_cardiology\raw\page_0001.html
CMSP-0008,cms_provider_data,succeeded,200,0,,206,runs\2026-06-07_18-02-40_MDT\catalogs\cms_provider_data\CMSP-0008_emergency-medicine\json\page_0001.json,runs\2026-06-07_18-02-40_MDT\catalogs\cms_provider_data\CMSP-0008_emergency-medicine\notes\query.md,runs\2026-06-07_18-02-40_MDT\catalogs\cms_provider_data\CMSP-0008_emergency-medicine\raw\page_0001.html
CMSP-0009,cms_provider_data,succeeded,200,0,,220,runs\2026-06-07_18-02-40_MDT\catalogs\cms_provider_data\CMSP-0009_clinical-laboratory\json\page_0001.json,runs\2026-06-07_18-02-40_MDT\catalogs\cms_provider_data\CMSP-0009_clinical-laboratory\notes\query.md,runs\2026-06-07_18-02-40_MDT\catalogs\cms_provider_data\CMSP-0009_clinical-laboratory\raw\page_0001.html
CMSP-0010,cms_provider_data,succeeded,200,0,,209,runs\2026-06-07_18-02-40_MDT\catalogs\cms_provider_data\CMSP-0010_critical-access-hospital\json\page_0001.json,runs\2026-06-07_18-02-40_MDT\catalogs\cms_provider_data\CMSP-0010_critical-access-hospital\notes\query.md,runs\2026-06-07_18-02-40_MDT\catalogs\cms_provider_data\CMSP-0010_critical-access-hospital\raw\page_0001.html
CMSP-0011,cms_provider_data,succeeded,200,0,,235,runs\2026-06-07_18-02-40_MDT\catalogs\cms_provider_data\CMSP-0011_rural-health-clinic\json\page_0001.json,runs\2026-06-07_18-02-40_MDT\catalogs\cms_provider_data\CMSP-0011_rural-health-clinic\notes\query.md,runs\2026-06-07_18-02-40_MDT\catalogs\cms_provider_data\CMSP-0011_rural-health-clinic\raw\page_0001.html
CMSP-0012,cms_provider_data,succeeded,200,0,,291,runs\2026-06-07_18-02-40_MDT\catalogs\cms_provider_data\CMSP-0012_federally-qualified-health-center\json\page_0001.json,runs\2026-06-07_18-02-40_MDT\catalogs\cms_provider_data\CMSP-0012_federally-qualified-health-center\notes\query.md,runs\2026-06-07_18-02-40_MDT\catalogs\cms_provider_data\CMSP-0012_federally-qualified-health-center\raw\page_0001.html
CMSP-0013,cms_provider_data,succeeded,200,0,,237,runs\2026-06-07_18-02-40_MDT\catalogs\cms_provider_data\CMSP-0013_telehealth-provider\json\page_0001.json,runs\2026-06-07_18-02-40_MDT\catalogs\cms_provider_data\CMSP-0013_telehealth-provider\notes\query.md,runs\2026-06-07_18-02-40_MDT\catalogs\cms_provider_data\CMSP-0013_telehealth-provider\raw\page_0001.html
CMSP-0014,cms_provider_data,succeeded,200,0,,233,runs\2026-06-07_18-02-40_MDT\catalogs\cms_provider_data\CMSP-0014_hospital-outpatient-department\json\page_0001.json,runs\2026-06-07_18-02-40_MDT\catalogs\cms_provider_data\CMSP-0014_hospital-outpatient-department\notes\query.md,runs\2026-06-07_18-02-40_MDT\catalogs\cms_provider_data\CMSP-0014_hospital-outpatient-department\raw\page_0001.html
CMSP-0015,cms_provider_data,succeeded,200,0,,231,runs\2026-06-07_18-02-40_MDT\catalogs\cms_provider_data\CMSP-0015_urgent-care\json\page_0001.json,runs\2026-06-07_18-02-40_MDT\catalogs\cms_provider_data\CMSP-0015_urgent-care\notes\query.md,runs\2026-06-07_18-02-40_MDT\catalogs\cms_provider_data\CMSP-0015_urgent-care\raw\page_0001.html
CTG-0001,clinicaltrials_gov,succeeded,200,100,130,672,runs\2026-06-07_18-02-40_MDT\catalogs\clinicaltrials_gov\CTG-0001_lyme-disease\json\page_0001.json,runs\2026-06-07_18-02-40_MDT\catalogs\clinicaltrials_gov\CTG-0001_lyme-disease\notes\query.md,runs\2026-06-07_18-02-40_MDT\catalogs\clinicaltrials_gov\CTG-0001_lyme-disease\raw\page_0001.bin
CTG-0002,clinicaltrials_gov,succeeded,200,100,126,850,runs\2026-06-07_18-02-40_MDT\catalogs\clinicaltrials_gov\CTG-0002_lyme-borreliosis\json\page_0001.json,runs\2026-06-07_18-02-40_MDT\catalogs\clinicaltrials_gov\CTG-0002_lyme-borreliosis\notes\query.md,runs\2026-06-07_18-02-40_MDT\catalogs\clinicaltrials_gov\CTG-0002_lyme-borreliosis\raw\page_0001.bin
CTG-0003,clinicaltrials_gov,succeeded,200,19,19,482,runs\2026-06-07_18-02-40_MDT\catalogs\clinicaltrials_gov\CTG-0003_borrelia-burgdorferi\json\page_0001.json,runs\2026-06-07_18-02-40_MDT\catalogs\clinicaltrials_gov\CTG-0003_borrelia-burgdorferi\notes\query.md,runs\2026-06-07_18-02-40_MDT\catalogs\clinicaltrials_gov\CTG-0003_borrelia-burgdorferi\raw\page_0001.bin
CTG-0004,clinicaltrials_gov,succeeded,200,0,0,276,runs\2026-06-07_18-02-40_MDT\catalogs\clinicaltrials_gov\CTG-0004_borrelia-mayonii\json\page_0001.json,runs\2026-06-07_18-02-40_MDT\catalogs\clinicaltrials_gov\CTG-0004_borrelia-mayonii\notes\query.md,runs\2026-06-07_18-02-40_MDT\catalogs\clinicaltrials_gov\CTG-0004_borrelia-mayonii\raw\page_0001.bin
CTG-0005,clinicaltrials_gov,succeeded,200,1,1,476,runs\2026-06-07_18-02-40_MDT\catalogs\clinicaltrials_gov\CTG-0005_borrelia-miyamotoi\json\page_0001.json,runs\2026-06-07_18-02-40_MDT\catalogs\clinicaltrials_gov\CTG-0005_borrelia-miyamotoi\notes\query.md,runs\2026-06-07_18-02-40_MDT\catalogs\clinicaltrials_gov\CTG-0005_borrelia-miyamotoi\raw\page_0001.bin
CTG-0006,clinicaltrials_gov,succeeded,200,0,0,669,runs\2026-06-07_18-02-40_MDT\catalogs\clinicaltrials_gov\CTG-0006_tickborne-disease\json\page_0001.json,runs\2026-06-07_18-02-40_MDT\catalogs\clinicaltrials_gov\CTG-0006_tickborne-disease\notes\query.md,runs\2026-06-07_18-02-40_MDT\catalogs\clinicaltrials_gov\CTG-0006_tickborne-disease\raw\page_0001.bin
CTG-0007,clinicaltrials_gov,succeeded,200,4,4,406,runs\2026-06-07_18-02-40_MDT\catalogs\clinicaltrials_gov\CTG-0007_blacklegged-tick\json\page_0001.json,runs\2026-06-07_18-02-40_MDT\catalogs\clinicaltrials_gov\CTG-0007_blacklegged-tick\notes\query.md,runs\2026-06-07_18-02-40_MDT\catalogs\clinicaltrials_gov\CTG-0007_blacklegged-tick\raw\page_0001.bin
CTG-0008,clinicaltrials_gov,succeeded,200,4,4,408,runs\2026-06-07_18-02-40_MDT\catalogs\clinicaltrials_gov\CTG-0008_ixodes-scapularis\json\page_0001.json,runs\2026-06-07_18-02-40_MDT\catalogs\clinicaltrials_gov\CTG-0008_ixodes-scapularis\notes\query.md,runs\2026-06-07_18-02-40_MDT\catalogs\clinicaltrials_gov\CTG-0008_ixodes-scapularis\raw\page_0001.bin
CTG-0009,clinicaltrials_gov,succeeded,200,100,123,823,runs\2026-06-07_18-02-40_MDT\catalogs\clinicaltrials_gov\CTG-0009_lyme-disease-diagnosis\json\page_0001.json,runs\2026-06-07_18-02-40_MDT\catalogs\clinicaltrials_gov\CTG-0009_lyme-disease-diagnosis\notes\query.md,runs\2026-06-07_18-02-40_MDT\catalogs\clinicaltrials_gov\CTG-0009_lyme-disease-diagnosis\raw\page_0001.bin
CTG-0010,clinicaltrials_gov,succeeded,200,1,1,316,runs\2026-06-07_18-02-40_MDT\catalogs\clinicaltrials_gov\CTG-0010_diagnostic-delay-lyme-disease\json\page_0001.json,runs\2026-06-07_18-02-40_MDT\catalogs\clinicaltrials_gov\CTG-0010_diagnostic-delay-lyme-disease\notes\query.md,runs\2026-06-07_18-02-40_MDT\catalogs\clinicaltrials_gov\CTG-0010_diagnostic-delay-lyme-disease\raw\page_0001.bin
CTG-0011,clinicaltrials_gov,succeeded,200,0,0,536,runs\2026-06-07_18-02-40_MDT\catalogs\clinicaltrials_gov\CTG-0011_delayed-diagnosis-tickborne-disease\json\page_0001.json,runs\2026-06-07_18-02-40_MDT\catalogs\clinicaltrials_gov\CTG-0011_delayed-diagnosis-tickborne-disease\notes\query.md,runs\2026-06-07_18-02-40_MDT\catalogs\clinicaltrials_gov\CTG-0011_delayed-diagnosis-tickborne-disease\raw\page_0001.bin
CTG-0012,clinicaltrials_gov,succeeded,200,0,0,476,runs\2026-06-07_18-02-40_MDT\catalogs\clinicaltrials_gov\CTG-0012_lyme-disease-misdiagnosis\json\page_0001.json,runs\2026-06-07_18-02-40_MDT\catalogs\clinicaltrials_gov\CTG-0012_lyme-disease-misdiagnosis\notes\query.md,runs\2026-06-07_18-02-40_MDT\catalogs\clinicaltrials_gov\CTG-0012_lyme-disease-misdiagnosis\raw\page_0001.bin
CTG-0013,clinicaltrials_gov,succeeded,200,27,27,758,runs\2026-06-07_18-02-40_MDT\catalogs\clinicaltrials_gov\CTG-0013_lyme-disease-differential-diagnosis\json\page_0001.json,runs\2026-06-07_18-02-40_MDT\catalogs\clinicaltrials_gov\CTG-0013_lyme-disease-differential-diagnosis\notes\query.md,runs\2026-06-07_18-02-40_MDT\catalogs\clinicaltrials_gov\CTG-0013_lyme-disease-differential-diagnosis\raw\page_0001.bin
CTG-0014,clinicaltrials_gov,succeeded,200,9,9,441,runs\2026-06-07_18-02-40_MDT\catalogs\clinicaltrials_gov\CTG-0014_lyme-serology\json\page_0001.json,runs\2026-06-07_18-02-40_MDT\catalogs\clinicaltrials_gov\CTG-0014_lyme-serology\notes\query.md,runs\2026-06-07_18-02-40_MDT\catalogs\clinicaltrials_gov\CTG-0014_lyme-serology\raw\page_0001.bin
CTG-0015,clinicaltrials_gov,succeeded,200,91,91,706,runs\2026-06-07_18-02-40_MDT\catalogs\clinicaltrials_gov\CTG-0015_lyme-disease-treatment\json\page_0001.json,runs\2026-06-07_18-02-40_MDT\catalogs\clinicaltrials_gov\CTG-0015_lyme-disease-treatment\notes\query.md,runs\2026-06-07_18-02-40_MDT\catalogs\clinicaltrials_gov\CTG-0015_lyme-disease-treatment\raw\page_0001.bin
CTG-0016,clinicaltrials_gov,succeeded,200,28,28,512,runs\2026-06-07_18-02-40_MDT\catalogs\clinicaltrials_gov\CTG-0016_doxycycline-lyme-disease\json\page_0001.json,runs\2026-06-07_18-02-40_MDT\catalogs\clinicaltrials_gov\CTG-0016_doxycycline-lyme-disease\notes\query.md,runs\2026-06-07_18-02-40_MDT\catalogs\clinicaltrials_gov\CTG-0016_doxycycline-lyme-disease\raw\page_0001.bin
CTG-0017,clinicaltrials_gov,succeeded,200,4,4,303,runs\2026-06-07_18-02-40_MDT\catalogs\clinicaltrials_gov\CTG-0017_amoxicillin-lyme-disease\json\page_0001.json,runs\2026-06-07_18-02-40_MDT\catalogs\clinicaltrials_gov\CTG-0017_amoxicillin-lyme-disease\notes\query.md,runs\2026-06-07_18-02-40_MDT\catalogs\clinicaltrials_gov\CTG-0017_amoxicillin-lyme-disease\raw\page_0001.bin
CTG-0018,clinicaltrials_gov,succeeded,200,4,4,593,runs\2026-06-07_18-02-40_MDT\catalogs\clinicaltrials_gov\CTG-0018_cefuroxime-lyme-disease\json\page_0001.json,runs\2026-06-07_18-02-40_MDT\catalogs\clinicaltrials_gov\CTG-0018_cefuroxime-lyme-disease\notes\query.md,runs\2026-06-07_18-02-40_MDT\catalogs\clinicaltrials_gov\CTG-0018_cefuroxime-lyme-disease\raw\page_0001.bin
CTG-0019,clinicaltrials_gov,succeeded,200,16,16,633,runs\2026-06-07_18-02-40_MDT\catalogs\clinicaltrials_gov\CTG-0019_ceftriaxone-lyme-disease\json\page_0001.json,runs\2026-06-07_18-02-40_MDT\catalogs\clinicaltrials_gov\CTG-0019_ceftriaxone-lyme-disease\notes\query.md,runs\2026-06-07_18-02-40_MDT\catalogs\clinicaltrials_gov\CTG-0019_ceftriaxone-lyme-disease\raw\page_0001.bin
CTG-0020,clinicaltrials_gov,succeeded,200,38,38,712,runs\2026-06-07_18-02-40_MDT\catalogs\clinicaltrials_gov\CTG-0020_antibiotics-lyme-disease\json\page_0001.json,runs\2026-06-07_18-02-40_MDT\catalogs\clinicaltrials_gov\CTG-0020_antibiotics-lyme-disease\notes\query.md,runs\2026-06-07_18-02-40_MDT\catalogs\clinicaltrials_gov\CTG-0020_antibiotics-lyme-disease\raw\page_0001.bin
CTG-0021,clinicaltrials_gov,succeeded,200,0,0,264,runs\2026-06-07_18-02-40_MDT\catalogs\clinicaltrials_gov\CTG-0021_lyme-babesiosis-coinfection\json\page_0001.json,runs\2026-06-07_18-02-40_MDT\catalogs\clinicaltrials_gov\CTG-0021_lyme-babesiosis-coinfection\notes\query.md,runs\2026-06-07_18-02-40_MDT\catalogs\clinicaltrials_gov\CTG-0021_lyme-babesiosis-coinfection\raw\page_0001.bin
CTG-0022,clinicaltrials_gov,succeeded,200,0,0,254,runs\2026-06-07_18-02-40_MDT\catalogs\clinicaltrials_gov\CTG-0022_lyme-anaplasmosis-coinfection\json\page_0001.json,runs\2026-06-07_18-02-40_MDT\catalogs\clinicaltrials_gov\CTG-0022_lyme-anaplasmosis-coinfection\notes\query.md,runs\2026-06-07_18-02-40_MDT\catalogs\clinicaltrials_gov\CTG-0022_lyme-anaplasmosis-coinfection\raw\page_0001.bin
DGOV-0001,data_gov,succeeded,200,17,,429,runs\2026-06-07_18-02-40_MDT\catalogs\data_gov\DGOV-0001_lyme-disease\json\page_0001.json,runs\2026-06-07_18-02-40_MDT\catalogs\data_gov\DGOV-0001_lyme-disease\notes\query.md,runs\2026-06-07_18-02-40_MDT\catalogs\data_gov\DGOV-0001_lyme-disease\raw\page_0001.json
DGOV-0002,data_gov,succeeded,200,0,,402,runs\2026-06-07_18-02-40_MDT\catalogs\data_gov\DGOV-0002_lyme-borreliosis\json\page_0001.json,runs\2026-06-07_18-02-40_MDT\catalogs\data_gov\DGOV-0002_lyme-borreliosis\notes\query.md,runs\2026-06-07_18-02-40_MDT\catalogs\data_gov\DGOV-0002_lyme-borreliosis\raw\page_0001.json
DGOV-0003,data_gov,succeeded,200,6,,437,runs\2026-06-07_18-02-40_MDT\catalogs\data_gov\DGOV-0003_borrelia-burgdorferi\json\page_0001.json,runs\2026-06-07_18-02-40_MDT\catalogs\data_gov\DGOV-0003_borrelia-burgdorferi\notes\query.md,runs\2026-06-07_18-02-40_MDT\catalogs\data_gov\DGOV-0003_borrelia-burgdorferi\raw\page_0001.json
DGOV-0004,data_gov,succeeded,200,0,,398,runs\2026-06-07_18-02-40_MDT\catalogs\data_gov\DGOV-0004_borrelia-mayonii\json\page_0001.json,runs\2026-06-07_18-02-40_MDT\catalogs\data_gov\DGOV-0004_borrelia-mayonii\notes\query.md,runs\2026-06-07_18-02-40_MDT\catalogs\data_gov\DGOV-0004_borrelia-mayonii\raw\page_0001.json
DGOV-0005,data_gov,succeeded,200,0,,304,runs\2026-06-07_18-02-40_MDT\catalogs\data_gov\DGOV-0005_borrelia-miyamotoi\json\page_0001.json,runs\2026-06-07_18-02-40_MDT\catalogs\data_gov\DGOV-0005_borrelia-miyamotoi\notes\query.md,runs\2026-06-07_18-02-40_MDT\catalogs\data_gov\DGOV-0005_borrelia-miyamotoi\raw\page_0001.json
DGOV-0006,data_gov,succeeded,200,7,,279,runs\2026-06-07_18-02-40_MDT\catalogs\data_gov\DGOV-0006_tickborne-disease\json\page_0001.json,runs\2026-06-07_18-02-40_MDT\catalogs\data_gov\DGOV-0006_tickborne-disease\notes\query.md,runs\2026-06-07_18-02-40_MDT\catalogs\data_gov\DGOV-0006_tickborne-disease\raw\page_0001.json
DGOV-0007,data_gov,succeeded,200,2,,284,runs\2026-06-07_18-02-40_MDT\catalogs\data_gov\DGOV-0007_blacklegged-tick\json\page_0001.json,runs\2026-06-07_18-02-40_MDT\catalogs\data_gov\DGOV-0007_blacklegged-tick\notes\query.md,runs\2026-06-07_18-02-40_MDT\catalogs\data_gov\DGOV-0007_blacklegged-tick\raw\page_0001.json
DGOV-0008,data_gov,succeeded,200,2,,266,runs\2026-06-07_18-02-40_MDT\catalogs\data_gov\DGOV-0008_ixodes-scapularis\json\page_0001.json,runs\2026-06-07_18-02-40_MDT\catalogs\data_gov\DGOV-0008_ixodes-scapularis\notes\query.md,runs\2026-06-07_18-02-40_MDT\catalogs\data_gov\DGOV-0008_ixodes-scapularis\raw\page_0001.json
DGOV-0009,data_gov,succeeded,200,0,,334,runs\2026-06-07_18-02-40_MDT\catalogs\data_gov\DGOV-0009_ixodes-pacificus\json\page_0001.json,runs\2026-06-07_18-02-40_MDT\catalogs\data_gov\DGOV-0009_ixodes-pacificus\notes\query.md,runs\2026-06-07_18-02-40_MDT\catalogs\data_gov\DGOV-0009_ixodes-pacificus\raw\page_0001.json
DGOV-0010,data_gov,succeeded,200,0,,233,runs\2026-06-07_18-02-40_MDT\catalogs\data_gov\DGOV-0010_erythema-migrans\json\page_0001.json,runs\2026-06-07_18-02-40_MDT\catalogs\data_gov\DGOV-0010_erythema-migrans\notes\query.md,runs\2026-06-07_18-02-40_MDT\catalogs\data_gov\DGOV-0010_erythema-migrans\raw\page_0001.json
DGOV-0011,data_gov,succeeded,200,0,,316,runs\2026-06-07_18-02-40_MDT\catalogs\data_gov\DGOV-0011_neuroborreliosis\json\page_0001.json,runs\2026-06-07_18-02-40_MDT\catalogs\data_gov\DGOV-0011_neuroborreliosis\notes\query.md,runs\2026-06-07_18-02-40_MDT\catalogs\data_gov\DGOV-0011_neuroborreliosis\raw\page_0001.json
DGOV-0012,data_gov,succeeded,200,2,,317,runs\2026-06-07_18-02-40_MDT\catalogs\data_gov\DGOV-0012_lyme-arthritis\json\page_0001.json,runs\2026-06-07_18-02-40_MDT\catalogs\data_gov\DGOV-0012_lyme-arthritis\notes\query.md,runs\2026-06-07_18-02-40_MDT\catalogs\data_gov\DGOV-0012_lyme-arthritis\raw\page_0001.json
DGOV-0013,data_gov,succeeded,200,0,,301,runs\2026-06-07_18-02-40_MDT\catalogs\data_gov\DGOV-0013_lyme-carditis\json\page_0001.json,runs\2026-06-07_18-02-40_MDT\catalogs\data_gov\DGOV-0013_lyme-carditis\notes\query.md,runs\2026-06-07_18-02-40_MDT\catalogs\data_gov\DGOV-0013_lyme-carditis\raw\page_0001.json
DGOV-0014,data_gov,succeeded,200,0,,294,runs\2026-06-07_18-02-40_MDT\catalogs\data_gov\DGOV-0014_early-localized-lyme-disease\json\page_0001.json,runs\2026-06-07_18-02-40_MDT\catalogs\data_gov\DGOV-0014_early-localized-lyme-disease\notes\query.md,runs\2026-06-07_18-02-40_MDT\catalogs\data_gov\DGOV-0014_early-localized-lyme-disease\raw\page_0001.json
DGOV-0015,data_gov,succeeded,200,0,,261,runs\2026-06-07_18-02-40_MDT\catalogs\data_gov\DGOV-0015_early-disseminated-lyme-disease\json\page_0001.json,runs\2026-06-07_18-02-40_MDT\catalogs\data_gov\DGOV-0015_early-disseminated-lyme-disease\notes\query.md,runs\2026-06-07_18-02-40_MDT\catalogs\data_gov\DGOV-0015_early-disseminated-lyme-disease\raw\page_0001.json
DGOV-0016,data_gov,succeeded,200,0,,277,runs\2026-06-07_18-02-40_MDT\catalogs\data_gov\DGOV-0016_lyme-disease-diagnosis\json\page_0001.json,runs\2026-06-07_18-02-40_MDT\catalogs\data_gov\DGOV-0016_lyme-disease-diagnosis\notes\query.md,runs\2026-06-07_18-02-40_MDT\catalogs\data_gov\DGOV-0016_lyme-disease-diagnosis\raw\page_0001.json
DGOV-0017,data_gov,succeeded,200,0,,313,runs\2026-06-07_18-02-40_MDT\catalogs\data_gov\DGOV-0017_diagnostic-delay-lyme-disease\json\page_0001.json,runs\2026-06-07_18-02-40_MDT\catalogs\data_gov\DGOV-0017_diagnostic-delay-lyme-disease\notes\query.md,runs\2026-06-07_18-02-40_MDT\catalogs\data_gov\DGOV-0017_diagnostic-delay-lyme-disease\raw\page_0001.json
DGOV-0018,data_gov,succeeded,200,0,,309,runs\2026-06-07_18-02-40_MDT\catalogs\data_gov\DGOV-0018_delayed-diagnosis-tickborne-disease\json\page_0001.json,runs\2026-06-07_18-02-40_MDT\catalogs\data_gov\DGOV-0018_delayed-diagnosis-tickborne-disease\notes\query.md,runs\2026-06-07_18-02-40_MDT\catalogs\data_gov\DGOV-0018_delayed-diagnosis-tickborne-disease\raw\page_0001.json
DGOV-0019,data_gov,succeeded,200,0,,321,runs\2026-06-07_18-02-40_MDT\catalogs\data_gov\DGOV-0019_lyme-disease-misdiagnosis\json\page_0001.json,runs\2026-06-07_18-02-40_MDT\catalogs\data_gov\DGOV-0019_lyme-disease-misdiagnosis\notes\query.md,runs\2026-06-07_18-02-40_MDT\catalogs\data_gov\DGOV-0019_lyme-disease-misdiagnosis\raw\page_0001.json
DGOV-0020,data_gov,succeeded,200,0,,252,runs\2026-06-07_18-02-40_MDT\catalogs\data_gov\DGOV-0020_lyme-disease-differential-diagnosis\json\page_0001.json,runs\2026-06-07_18-02-40_MDT\catalogs\data_gov\DGOV-0020_lyme-disease-differential-diagnosis\notes\query.md,runs\2026-06-07_18-02-40_MDT\catalogs\data_gov\DGOV-0020_lyme-disease-differential-diagnosis\raw\page_0001.json
DGOV-0021,data_gov,succeeded,200,0,,256,runs\2026-06-07_18-02-40_MDT\catalogs\data_gov\DGOV-0021_lyme-serology\json\page_0001.json,runs\2026-06-07_18-02-40_MDT\catalogs\data_gov\DGOV-0021_lyme-serology\notes\query.md,runs\2026-06-07_18-02-40_MDT\catalogs\data_gov\DGOV-0021_lyme-serology\raw\page_0001.json
DGOV-0022,data_gov,succeeded,200,0,,235,runs\2026-06-07_18-02-40_MDT\catalogs\data_gov\DGOV-0022_two-tier-lyme-testing\json\page_0001.json,runs\2026-06-07_18-02-40_MDT\catalogs\data_gov\DGOV-0022_two-tier-lyme-testing\notes\query.md,runs\2026-06-07_18-02-40_MDT\catalogs\data_gov\DGOV-0022_two-tier-lyme-testing\raw\page_0001.json
DGOV-0023,data_gov,succeeded,200,0,,260,runs\2026-06-07_18-02-40_MDT\catalogs\data_gov\DGOV-0023_modified-two-tier-testing-lyme\json\page_0001.json,runs\2026-06-07_18-02-40_MDT\catalogs\data_gov\DGOV-0023_modified-two-tier-testing-lyme\notes\query.md,runs\2026-06-07_18-02-40_MDT\catalogs\data_gov\DGOV-0023_modified-two-tier-testing-lyme\raw\page_0001.json
DGOV-0024,data_gov,succeeded,200,4,,276,runs\2026-06-07_18-02-40_MDT\catalogs\data_gov\DGOV-0024_lyme-disease-surveillance\json\page_0001.json,runs\2026-06-07_18-02-40_MDT\catalogs\data_gov\DGOV-0024_lyme-disease-surveillance\notes\query.md,runs\2026-06-07_18-02-40_MDT\catalogs\data_gov\DGOV-0024_lyme-disease-surveillance\raw\page_0001.json
DGOV-0025,data_gov,succeeded,200,2,,292,runs\2026-06-07_18-02-40_MDT\catalogs\data_gov\DGOV-0025_lyme-disease-incidence\json\page_0001.json,runs\2026-06-07_18-02-40_MDT\catalogs\data_gov\DGOV-0025_lyme-disease-incidence\notes\query.md,runs\2026-06-07_18-02-40_MDT\catalogs\data_gov\DGOV-0025_lyme-disease-incidence\raw\page_0001.json
DGOV-0026,data_gov,succeeded,200,3,,284,runs\2026-06-07_18-02-40_MDT\catalogs\data_gov\DGOV-0026_lyme-disease-case-counts\json\page_0001.json,runs\2026-06-07_18-02-40_MDT\catalogs\data_gov\DGOV-0026_lyme-disease-case-counts\notes\query.md,runs\2026-06-07_18-02-40_MDT\catalogs\data_gov\DGOV-0026_lyme-disease-case-counts\raw\page_0001.json
DGOV-0027,data_gov,succeeded,200,0,,245,runs\2026-06-07_18-02-40_MDT\catalogs\data_gov\DGOV-0027_lyme-disease-underreporting\json\page_0001.json,runs\2026-06-07_18-02-40_MDT\catalogs\data_gov\DGOV-0027_lyme-disease-underreporting\notes\query.md,runs\2026-06-07_18-02-40_MDT\catalogs\data_gov\DGOV-0027_lyme-disease-underreporting\raw\page_0001.json
DGOV-0028,data_gov,succeeded,200,0,,237,runs\2026-06-07_18-02-40_MDT\catalogs\data_gov\DGOV-0028_lyme-disease-case-definition\json\page_0001.json,runs\2026-06-07_18-02-40_MDT\catalogs\data_gov\DGOV-0028_lyme-disease-case-definition\notes\query.md,runs\2026-06-07_18-02-40_MDT\catalogs\data_gov\DGOV-0028_lyme-disease-case-definition\raw\page_0001.json
DGOV-0029,data_gov,succeeded,200,3,,325,runs\2026-06-07_18-02-40_MDT\catalogs\data_gov\DGOV-0029_notifiable-disease-lyme\json\page_0001.json,runs\2026-06-07_18-02-40_MDT\catalogs\data_gov\DGOV-0029_notifiable-disease-lyme\notes\query.md,runs\2026-06-07_18-02-40_MDT\catalogs\data_gov\DGOV-0029_notifiable-disease-lyme\raw\page_0001.json
DGOV-0030,data_gov,succeeded,200,0,,260,runs\2026-06-07_18-02-40_MDT\catalogs\data_gov\DGOV-0030_tickborne-disease-surveillance\json\page_0001.json,runs\2026-06-07_18-02-40_MDT\catalogs\data_gov\DGOV-0030_tickborne-disease-surveillance\notes\query.md,runs\2026-06-07_18-02-40_MDT\catalogs\data_gov\DGOV-0030_tickborne-disease-surveillance\raw\page_0001.json
DGOV-0031,data_gov,succeeded,200,1,,265,runs\2026-06-07_18-02-40_MDT\catalogs\data_gov\DGOV-0031_tick-surveillance\json\page_0001.json,runs\2026-06-07_18-02-40_MDT\catalogs\data_gov\DGOV-0031_tick-surveillance\notes\query.md,runs\2026-06-07_18-02-40_MDT\catalogs\data_gov\DGOV-0031_tick-surveillance\raw\page_0001.json
DGOV-0032,data_gov,succeeded,200,0,,249,runs\2026-06-07_18-02-40_MDT\catalogs\data_gov\DGOV-0032_tick-pathogen-surveillance\json\page_0001.json,runs\2026-06-07_18-02-40_MDT\catalogs\data_gov\DGOV-0032_tick-pathogen-surveillance\notes\query.md,runs\2026-06-07_18-02-40_MDT\catalogs\data_gov\DGOV-0032_tick-pathogen-surveillance\raw\page_0001.json
DGOV-0033,data_gov,succeeded,200,1,,316,runs\2026-06-07_18-02-40_MDT\catalogs\data_gov\DGOV-0033_county-lyme-disease\json\page_0001.json,runs\2026-06-07_18-02-40_MDT\catalogs\data_gov\DGOV-0033_county-lyme-disease\notes\query.md,runs\2026-06-07_18-02-40_MDT\catalogs\data_gov\DGOV-0033_county-lyme-disease\raw\page_0001.json
DGOV-0034,data_gov,succeeded,200,0,,301,runs\2026-06-07_18-02-40_MDT\catalogs\data_gov\DGOV-0034_lyme-disease-access-to-care\json\page_0001.json,runs\2026-06-07_18-02-40_MDT\catalogs\data_gov\DGOV-0034_lyme-disease-access-to-care\notes\query.md,runs\2026-06-07_18-02-40_MDT\catalogs\data_gov\DGOV-0034_lyme-disease-access-to-care\raw\page_0001.json
DGOV-0035,data_gov,succeeded,200,0,,300,runs\2026-06-07_18-02-40_MDT\catalogs\data_gov\DGOV-0035_lyme-disease-provider-shortage\json\page_0001.json,runs\2026-06-07_18-02-40_MDT\catalogs\data_gov\DGOV-0035_lyme-disease-provider-shortage\notes\query.md,runs\2026-06-07_18-02-40_MDT\catalogs\data_gov\DGOV-0035_lyme-disease-provider-shortage\raw\page_0001.json
DGOV-0036,data_gov,succeeded,200,0,,274,runs\2026-06-07_18-02-40_MDT\catalogs\data_gov\DGOV-0036_infectious-disease-specialist-access\json\page_0001.json,runs\2026-06-07_18-02-40_MDT\catalogs\data_gov\DGOV-0036_infectious-disease-specialist-access\notes\query.md,runs\2026-06-07_18-02-40_MDT\catalogs\data_gov\DGOV-0036_infectious-disease-specialist-access\raw\page_0001.json
DGOV-0037,data_gov,succeeded,200,0,,282,runs\2026-06-07_18-02-40_MDT\catalogs\data_gov\DGOV-0037_rheumatology-access-lyme\json\page_0001.json,runs\2026-06-07_18-02-40_MDT\catalogs\data_gov\DGOV-0037_rheumatology-access-lyme\notes\query.md,runs\2026-06-07_18-02-40_MDT\catalogs\data_gov\DGOV-0037_rheumatology-access-lyme\raw\page_0001.json
DGOV-0038,data_gov,succeeded,200,0,,257,runs\2026-06-07_18-02-40_MDT\catalogs\data_gov\DGOV-0038_neurology-access-lyme\json\page_0001.json,runs\2026-06-07_18-02-40_MDT\catalogs\data_gov\DGOV-0038_neurology-access-lyme\notes\query.md,runs\2026-06-07_18-02-40_MDT\catalogs\data_gov\DGOV-0038_neurology-access-lyme\raw\page_0001.json
DGOV-0039,data_gov,succeeded,200,0,,236,runs\2026-06-07_18-02-40_MDT\catalogs\data_gov\DGOV-0039_cardiology-access-lyme\json\page_0001.json,runs\2026-06-07_18-02-40_MDT\catalogs\data_gov\DGOV-0039_cardiology-access-lyme\notes\query.md,runs\2026-06-07_18-02-40_MDT\catalogs\data_gov\DGOV-0039_cardiology-access-lyme\raw\page_0001.json
DGOV-0040,data_gov,succeeded,200,0,,252,runs\2026-06-07_18-02-40_MDT\catalogs\data_gov\DGOV-0040_primary-care-lyme-disease\json\page_0001.json,runs\2026-06-07_18-02-40_MDT\catalogs\data_gov\DGOV-0040_primary-care-lyme-disease\notes\query.md,runs\2026-06-07_18-02-40_MDT\catalogs\data_gov\DGOV-0040_primary-care-lyme-disease\raw\page_0001.json
EPA-0001,epa_enviroatlas,succeeded,202,0,,170,runs\2026-06-07_18-02-40_MDT\catalogs\epa_enviroatlas\EPA-0001_forest-and-woodland-cover\json\page_0001.json,runs\2026-06-07_18-02-40_MDT\catalogs\epa_enviroatlas\EPA-0001_forest-and-woodland-cover\notes\query.md,runs\2026-06-07_18-02-40_MDT\catalogs\epa_enviroatlas\EPA-0001_forest-and-woodland-cover\raw\page_0001.html
EPA-0002,epa_enviroatlas,succeeded,202,0,,122,runs\2026-06-07_18-02-40_MDT\catalogs\epa_enviroatlas\EPA-0002_tree-cover\json\page_0001.json,runs\2026-06-07_18-02-40_MDT\catalogs\epa_enviroatlas\EPA-0002_tree-cover\notes\query.md,runs\2026-06-07_18-02-40_MDT\catalogs\epa_enviroatlas\EPA-0002_tree-cover\raw\page_0001.html
EPA-0003,epa_enviroatlas,succeeded,202,0,,125,runs\2026-06-07_18-02-40_MDT\catalogs\epa_enviroatlas\EPA-0003_green-space\json\page_0001.json,runs\2026-06-07_18-02-40_MDT\catalogs\epa_enviroatlas\EPA-0003_green-space\notes\query.md,runs\2026-06-07_18-02-40_MDT\catalogs\epa_enviroatlas\EPA-0003_green-space\raw\page_0001.html
EPA-0004,epa_enviroatlas,succeeded,202,0,,108,runs\2026-06-07_18-02-40_MDT\catalogs\epa_enviroatlas\EPA-0004_land-use-mix\json\page_0001.json,runs\2026-06-07_18-02-40_MDT\catalogs\epa_enviroatlas\EPA-0004_land-use-mix\notes\query.md,runs\2026-06-07_18-02-40_MDT\catalogs\epa_enviroatlas\EPA-0004_land-use-mix\raw\page_0001.html
EPA-0005,epa_enviroatlas,succeeded,202,0,,125,runs\2026-06-07_18-02-40_MDT\catalogs\epa_enviroatlas\EPA-0005_road-density\json\page_0001.json,runs\2026-06-07_18-02-40_MDT\catalogs\epa_enviroatlas\EPA-0005_road-density\notes\query.md,runs\2026-06-07_18-02-40_MDT\catalogs\epa_enviroatlas\EPA-0005_road-density\raw\page_0001.html
EPA-0006,epa_enviroatlas,succeeded,202,0,,118,runs\2026-06-07_18-02-40_MDT\catalogs\epa_enviroatlas\EPA-0006_population-density\json\page_0001.json,runs\2026-06-07_18-02-40_MDT\catalogs\epa_enviroatlas\EPA-0006_population-density\notes\query.md,runs\2026-06-07_18-02-40_MDT\catalogs\epa_enviroatlas\EPA-0006_population-density\raw\page_0001.html
EPA-0007,epa_enviroatlas,succeeded,202,0,,106,runs\2026-06-07_18-02-40_MDT\catalogs\epa_enviroatlas\EPA-0007_recreation-access\json\page_0001.json,runs\2026-06-07_18-02-40_MDT\catalogs\epa_enviroatlas\EPA-0007_recreation-access\notes\query.md,runs\2026-06-07_18-02-40_MDT\catalogs\epa_enviroatlas\EPA-0007_recreation-access\raw\page_0001.html
EPA-0008,epa_enviroatlas,succeeded,202,0,,125,runs\2026-06-07_18-02-40_MDT\catalogs\epa_enviroatlas\EPA-0008_ecosystem-services-human-health\json\page_0001.json,runs\2026-06-07_18-02-40_MDT\catalogs\epa_enviroatlas\EPA-0008_ecosystem-services-human-health\notes\query.md,runs\2026-06-07_18-02-40_MDT\catalogs\epa_enviroatlas\EPA-0008_ecosystem-services-human-health\raw\page_0001.html
FDAE-0001,openfda_drug_event,succeeded,200,100,,1625,runs\2026-06-07_18-02-40_MDT\catalogs\openfda_drug_event\FDAE-0001_doxycycline-adverse-events\json\page_0001.json,runs\2026-06-07_18-02-40_MDT\catalogs\openfda_drug_event\FDAE-0001_doxycycline-adverse-events\notes\query.md,runs\2026-06-07_18-02-40_MDT\catalogs\openfda_drug_event\FDAE-0001_doxycycline-adverse-events\raw\page_0001.json
FDAE-0002,openfda_drug_event,succeeded,200,100,,1685,runs\2026-06-07_18-02-40_MDT\catalogs\openfda_drug_event\FDAE-0002_amoxicillin-adverse-events\json\page_0001.json,runs\2026-06-07_18-02-40_MDT\catalogs\openfda_drug_event\FDAE-0002_amoxicillin-adverse-events\notes\query.md,runs\2026-06-07_18-02-40_MDT\catalogs\openfda_drug_event\FDAE-0002_amoxicillin-adverse-events\raw\page_0001.json
FDAE-0003,openfda_drug_event,succeeded,200,100,,1073,runs\2026-06-07_18-02-40_MDT\catalogs\openfda_drug_event\FDAE-0003_cefuroxime-adverse-events\json\page_0001.json,runs\2026-06-07_18-02-40_MDT\catalogs\openfda_drug_event\FDAE-0003_cefuroxime-adverse-events\notes\query.md,runs\2026-06-07_18-02-40_MDT\catalogs\openfda_drug_event\FDAE-0003_cefuroxime-adverse-events\raw\page_0001.json
FDAE-0004,openfda_drug_event,succeeded,200,100,,1423,runs\2026-06-07_18-02-40_MDT\catalogs\openfda_drug_event\FDAE-0004_ceftriaxone-adverse-events\json\page_0001.json,runs\2026-06-07_18-02-40_MDT\catalogs\openfda_drug_event\FDAE-0004_ceftriaxone-adverse-events\notes\query.md,runs\2026-06-07_18-02-40_MDT\catalogs\openfda_drug_event\FDAE-0004_ceftriaxone-adverse-events\raw\page_0001.json
FDAE-0005,openfda_drug_event,succeeded,200,100,,1577,runs\2026-06-07_18-02-40_MDT\catalogs\openfda_drug_event\FDAE-0005_azithromycin-adverse-events\json\page_0001.json,runs\2026-06-07_18-02-40_MDT\catalogs\openfda_drug_event\FDAE-0005_azithromycin-adverse-events\notes\query.md,runs\2026-06-07_18-02-40_MDT\catalogs\openfda_drug_event\FDAE-0005_azithromycin-adverse-events\raw\page_0001.json
FDAE-0006,openfda_drug_event,succeeded,200,100,,1260,runs\2026-06-07_18-02-40_MDT\catalogs\openfda_drug_event\FDAE-0006_minocycline-adverse-events\json\page_0001.json,runs\2026-06-07_18-02-40_MDT\catalogs\openfda_drug_event\FDAE-0006_minocycline-adverse-events\notes\query.md,runs\2026-06-07_18-02-40_MDT\catalogs\openfda_drug_event\FDAE-0006_minocycline-adverse-events\raw\page_0001.json
FDAE-0007,openfda_drug_event,succeeded,200,100,,1051,runs\2026-06-07_18-02-40_MDT\catalogs\openfda_drug_event\FDAE-0007_penicillin-adverse-events\json\page_0001.json,runs\2026-06-07_18-02-40_MDT\catalogs\openfda_drug_event\FDAE-0007_penicillin-adverse-events\notes\query.md,runs\2026-06-07_18-02-40_MDT\catalogs\openfda_drug_event\FDAE-0007_penicillin-adverse-events\raw\page_0001.json
FDAL-0001,openfda_drug_label,succeeded,200,100,,2511,runs\2026-06-07_18-02-40_MDT\catalogs\openfda_drug_label\FDAL-0001_doxycycline\json\page_0001.json,runs\2026-06-07_18-02-40_MDT\catalogs\openfda_drug_label\FDAL-0001_doxycycline\notes\query.md,runs\2026-06-07_18-02-40_MDT\catalogs\openfda_drug_label\FDAL-0001_doxycycline\raw\page_0001.json
FDAL-0002,openfda_drug_label,succeeded,200,100,,1505,runs\2026-06-07_18-02-40_MDT\catalogs\openfda_drug_label\FDAL-0002_amoxicillin\json\page_0001.json,runs\2026-06-07_18-02-40_MDT\catalogs\openfda_drug_label\FDAL-0002_amoxicillin\notes\query.md,runs\2026-06-07_18-02-40_MDT\catalogs\openfda_drug_label\FDAL-0002_amoxicillin\raw\page_0001.json
FDAL-0003,openfda_drug_label,succeeded,200,37,,701,runs\2026-06-07_18-02-40_MDT\catalogs\openfda_drug_label\FDAL-0003_cefuroxime\json\page_0001.json,runs\2026-06-07_18-02-40_MDT\catalogs\openfda_drug_label\FDAL-0003_cefuroxime\notes\query.md,runs\2026-06-07_18-02-40_MDT\catalogs\openfda_drug_label\FDAL-0003_cefuroxime\raw\page_0001.json
FDAL-0004,openfda_drug_label,succeeded,200,34,,736,runs\2026-06-07_18-02-40_MDT\catalogs\openfda_drug_label\FDAL-0004_ceftriaxone\json\page_0001.json,runs\2026-06-07_18-02-40_MDT\catalogs\openfda_drug_label\FDAL-0004_ceftriaxone\notes\query.md,runs\2026-06-07_18-02-40_MDT\catalogs\openfda_drug_label\FDAL-0004_ceftriaxone\raw\page_0001.json
FDAL-0005,openfda_drug_label,succeeded,200,100,,1782,runs\2026-06-07_18-02-40_MDT\catalogs\openfda_drug_label\FDAL-0005_azithromycin\json\page_0001.json,runs\2026-06-07_18-02-40_MDT\catalogs\openfda_drug_label\FDAL-0005_azithromycin\notes\query.md,runs\2026-06-07_18-02-40_MDT\catalogs\openfda_drug_label\FDAL-0005_azithromycin\raw\page_0001.json
FDAL-0006,openfda_drug_label,succeeded,200,75,,1566,runs\2026-06-07_18-02-40_MDT\catalogs\openfda_drug_label\FDAL-0006_minocycline\json\page_0001.json,runs\2026-06-07_18-02-40_MDT\catalogs\openfda_drug_label\FDAL-0006_minocycline\notes\query.md,runs\2026-06-07_18-02-40_MDT\catalogs\openfda_drug_label\FDAL-0006_minocycline\raw\page_0001.json
FDAL-0007,openfda_drug_label,succeeded,200,73,,822,runs\2026-06-07_18-02-40_MDT\catalogs\openfda_drug_label\FDAL-0007_penicillin\json\page_0001.json,runs\2026-06-07_18-02-40_MDT\catalogs\openfda_drug_label\FDAL-0007_penicillin\notes\query.md,runs\2026-06-07_18-02-40_MDT\catalogs\openfda_drug_label\FDAL-0007_penicillin\raw\page_0001.json
HDAT-0001,healthdata_gov,succeeded,200,31,,891,runs\2026-06-07_18-02-40_MDT\catalogs\healthdata_gov\HDAT-0001_lyme-disease\json\page_0001.json,runs\2026-06-07_18-02-40_MDT\catalogs\healthdata_gov\HDAT-0001_lyme-disease\notes\query.md,runs\2026-06-07_18-02-40_MDT\catalogs\healthdata_gov\HDAT-0001_lyme-disease\raw\page_0001.json
HDAT-0002,healthdata_gov,succeeded,200,0,,635,runs\2026-06-07_18-02-40_MDT\catalogs\healthdata_gov\HDAT-0002_lyme-borreliosis\json\page_0001.json,runs\2026-06-07_18-02-40_MDT\catalogs\healthdata_gov\HDAT-0002_lyme-borreliosis\notes\query.md,runs\2026-06-07_18-02-40_MDT\catalogs\healthdata_gov\HDAT-0002_lyme-borreliosis\raw\page_0001.json
HDAT-0003,healthdata_gov,succeeded,200,5,,698,runs\2026-06-07_18-02-40_MDT\catalogs\healthdata_gov\HDAT-0003_borrelia-burgdorferi\json\page_0001.json,runs\2026-06-07_18-02-40_MDT\catalogs\healthdata_gov\HDAT-0003_borrelia-burgdorferi\notes\query.md,runs\2026-06-07_18-02-40_MDT\catalogs\healthdata_gov\HDAT-0003_borrelia-burgdorferi\raw\page_0001.json
HDAT-0004,healthdata_gov,succeeded,200,0,,596,runs\2026-06-07_18-02-40_MDT\catalogs\healthdata_gov\HDAT-0004_borrelia-mayonii\json\page_0001.json,runs\2026-06-07_18-02-40_MDT\catalogs\healthdata_gov\HDAT-0004_borrelia-mayonii\notes\query.md,runs\2026-06-07_18-02-40_MDT\catalogs\healthdata_gov\HDAT-0004_borrelia-mayonii\raw\page_0001.json
HDAT-0005,healthdata_gov,succeeded,200,2,,507,runs\2026-06-07_18-02-40_MDT\catalogs\healthdata_gov\HDAT-0005_borrelia-miyamotoi\json\page_0001.json,runs\2026-06-07_18-02-40_MDT\catalogs\healthdata_gov\HDAT-0005_borrelia-miyamotoi\notes\query.md,runs\2026-06-07_18-02-40_MDT\catalogs\healthdata_gov\HDAT-0005_borrelia-miyamotoi\raw\page_0001.json
HDAT-0006,healthdata_gov,succeeded,200,12,,705,runs\2026-06-07_18-02-40_MDT\catalogs\healthdata_gov\HDAT-0006_tickborne-disease\json\page_0001.json,runs\2026-06-07_18-02-40_MDT\catalogs\healthdata_gov\HDAT-0006_tickborne-disease\notes\query.md,runs\2026-06-07_18-02-40_MDT\catalogs\healthdata_gov\HDAT-0006_tickborne-disease\raw\page_0001.json
HDAT-0007,healthdata_gov,succeeded,200,6,,722,runs\2026-06-07_18-02-40_MDT\catalogs\healthdata_gov\HDAT-0007_blacklegged-tick\json\page_0001.json,runs\2026-06-07_18-02-40_MDT\catalogs\healthdata_gov\HDAT-0007_blacklegged-tick\notes\query.md,runs\2026-06-07_18-02-40_MDT\catalogs\healthdata_gov\HDAT-0007_blacklegged-tick\raw\page_0001.json
HDAT-0008,healthdata_gov,succeeded,200,4,,588,runs\2026-06-07_18-02-40_MDT\catalogs\healthdata_gov\HDAT-0008_ixodes-scapularis\json\page_0001.json,runs\2026-06-07_18-02-40_MDT\catalogs\healthdata_gov\HDAT-0008_ixodes-scapularis\notes\query.md,runs\2026-06-07_18-02-40_MDT\catalogs\healthdata_gov\HDAT-0008_ixodes-scapularis\raw\page_0001.json
HDAT-0009,healthdata_gov,succeeded,200,0,,507,runs\2026-06-07_18-02-40_MDT\catalogs\healthdata_gov\HDAT-0009_ixodes-pacificus\json\page_0001.json,runs\2026-06-07_18-02-40_MDT\catalogs\healthdata_gov\HDAT-0009_ixodes-pacificus\notes\query.md,runs\2026-06-07_18-02-40_MDT\catalogs\healthdata_gov\HDAT-0009_ixodes-pacificus\raw\page_0001.json
HDAT-0010,healthdata_gov,succeeded,200,0,,485,runs\2026-06-07_18-02-40_MDT\catalogs\healthdata_gov\HDAT-0010_erythema-migrans\json\page_0001.json,runs\2026-06-07_18-02-40_MDT\catalogs\healthdata_gov\HDAT-0010_erythema-migrans\notes\query.md,runs\2026-06-07_18-02-40_MDT\catalogs\healthdata_gov\HDAT-0010_erythema-migrans\raw\page_0001.json
HDAT-0011,healthdata_gov,succeeded,200,100,,1108,runs\2026-06-07_18-02-40_MDT\catalogs\healthdata_gov\HDAT-0011_lyme-disease-access-to-care\json\page_0001.json,runs\2026-06-07_18-02-40_MDT\catalogs\healthdata_gov\HDAT-0011_lyme-disease-access-to-care\notes\query.md,runs\2026-06-07_18-02-40_MDT\catalogs\healthdata_gov\HDAT-0011_lyme-disease-access-to-care\raw\page_0001.json
HDAT-0012,healthdata_gov,succeeded,200,100,,1062,runs\2026-06-07_18-02-40_MDT\catalogs\healthdata_gov\HDAT-0012_lyme-disease-provider-shortage\json\page_0001.json,runs\2026-06-07_18-02-40_MDT\catalogs\healthdata_gov\HDAT-0012_lyme-disease-provider-shortage\notes\query.md,runs\2026-06-07_18-02-40_MDT\catalogs\healthdata_gov\HDAT-0012_lyme-disease-provider-shortage\raw\page_0001.json
HDAT-0013,healthdata_gov,succeeded,200,100,,1079,runs\2026-06-07_18-02-40_MDT\catalogs\healthdata_gov\HDAT-0013_infectious-disease-specialist-access\json\page_0001.json,runs\2026-06-07_18-02-40_MDT\catalogs\healthdata_gov\HDAT-0013_infectious-disease-specialist-access\notes\query.md,runs\2026-06-07_18-02-40_MDT\catalogs\healthdata_gov\HDAT-0013_infectious-disease-specialist-access\raw\page_0001.json
HDAT-0014,healthdata_gov,succeeded,200,0,,482,runs\2026-06-07_18-02-40_MDT\catalogs\healthdata_gov\HDAT-0014_rheumatology-access-lyme\json\page_0001.json,runs\2026-06-07_18-02-40_MDT\catalogs\healthdata_gov\HDAT-0014_rheumatology-access-lyme\notes\query.md,runs\2026-06-07_18-02-40_MDT\catalogs\healthdata_gov\HDAT-0014_rheumatology-access-lyme\raw\page_0001.json
HDAT-0015,healthdata_gov,succeeded,200,0,,530,runs\2026-06-07_18-02-40_MDT\catalogs\healthdata_gov\HDAT-0015_neurology-access-lyme\json\page_0001.json,runs\2026-06-07_18-02-40_MDT\catalogs\healthdata_gov\HDAT-0015_neurology-access-lyme\notes\query.md,runs\2026-06-07_18-02-40_MDT\catalogs\healthdata_gov\HDAT-0015_neurology-access-lyme\raw\page_0001.json
HDAT-0016,healthdata_gov,succeeded,200,0,,544,runs\2026-06-07_18-02-40_MDT\catalogs\healthdata_gov\HDAT-0016_cardiology-access-lyme\json\page_0001.json,runs\2026-06-07_18-02-40_MDT\catalogs\healthdata_gov\HDAT-0016_cardiology-access-lyme\notes\query.md,runs\2026-06-07_18-02-40_MDT\catalogs\healthdata_gov\HDAT-0016_cardiology-access-lyme\raw\page_0001.json
HDAT-0017,healthdata_gov,succeeded,200,100,,1121,runs\2026-06-07_18-02-40_MDT\catalogs\healthdata_gov\HDAT-0017_lyme-disease-rural-populations\json\page_0001.json,runs\2026-06-07_18-02-40_MDT\catalogs\healthdata_gov\HDAT-0017_lyme-disease-rural-populations\notes\query.md,runs\2026-06-07_18-02-40_MDT\catalogs\healthdata_gov\HDAT-0017_lyme-disease-rural-populations\raw\page_0001.json
HDAT-0018,healthdata_gov,succeeded,200,100,,1022,runs\2026-06-07_18-02-40_MDT\catalogs\healthdata_gov\HDAT-0018_lyme-disease-underserved-communities\json\page_0001.json,runs\2026-06-07_18-02-40_MDT\catalogs\healthdata_gov\HDAT-0018_lyme-disease-underserved-communities\notes\query.md,runs\2026-06-07_18-02-40_MDT\catalogs\healthdata_gov\HDAT-0018_lyme-disease-underserved-communities\raw\page_0001.json
HDAT-0019,healthdata_gov,succeeded,200,100,,1044,runs\2026-06-07_18-02-40_MDT\catalogs\healthdata_gov\HDAT-0019_lyme-disease-social-vulnerability\json\page_0001.json,runs\2026-06-07_18-02-40_MDT\catalogs\healthdata_gov\HDAT-0019_lyme-disease-social-vulnerability\notes\query.md,runs\2026-06-07_18-02-40_MDT\catalogs\healthdata_gov\HDAT-0019_lyme-disease-social-vulnerability\raw\page_0001.json
HDAT-0020,healthdata_gov,succeeded,200,100,,1028,runs\2026-06-07_18-02-40_MDT\catalogs\healthdata_gov\HDAT-0020_lyme-disease-health-disparities\json\page_0001.json,runs\2026-06-07_18-02-40_MDT\catalogs\healthdata_gov\HDAT-0020_lyme-disease-health-disparities\notes\query.md,runs\2026-06-07_18-02-40_MDT\catalogs\healthdata_gov\HDAT-0020_lyme-disease-health-disparities\raw\page_0001.json
NIHR-0001,nih_reporter,succeeded,200,100,,1158,runs\2026-06-07_18-02-40_MDT\catalogs\nih_reporter\NIHR-0001_lyme-disease\json\page_0001.json,runs\2026-06-07_18-02-40_MDT\catalogs\nih_reporter\NIHR-0001_lyme-disease\notes\query.md,runs\2026-06-07_18-02-40_MDT\catalogs\nih_reporter\NIHR-0001_lyme-disease\raw\page_0001.json
NIHR-0002,nih_reporter,succeeded,200,100,,1055,runs\2026-06-07_18-02-40_MDT\catalogs\nih_reporter\NIHR-0002_lyme-borreliosis\json\page_0001.json,runs\2026-06-07_18-02-40_MDT\catalogs\nih_reporter\NIHR-0002_lyme-borreliosis\notes\query.md,runs\2026-06-07_18-02-40_MDT\catalogs\nih_reporter\NIHR-0002_lyme-borreliosis\raw\page_0001.json
NIHR-0003,nih_reporter,succeeded,200,100,,1082,runs\2026-06-07_18-02-40_MDT\catalogs\nih_reporter\NIHR-0003_borrelia-burgdorferi\json\page_0001.json,runs\2026-06-07_18-02-40_MDT\catalogs\nih_reporter\NIHR-0003_borrelia-burgdorferi\notes\query.md,runs\2026-06-07_18-02-40_MDT\catalogs\nih_reporter\NIHR-0003_borrelia-burgdorferi\raw\page_0001.json
NIHR-0004,nih_reporter,succeeded,200,2,,493,runs\2026-06-07_18-02-40_MDT\catalogs\nih_reporter\NIHR-0004_borrelia-mayonii\json\page_0001.json,runs\2026-06-07_18-02-40_MDT\catalogs\nih_reporter\NIHR-0004_borrelia-mayonii\notes\query.md,runs\2026-06-07_18-02-40_MDT\catalogs\nih_reporter\NIHR-0004_borrelia-mayonii\raw\page_0001.json
NIHR-0005,nih_reporter,succeeded,200,4,,561,runs\2026-06-07_18-02-40_MDT\catalogs\nih_reporter\NIHR-0005_borrelia-miyamotoi\json\page_0001.json,runs\2026-06-07_18-02-40_MDT\catalogs\nih_reporter\NIHR-0005_borrelia-miyamotoi\notes\query.md,runs\2026-06-07_18-02-40_MDT\catalogs\nih_reporter\NIHR-0005_borrelia-miyamotoi\raw\page_0001.json
NIHR-0006,nih_reporter,succeeded,200,100,,1117,runs\2026-06-07_18-02-40_MDT\catalogs\nih_reporter\NIHR-0006_tickborne-disease\json\page_0001.json,runs\2026-06-07_18-02-40_MDT\catalogs\nih_reporter\NIHR-0006_tickborne-disease\notes\query.md,runs\2026-06-07_18-02-40_MDT\catalogs\nih_reporter\NIHR-0006_tickborne-disease\raw\page_0001.json
NIHR-0007,nih_reporter,succeeded,200,51,,902,runs\2026-06-07_18-02-40_MDT\catalogs\nih_reporter\NIHR-0007_blacklegged-tick\json\page_0001.json,runs\2026-06-07_18-02-40_MDT\catalogs\nih_reporter\NIHR-0007_blacklegged-tick\notes\query.md,runs\2026-06-07_18-02-40_MDT\catalogs\nih_reporter\NIHR-0007_blacklegged-tick\raw\page_0001.json
NIHR-0008,nih_reporter,succeeded,200,32,,782,runs\2026-06-07_18-02-40_MDT\catalogs\nih_reporter\NIHR-0008_lyme-disease-diagnosis\json\page_0001.json,runs\2026-06-07_18-02-40_MDT\catalogs\nih_reporter\NIHR-0008_lyme-disease-diagnosis\notes\query.md,runs\2026-06-07_18-02-40_MDT\catalogs\nih_reporter\NIHR-0008_lyme-disease-diagnosis\raw\page_0001.json
NIHR-0009,nih_reporter,succeeded,200,0,,365,runs\2026-06-07_18-02-40_MDT\catalogs\nih_reporter\NIHR-0009_diagnostic-delay-lyme-disease\json\page_0001.json,runs\2026-06-07_18-02-40_MDT\catalogs\nih_reporter\NIHR-0009_diagnostic-delay-lyme-disease\notes\query.md,runs\2026-06-07_18-02-40_MDT\catalogs\nih_reporter\NIHR-0009_diagnostic-delay-lyme-disease\raw\page_0001.json
NIHR-0010,nih_reporter,succeeded,200,0,,373,runs\2026-06-07_18-02-40_MDT\catalogs\nih_reporter\NIHR-0010_delayed-diagnosis-tickborne-disease\json\page_0001.json,runs\2026-06-07_18-02-40_MDT\catalogs\nih_reporter\NIHR-0010_delayed-diagnosis-tickborne-disease\notes\query.md,runs\2026-06-07_18-02-40_MDT\catalogs\nih_reporter\NIHR-0010_delayed-diagnosis-tickborne-disease\raw\page_0001.json
NIHR-0011,nih_reporter,succeeded,200,1,,435,runs\2026-06-07_18-02-40_MDT\catalogs\nih_reporter\NIHR-0011_lyme-disease-misdiagnosis\json\page_0001.json,runs\2026-06-07_18-02-40_MDT\catalogs\nih_reporter\NIHR-0011_lyme-disease-misdiagnosis\notes\query.md,runs\2026-06-07_18-02-40_MDT\catalogs\nih_reporter\NIHR-0011_lyme-disease-misdiagnosis\raw\page_0001.json
NIHR-0012,nih_reporter,succeeded,200,0,,388,runs\2026-06-07_18-02-40_MDT\catalogs\nih_reporter\NIHR-0012_lyme-disease-differential-diagnosis\json\page_0001.json,runs\2026-06-07_18-02-40_MDT\catalogs\nih_reporter\NIHR-0012_lyme-disease-differential-diagnosis\notes\query.md,runs\2026-06-07_18-02-40_MDT\catalogs\nih_reporter\NIHR-0012_lyme-disease-differential-diagnosis\raw\page_0001.json
NIHR-0013,nih_reporter,succeeded,200,67,,947,runs\2026-06-07_18-02-40_MDT\catalogs\nih_reporter\NIHR-0013_lyme-disease-treatment\json\page_0001.json,runs\2026-06-07_18-02-40_MDT\catalogs\nih_reporter\NIHR-0013_lyme-disease-treatment\notes\query.md,runs\2026-06-07_18-02-40_MDT\catalogs\nih_reporter\NIHR-0013_lyme-disease-treatment\raw\page_0001.json
NIHR-0014,nih_reporter,succeeded,200,7,,554,runs\2026-06-07_18-02-40_MDT\catalogs\nih_reporter\NIHR-0014_doxycycline-lyme-disease\json\page_0001.json,runs\2026-06-07_18-02-40_MDT\catalogs\nih_reporter\NIHR-0014_doxycycline-lyme-disease\notes\query.md,runs\2026-06-07_18-02-40_MDT\catalogs\nih_reporter\NIHR-0014_doxycycline-lyme-disease\raw\page_0001.json
NIHR-0015,nih_reporter,succeeded,200,1,,426,runs\2026-06-07_18-02-40_MDT\catalogs\nih_reporter\NIHR-0015_amoxicillin-lyme-disease\json\page_0001.json,runs\2026-06-07_18-02-40_MDT\catalogs\nih_reporter\NIHR-0015_amoxicillin-lyme-disease\notes\query.md,runs\2026-06-07_18-02-40_MDT\catalogs\nih_reporter\NIHR-0015_amoxicillin-lyme-disease\raw\page_0001.json
NIHR-0016,nih_reporter,succeeded,200,5,,623,runs\2026-06-07_18-02-40_MDT\catalogs\nih_reporter\NIHR-0016_lyme-disease-climate\json\page_0001.json,runs\2026-06-07_18-02-40_MDT\catalogs\nih_reporter\NIHR-0016_lyme-disease-climate\notes\query.md,runs\2026-06-07_18-02-40_MDT\catalogs\nih_reporter\NIHR-0016_lyme-disease-climate\raw\page_0001.json
NIHR-0017,nih_reporter,succeeded,200,2,,490,runs\2026-06-07_18-02-40_MDT\catalogs\nih_reporter\NIHR-0017_tick-habitat\json\page_0001.json,runs\2026-06-07_18-02-40_MDT\catalogs\nih_reporter\NIHR-0017_tick-habitat\notes\query.md,runs\2026-06-07_18-02-40_MDT\catalogs\nih_reporter\NIHR-0017_tick-habitat\raw\page_0001.json
NIHR-0018,nih_reporter,succeeded,200,0,,350,runs\2026-06-07_18-02-40_MDT\catalogs\nih_reporter\NIHR-0018_blacklegged-tick-habitat\json\page_0001.json,runs\2026-06-07_18-02-40_MDT\catalogs\nih_reporter\NIHR-0018_blacklegged-tick-habitat\notes\query.md,runs\2026-06-07_18-02-40_MDT\catalogs\nih_reporter\NIHR-0018_blacklegged-tick-habitat\raw\page_0001.json
NIHR-0019,nih_reporter,succeeded,200,17,,701,runs\2026-06-07_18-02-40_MDT\catalogs\nih_reporter\NIHR-0019_lyme-disease-research-grant\json\page_0001.json,runs\2026-06-07_18-02-40_MDT\catalogs\nih_reporter\NIHR-0019_lyme-disease-research-grant\notes\query.md,runs\2026-06-07_18-02-40_MDT\catalogs\nih_reporter\NIHR-0019_lyme-disease-research-grant\raw\page_0001.json
NIHR-0020,nih_reporter,succeeded,200,6,,666,runs\2026-06-07_18-02-40_MDT\catalogs\nih_reporter\NIHR-0020_lyme-disease-clinical-trial\json\page_0001.json,runs\2026-06-07_18-02-40_MDT\catalogs\nih_reporter\NIHR-0020_lyme-disease-clinical-trial\notes\query.md,runs\2026-06-07_18-02-40_MDT\catalogs\nih_reporter\NIHR-0020_lyme-disease-clinical-trial\raw\page_0001.json
NLCD-0001,usgs_annual_nlcd,succeeded,200,0,,1597,runs\2026-06-07_18-02-40_MDT\catalogs\usgs_annual_nlcd\NLCD-0001_annual-land-cover\json\page_0001.json,runs\2026-06-07_18-02-40_MDT\catalogs\usgs_annual_nlcd\NLCD-0001_annual-land-cover\notes\query.md,runs\2026-06-07_18-02-40_MDT\catalogs\usgs_annual_nlcd\NLCD-0001_annual-land-cover\raw\page_0001.html
NLCD-0002,usgs_annual_nlcd,succeeded,200,0,,1543,runs\2026-06-07_18-02-40_MDT\catalogs\usgs_annual_nlcd\NLCD-0002_forest-cover-percentage\json\page_0001.json,runs\2026-06-07_18-02-40_MDT\catalogs\usgs_annual_nlcd\NLCD-0002_forest-cover-percentage\notes\query.md,runs\2026-06-07_18-02-40_MDT\catalogs\usgs_annual_nlcd\NLCD-0002_forest-cover-percentage\raw\page_0001.html
NLCD-0003,usgs_annual_nlcd,succeeded,200,0,,1509,runs\2026-06-07_18-02-40_MDT\catalogs\usgs_annual_nlcd\NLCD-0003_developed-land-percentage\json\page_0001.json,runs\2026-06-07_18-02-40_MDT\catalogs\usgs_annual_nlcd\NLCD-0003_developed-land-percentage\notes\query.md,runs\2026-06-07_18-02-40_MDT\catalogs\usgs_annual_nlcd\NLCD-0003_developed-land-percentage\raw\page_0001.html
NLCD-0004,usgs_annual_nlcd,succeeded,200,0,,1705,runs\2026-06-07_18-02-40_MDT\catalogs\usgs_annual_nlcd\NLCD-0004_forest-edge-density\json\page_0001.json,runs\2026-06-07_18-02-40_MDT\catalogs\usgs_annual_nlcd\NLCD-0004_forest-edge-density\notes\query.md,runs\2026-06-07_18-02-40_MDT\catalogs\usgs_annual_nlcd\NLCD-0004_forest-edge-density\raw\page_0001.html
NLCD-0005,usgs_annual_nlcd,succeeded,200,0,,1454,runs\2026-06-07_18-02-40_MDT\catalogs\usgs_annual_nlcd\NLCD-0005_land-cover-change\json\page_0001.json,runs\2026-06-07_18-02-40_MDT\catalogs\usgs_annual_nlcd\NLCD-0005_land-cover-change\notes\query.md,runs\2026-06-07_18-02-40_MDT\catalogs\usgs_annual_nlcd\NLCD-0005_land-cover-change\raw\page_0001.html
NLCD-0006,usgs_annual_nlcd,succeeded,200,0,,1691,runs\2026-06-07_18-02-40_MDT\catalogs\usgs_annual_nlcd\NLCD-0006_impervious-surface-percentage\json\page_0001.json,runs\2026-06-07_18-02-40_MDT\catalogs\usgs_annual_nlcd\NLCD-0006_impervious-surface-percentage\notes\query.md,runs\2026-06-07_18-02-40_MDT\catalogs\usgs_annual_nlcd\NLCD-0006_impervious-surface-percentage\raw\page_0001.html
NLCD-0007,usgs_annual_nlcd,succeeded,200,0,,1606,runs\2026-06-07_18-02-40_MDT\catalogs\usgs_annual_nlcd\NLCD-0007_habitat-fragmentation\json\page_0001.json,runs\2026-06-07_18-02-40_MDT\catalogs\usgs_annual_nlcd\NLCD-0007_habitat-fragmentation\notes\query.md,runs\2026-06-07_18-02-40_MDT\catalogs\usgs_annual_nlcd\NLCD-0007_habitat-fragmentation\raw\page_0001.html
NLCD-0008,usgs_annual_nlcd,succeeded,200,0,,1454,runs\2026-06-07_18-02-40_MDT\catalogs\usgs_annual_nlcd\NLCD-0008_county-zonal-statistics\json\page_0001.json,runs\2026-06-07_18-02-40_MDT\catalogs\usgs_annual_nlcd\NLCD-0008_county-zonal-statistics\notes\query.md,runs\2026-06-07_18-02-40_MDT\catalogs\usgs_annual_nlcd\NLCD-0008_county-zonal-statistics\raw\page_0001.html
NNDSS-0001,cdc_nndss_weekly,succeeded,200,100,5000,1439,runs\2026-06-07_18-02-40_MDT\catalogs\cdc_nndss_weekly\NNDSS-0001_lyme-disease\json\page_0001.json,runs\2026-06-07_18-02-40_MDT\catalogs\cdc_nndss_weekly\NNDSS-0001_lyme-disease\notes\query.md,runs\2026-06-07_18-02-40_MDT\catalogs\cdc_nndss_weekly\NNDSS-0001_lyme-disease\raw\page_0001.json
NNDSS-0002,cdc_nndss_weekly,succeeded,200,100,5000,1294,runs\2026-06-07_18-02-40_MDT\catalogs\cdc_nndss_weekly\NNDSS-0002_babesiosis\json\page_0001.json,runs\2026-06-07_18-02-40_MDT\catalogs\cdc_nndss_weekly\NNDSS-0002_babesiosis\notes\query.md,runs\2026-06-07_18-02-40_MDT\catalogs\cdc_nndss_weekly\NNDSS-0002_babesiosis\raw\page_0001.json
NNDSS-0003,cdc_nndss_weekly,succeeded,200,100,5000,1523,runs\2026-06-07_18-02-40_MDT\catalogs\cdc_nndss_weekly\NNDSS-0003_anaplasmosis-and-ehrlichiosis\json\page_0001.json,runs\2026-06-07_18-02-40_MDT\catalogs\cdc_nndss_weekly\NNDSS-0003_anaplasmosis-and-ehrlichiosis\notes\query.md,runs\2026-06-07_18-02-40_MDT\catalogs\cdc_nndss_weekly\NNDSS-0003_anaplasmosis-and-ehrlichiosis\raw\page_0001.json
NNDSS-0004,cdc_nndss_weekly,succeeded,200,100,5000,1499,runs\2026-06-07_18-02-40_MDT\catalogs\cdc_nndss_weekly\NNDSS-0004_powassan-virus-disease\json\page_0001.json,runs\2026-06-07_18-02-40_MDT\catalogs\cdc_nndss_weekly\NNDSS-0004_powassan-virus-disease\notes\query.md,runs\2026-06-07_18-02-40_MDT\catalogs\cdc_nndss_weekly\NNDSS-0004_powassan-virus-disease\raw\page_0001.json
NNDSS-0005,cdc_nndss_weekly,succeeded,200,100,5000,1666,runs\2026-06-07_18-02-40_MDT\catalogs\cdc_nndss_weekly\NNDSS-0005_spotted-fever-rickettsiosis\json\page_0001.json,runs\2026-06-07_18-02-40_MDT\catalogs\cdc_nndss_weekly\NNDSS-0005_spotted-fever-rickettsiosis\notes\query.md,runs\2026-06-07_18-02-40_MDT\catalogs\cdc_nndss_weekly\NNDSS-0005_spotted-fever-rickettsiosis\raw\page_0001.json
NNDSS-0006,cdc_nndss_weekly,succeeded,200,100,5000,1487,runs\2026-06-07_18-02-40_MDT\catalogs\cdc_nndss_weekly\NNDSS-0006_tularemia\json\page_0001.json,runs\2026-06-07_18-02-40_MDT\catalogs\cdc_nndss_weekly\NNDSS-0006_tularemia\notes\query.md,runs\2026-06-07_18-02-40_MDT\catalogs\cdc_nndss_weekly\NNDSS-0006_tularemia\raw\page_0001.json
NNDSS-0007,cdc_nndss_weekly,succeeded,200,100,5000,1560,runs\2026-06-07_18-02-40_MDT\catalogs\cdc_nndss_weekly\NNDSS-0007_tickborne-disease-comparison\json\page_0001.json,runs\2026-06-07_18-02-40_MDT\catalogs\cdc_nndss_weekly\NNDSS-0007_tickborne-disease-comparison\notes\query.md,runs\2026-06-07_18-02-40_MDT\catalogs\cdc_nndss_weekly\NNDSS-0007_tickborne-disease-comparison\raw\page_0001.json
NNDSS-0008,cdc_nndss_weekly,succeeded,200,100,5000,1566,runs\2026-06-07_18-02-40_MDT\catalogs\cdc_nndss_weekly\NNDSS-0008_provisional-versus-finalized-counts\json\page_0001.json,runs\2026-06-07_18-02-40_MDT\catalogs\cdc_nndss_weekly\NNDSS-0008_provisional-versus-finalized-counts\notes\query.md,runs\2026-06-07_18-02-40_MDT\catalogs\cdc_nndss_weekly\NNDSS-0008_provisional-versus-finalized-counts\raw\page_0001.json
NOAA-0001,noaa_cdo,succeeded,200,100,,10254,runs\2026-06-07_18-02-40_MDT\catalogs\noaa_cdo\NOAA-0001_daily-maximum-temperature\json\page_0001.json,runs\2026-06-07_18-02-40_MDT\catalogs\noaa_cdo\NOAA-0001_daily-maximum-temperature\notes\query.md,runs\2026-06-07_18-02-40_MDT\catalogs\noaa_cdo\NOAA-0001_daily-maximum-temperature\raw\page_0001.json
NOAA-0002,noaa_cdo,succeeded,200,100,,16789,runs\2026-06-07_18-02-40_MDT\catalogs\noaa_cdo\NOAA-0002_daily-minimum-temperature\json\page_0001.json,runs\2026-06-07_18-02-40_MDT\catalogs\noaa_cdo\NOAA-0002_daily-minimum-temperature\notes\query.md,runs\2026-06-07_18-02-40_MDT\catalogs\noaa_cdo\NOAA-0002_daily-minimum-temperature\raw\page_0001.json
NOAA-0003,noaa_cdo,succeeded,200,1,,6180,runs\2026-06-07_18-02-40_MDT\catalogs\noaa_cdo\NOAA-0003_daily-average-temperature\json\page_0001.json,runs\2026-06-07_18-02-40_MDT\catalogs\noaa_cdo\NOAA-0003_daily-average-temperature\notes\query.md,runs\2026-06-07_18-02-40_MDT\catalogs\noaa_cdo\NOAA-0003_daily-average-temperature\raw\page_0001.json
NOAA-0004,noaa_cdo,succeeded,200,100,,29337,runs\2026-06-07_18-02-40_MDT\catalogs\noaa_cdo\NOAA-0004_daily-precipitation\json\page_0001.json,runs\2026-06-07_18-02-40_MDT\catalogs\noaa_cdo\NOAA-0004_daily-precipitation\notes\query.md,runs\2026-06-07_18-02-40_MDT\catalogs\noaa_cdo\NOAA-0004_daily-precipitation\raw\page_0001.json
NOAA-0005,noaa_cdo,succeeded,200,100,,22507,runs\2026-06-07_18-02-40_MDT\catalogs\noaa_cdo\NOAA-0005_snowfall\json\page_0001.json,runs\2026-06-07_18-02-40_MDT\catalogs\noaa_cdo\NOAA-0005_snowfall\notes\query.md,runs\2026-06-07_18-02-40_MDT\catalogs\noaa_cdo\NOAA-0005_snowfall\raw\page_0001.json
NOAA-0006,noaa_cdo,succeeded,200,100,,16022,runs\2026-06-07_18-02-40_MDT\catalogs\noaa_cdo\NOAA-0006_snow-depth\json\page_0001.json,runs\2026-06-07_18-02-40_MDT\catalogs\noaa_cdo\NOAA-0006_snow-depth\notes\query.md,runs\2026-06-07_18-02-40_MDT\catalogs\noaa_cdo\NOAA-0006_snow-depth\raw\page_0001.json
NOAA-0007,noaa_cdo,succeeded,200,1,,605,runs\2026-06-07_18-02-40_MDT\catalogs\noaa_cdo\NOAA-0007_heating-degree-days\json\page_0001.json,runs\2026-06-07_18-02-40_MDT\catalogs\noaa_cdo\NOAA-0007_heating-degree-days\notes\query.md,runs\2026-06-07_18-02-40_MDT\catalogs\noaa_cdo\NOAA-0007_heating-degree-days\raw\page_0001.json
NOAA-0008,noaa_cdo,succeeded,200,1,,621,runs\2026-06-07_18-02-40_MDT\catalogs\noaa_cdo\NOAA-0008_cooling-degree-days\json\page_0001.json,runs\2026-06-07_18-02-40_MDT\catalogs\noaa_cdo\NOAA-0008_cooling-degree-days\notes\query.md,runs\2026-06-07_18-02-40_MDT\catalogs\noaa_cdo\NOAA-0008_cooling-degree-days\raw\page_0001.json
NOAA-0009,noaa_cdo,succeeded,200,1,,682,runs\2026-06-07_18-02-40_MDT\catalogs\noaa_cdo\NOAA-0009_monthly-temperature-normals\json\page_0001.json,runs\2026-06-07_18-02-40_MDT\catalogs\noaa_cdo\NOAA-0009_monthly-temperature-normals\notes\query.md,runs\2026-06-07_18-02-40_MDT\catalogs\noaa_cdo\NOAA-0009_monthly-temperature-normals\raw\page_0001.json
NOAA-0010,noaa_cdo,succeeded,200,1,,529,runs\2026-06-07_18-02-40_MDT\catalogs\noaa_cdo\NOAA-0010_monthly-precipitation-normals\json\page_0001.json,runs\2026-06-07_18-02-40_MDT\catalogs\noaa_cdo\NOAA-0010_monthly-precipitation-normals\notes\query.md,runs\2026-06-07_18-02-40_MDT\catalogs\noaa_cdo\NOAA-0010_monthly-precipitation-normals\raw\page_0001.json
NOAA-0011,noaa_cdo,succeeded,200,100,,6461,runs\2026-06-07_18-02-40_MDT\catalogs\noaa_cdo\NOAA-0011_freeze-threshold-context\json\page_0001.json,runs\2026-06-07_18-02-40_MDT\catalogs\noaa_cdo\NOAA-0011_freeze-threshold-context\notes\query.md,runs\2026-06-07_18-02-40_MDT\catalogs\noaa_cdo\NOAA-0011_freeze-threshold-context\raw\page_0001.json
NOAA-0012,noaa_cdo,succeeded,200,1,,2217,runs\2026-06-07_18-02-40_MDT\catalogs\noaa_cdo\NOAA-0012_warm-season-onset\json\page_0001.json,runs\2026-06-07_18-02-40_MDT\catalogs\noaa_cdo\NOAA-0012_warm-season-onset\notes\query.md,runs\2026-06-07_18-02-40_MDT\catalogs\noaa_cdo\NOAA-0012_warm-season-onset\raw\page_0001.json
NOAA-0013,noaa_cdo,succeeded,200,100,,11768,runs\2026-06-07_18-02-40_MDT\catalogs\noaa_cdo\NOAA-0013_precipitation-anomaly\json\page_0001.json,runs\2026-06-07_18-02-40_MDT\catalogs\noaa_cdo\NOAA-0013_precipitation-anomaly\notes\query.md,runs\2026-06-07_18-02-40_MDT\catalogs\noaa_cdo\NOAA-0013_precipitation-anomaly\raw\page_0001.json
NOAA-0014,noaa_cdo,succeeded,200,1,,2213,runs\2026-06-07_18-02-40_MDT\catalogs\noaa_cdo\NOAA-0014_temperature-anomaly\json\page_0001.json,runs\2026-06-07_18-02-40_MDT\catalogs\noaa_cdo\NOAA-0014_temperature-anomaly\notes\query.md,runs\2026-06-07_18-02-40_MDT\catalogs\noaa_cdo\NOAA-0014_temperature-anomaly\raw\page_0001.json
NOAA-0015,noaa_cdo,succeeded,200,100,,1032,runs\2026-06-07_18-02-40_MDT\catalogs\noaa_cdo\NOAA-0015_station-coverage-inventory\json\page_0001.json,runs\2026-06-07_18-02-40_MDT\catalogs\noaa_cdo\NOAA-0015_station-coverage-inventory\notes\query.md,runs\2026-06-07_18-02-40_MDT\catalogs\noaa_cdo\NOAA-0015_station-coverage-inventory\raw\page_0001.json
PMC-0001,pubmed_central,succeeded,200,0,0,247,runs\2026-06-07_18-02-40_MDT\catalogs\pubmed_central\PMC-0001_lyme-disease-systematic-review\json\page_0001.json,runs\2026-06-07_18-02-40_MDT\catalogs\pubmed_central\PMC-0001_lyme-disease-systematic-review\notes\query.md,runs\2026-06-07_18-02-40_MDT\catalogs\pubmed_central\PMC-0001_lyme-disease-systematic-review\raw\page_0001.json
PMC-0002,pubmed_central,succeeded,200,0,0,244,runs\2026-06-07_18-02-40_MDT\catalogs\pubmed_central\PMC-0002_lyme-disease-randomized-trial\json\page_0001.json,runs\2026-06-07_18-02-40_MDT\catalogs\pubmed_central\PMC-0002_lyme-disease-randomized-trial\notes\query.md,runs\2026-06-07_18-02-40_MDT\catalogs\pubmed_central\PMC-0002_lyme-disease-randomized-trial\raw\page_0001.json
PMC-0003,pubmed_central,succeeded,200,0,0,373,runs\2026-06-07_18-02-40_MDT\catalogs\pubmed_central\PMC-0003_lyme-disease-cohort-study\json\page_0001.json,runs\2026-06-07_18-02-40_MDT\catalogs\pubmed_central\PMC-0003_lyme-disease-cohort-study\notes\query.md,runs\2026-06-07_18-02-40_MDT\catalogs\pubmed_central\PMC-0003_lyme-disease-cohort-study\raw\page_0001.json
PMC-0004,pubmed_central,succeeded,200,0,0,253,runs\2026-06-07_18-02-40_MDT\catalogs\pubmed_central\PMC-0004_lyme-disease-diagnostic-study\json\page_0001.json,runs\2026-06-07_18-02-40_MDT\catalogs\pubmed_central\PMC-0004_lyme-disease-diagnostic-study\notes\query.md,runs\2026-06-07_18-02-40_MDT\catalogs\pubmed_central\PMC-0004_lyme-disease-diagnostic-study\raw\page_0001.json
PMC-0005,pubmed_central,succeeded,200,0,0,311,runs\2026-06-07_18-02-40_MDT\catalogs\pubmed_central\PMC-0005_lyme-disease-clinical-guideline\json\page_0001.json,runs\2026-06-07_18-02-40_MDT\catalogs\pubmed_central\PMC-0005_lyme-disease-clinical-guideline\notes\query.md,runs\2026-06-07_18-02-40_MDT\catalogs\pubmed_central\PMC-0005_lyme-disease-clinical-guideline\raw\page_0001.json
PMC-0006,pubmed_central,succeeded,200,0,0,300,runs\2026-06-07_18-02-40_MDT\catalogs\pubmed_central\PMC-0006_lyme-disease-research-grant\json\page_0001.json,runs\2026-06-07_18-02-40_MDT\catalogs\pubmed_central\PMC-0006_lyme-disease-research-grant\notes\query.md,runs\2026-06-07_18-02-40_MDT\catalogs\pubmed_central\PMC-0006_lyme-disease-research-grant\raw\page_0001.json
PMC-0007,pubmed_central,succeeded,200,0,0,255,runs\2026-06-07_18-02-40_MDT\catalogs\pubmed_central\PMC-0007_lyme-disease-clinical-trial\json\page_0001.json,runs\2026-06-07_18-02-40_MDT\catalogs\pubmed_central\PMC-0007_lyme-disease-clinical-trial\notes\query.md,runs\2026-06-07_18-02-40_MDT\catalogs\pubmed_central\PMC-0007_lyme-disease-clinical-trial\raw\page_0001.json
PMC-0008,pubmed_central,succeeded,200,0,0,385,runs\2026-06-07_18-02-40_MDT\catalogs\pubmed_central\PMC-0008_lyme-disease-patient-reported-outcomes\json\page_0001.json,runs\2026-06-07_18-02-40_MDT\catalogs\pubmed_central\PMC-0008_lyme-disease-patient-reported-outcomes\notes\query.md,runs\2026-06-07_18-02-40_MDT\catalogs\pubmed_central\PMC-0008_lyme-disease-patient-reported-outcomes\raw\page_0001.json
PMC-0009,pubmed_central,succeeded,200,21,21,321,runs\2026-06-07_18-02-40_MDT\catalogs\pubmed_central\PMC-0009_lyme-disease-diagnosis\json\page_0001.json,runs\2026-06-07_18-02-40_MDT\catalogs\pubmed_central\PMC-0009_lyme-disease-diagnosis\notes\query.md,runs\2026-06-07_18-02-40_MDT\catalogs\pubmed_central\PMC-0009_lyme-disease-diagnosis\raw\page_0001.json
PMC-0010,pubmed_central,succeeded,200,0,0,274,runs\2026-06-07_18-02-40_MDT\catalogs\pubmed_central\PMC-0010_diagnostic-delay-lyme-disease\json\page_0001.json,runs\2026-06-07_18-02-40_MDT\catalogs\pubmed_central\PMC-0010_diagnostic-delay-lyme-disease\notes\query.md,runs\2026-06-07_18-02-40_MDT\catalogs\pubmed_central\PMC-0010_diagnostic-delay-lyme-disease\raw\page_0001.json
PMC-0011,pubmed_central,succeeded,200,0,0,254,runs\2026-06-07_18-02-40_MDT\catalogs\pubmed_central\PMC-0011_delayed-diagnosis-tickborne-disease\json\page_0001.json,runs\2026-06-07_18-02-40_MDT\catalogs\pubmed_central\PMC-0011_delayed-diagnosis-tickborne-disease\notes\query.md,runs\2026-06-07_18-02-40_MDT\catalogs\pubmed_central\PMC-0011_delayed-diagnosis-tickborne-disease\raw\page_0001.json
PMC-0012,pubmed_central,succeeded,200,0,0,247,runs\2026-06-07_18-02-40_MDT\catalogs\pubmed_central\PMC-0012_lyme-disease-misdiagnosis\json\page_0001.json,runs\2026-06-07_18-02-40_MDT\catalogs\pubmed_central\PMC-0012_lyme-disease-misdiagnosis\notes\query.md,runs\2026-06-07_18-02-40_MDT\catalogs\pubmed_central\PMC-0012_lyme-disease-misdiagnosis\raw\page_0001.json
PMC-0013,pubmed_central,succeeded,200,0,0,256,runs\2026-06-07_18-02-40_MDT\catalogs\pubmed_central\PMC-0013_lyme-disease-fatigue\json\page_0001.json,runs\2026-06-07_18-02-40_MDT\catalogs\pubmed_central\PMC-0013_lyme-disease-fatigue\notes\query.md,runs\2026-06-07_18-02-40_MDT\catalogs\pubmed_central\PMC-0013_lyme-disease-fatigue\raw\page_0001.json
PMC-0014,pubmed_central,succeeded,200,0,0,278,runs\2026-06-07_18-02-40_MDT\catalogs\pubmed_central\PMC-0014_lyme-disease-cognitive-symptoms\json\page_0001.json,runs\2026-06-07_18-02-40_MDT\catalogs\pubmed_central\PMC-0014_lyme-disease-cognitive-symptoms\notes\query.md,runs\2026-06-07_18-02-40_MDT\catalogs\pubmed_central\PMC-0014_lyme-disease-cognitive-symptoms\raw\page_0001.json
PMC-0015,pubmed_central,succeeded,200,0,0,267,runs\2026-06-07_18-02-40_MDT\catalogs\pubmed_central\PMC-0015_lyme-disease-brain-fog\json\page_0001.json,runs\2026-06-07_18-02-40_MDT\catalogs\pubmed_central\PMC-0015_lyme-disease-brain-fog\notes\query.md,runs\2026-06-07_18-02-40_MDT\catalogs\pubmed_central\PMC-0015_lyme-disease-brain-fog\raw\page_0001.json
PUBM-0001,pubmed,succeeded,200,100,6999,390,runs\2026-06-07_18-02-40_MDT\catalogs\pubmed\PUBM-0001_lyme-disease\json\page_0001.json,runs\2026-06-07_18-02-40_MDT\catalogs\pubmed\PUBM-0001_lyme-disease\notes\query.md,runs\2026-06-07_18-02-40_MDT\catalogs\pubmed\PUBM-0001_lyme-disease\raw\page_0001.json
PUBM-0002,pubmed,succeeded,200,100,2647,298,runs\2026-06-07_18-02-40_MDT\catalogs\pubmed\PUBM-0002_lyme-borreliosis\json\page_0001.json,runs\2026-06-07_18-02-40_MDT\catalogs\pubmed\PUBM-0002_lyme-borreliosis\notes\query.md,runs\2026-06-07_18-02-40_MDT\catalogs\pubmed\PUBM-0002_lyme-borreliosis\raw\page_0001.json
PUBM-0003,pubmed,succeeded,200,100,5398,289,runs\2026-06-07_18-02-40_MDT\catalogs\pubmed\PUBM-0003_borrelia-burgdorferi\json\page_0001.json,runs\2026-06-07_18-02-40_MDT\catalogs\pubmed\PUBM-0003_borrelia-burgdorferi\notes\query.md,runs\2026-06-07_18-02-40_MDT\catalogs\pubmed\PUBM-0003_borrelia-burgdorferi\raw\page_0001.json
PUBM-0004,pubmed,succeeded,200,20,20,256,runs\2026-06-07_18-02-40_MDT\catalogs\pubmed\PUBM-0004_borrelia-mayonii\json\page_0001.json,runs\2026-06-07_18-02-40_MDT\catalogs\pubmed\PUBM-0004_borrelia-mayonii\notes\query.md,runs\2026-06-07_18-02-40_MDT\catalogs\pubmed\PUBM-0004_borrelia-mayonii\raw\page_0001.json
PUBM-0005,pubmed,succeeded,200,100,225,274,runs\2026-06-07_18-02-40_MDT\catalogs\pubmed\PUBM-0005_borrelia-miyamotoi\json\page_0001.json,runs\2026-06-07_18-02-40_MDT\catalogs\pubmed\PUBM-0005_borrelia-miyamotoi\notes\query.md,runs\2026-06-07_18-02-40_MDT\catalogs\pubmed\PUBM-0005_borrelia-miyamotoi\raw\page_0001.json
PUBM-0006,pubmed,succeeded,200,93,93,266,runs\2026-06-07_18-02-40_MDT\catalogs\pubmed\PUBM-0006_tickborne-disease\json\page_0001.json,runs\2026-06-07_18-02-40_MDT\catalogs\pubmed\PUBM-0006_tickborne-disease\notes\query.md,runs\2026-06-07_18-02-40_MDT\catalogs\pubmed\PUBM-0006_tickborne-disease\raw\page_0001.json
PUBM-0007,pubmed,succeeded,200,100,118,267,runs\2026-06-07_18-02-40_MDT\catalogs\pubmed\PUBM-0007_blacklegged-tick\json\page_0001.json,runs\2026-06-07_18-02-40_MDT\catalogs\pubmed\PUBM-0007_blacklegged-tick\notes\query.md,runs\2026-06-07_18-02-40_MDT\catalogs\pubmed\PUBM-0007_blacklegged-tick\raw\page_0001.json
PUBM-0008,pubmed,succeeded,200,100,690,273,runs\2026-06-07_18-02-40_MDT\catalogs\pubmed\PUBM-0008_ixodes-scapularis\json\page_0001.json,runs\2026-06-07_18-02-40_MDT\catalogs\pubmed\PUBM-0008_ixodes-scapularis\notes\query.md,runs\2026-06-07_18-02-40_MDT\catalogs\pubmed\PUBM-0008_ixodes-scapularis\raw\page_0001.json
PUBM-0009,pubmed,succeeded,200,100,109,279,runs\2026-06-07_18-02-40_MDT\catalogs\pubmed\PUBM-0009_ixodes-pacificus\json\page_0001.json,runs\2026-06-07_18-02-40_MDT\catalogs\pubmed\PUBM-0009_ixodes-pacificus\notes\query.md,runs\2026-06-07_18-02-40_MDT\catalogs\pubmed\PUBM-0009_ixodes-pacificus\raw\page_0001.json
PUBM-0010,pubmed,succeeded,200,100,1380,1445,runs\2026-06-07_18-02-40_MDT\catalogs\pubmed\PUBM-0010_erythema-migrans\json\page_0001.json,runs\2026-06-07_18-02-40_MDT\catalogs\pubmed\PUBM-0010_erythema-migrans\notes\query.md,runs\2026-06-07_18-02-40_MDT\catalogs\pubmed\PUBM-0010_erythema-migrans\raw\page_0001.json
PUBM-0011,pubmed,succeeded,200,56,56,274,runs\2026-06-07_18-02-40_MDT\catalogs\pubmed\PUBM-0011_lyme-disease-diagnosis\json\page_0001.json,runs\2026-06-07_18-02-40_MDT\catalogs\pubmed\PUBM-0011_lyme-disease-diagnosis\notes\query.md,runs\2026-06-07_18-02-40_MDT\catalogs\pubmed\PUBM-0011_lyme-disease-diagnosis\raw\page_0001.json
PUBM-0012,pubmed,succeeded,200,0,0,239,runs\2026-06-07_18-02-40_MDT\catalogs\pubmed\PUBM-0012_diagnostic-delay-lyme-disease\json\page_0001.json,runs\2026-06-07_18-02-40_MDT\catalogs\pubmed\PUBM-0012_diagnostic-delay-lyme-disease\notes\query.md,runs\2026-06-07_18-02-40_MDT\catalogs\pubmed\PUBM-0012_diagnostic-delay-lyme-disease\raw\page_0001.json
PUBM-0013,pubmed,succeeded,200,0,0,259,runs\2026-06-07_18-02-40_MDT\catalogs\pubmed\PUBM-0013_delayed-diagnosis-tickborne-disease\json\page_0001.json,runs\2026-06-07_18-02-40_MDT\catalogs\pubmed\PUBM-0013_delayed-diagnosis-tickborne-disease\notes\query.md,runs\2026-06-07_18-02-40_MDT\catalogs\pubmed\PUBM-0013_delayed-diagnosis-tickborne-disease\raw\page_0001.json
PUBM-0014,pubmed,succeeded,200,0,0,239,runs\2026-06-07_18-02-40_MDT\catalogs\pubmed\PUBM-0014_lyme-disease-misdiagnosis\json\page_0001.json,runs\2026-06-07_18-02-40_MDT\catalogs\pubmed\PUBM-0014_lyme-disease-misdiagnosis\notes\query.md,runs\2026-06-07_18-02-40_MDT\catalogs\pubmed\PUBM-0014_lyme-disease-misdiagnosis\raw\page_0001.json
PUBM-0015,pubmed,succeeded,200,0,0,276,runs\2026-06-07_18-02-40_MDT\catalogs\pubmed\PUBM-0015_lyme-disease-differential-diagnosis\json\page_0001.json,runs\2026-06-07_18-02-40_MDT\catalogs\pubmed\PUBM-0015_lyme-disease-differential-diagnosis\notes\query.md,runs\2026-06-07_18-02-40_MDT\catalogs\pubmed\PUBM-0015_lyme-disease-differential-diagnosis\raw\page_0001.json
PUBM-0016,pubmed,succeeded,200,100,101,258,runs\2026-06-07_18-02-40_MDT\catalogs\pubmed\PUBM-0016_lyme-serology\json\page_0001.json,runs\2026-06-07_18-02-40_MDT\catalogs\pubmed\PUBM-0016_lyme-serology\notes\query.md,runs\2026-06-07_18-02-40_MDT\catalogs\pubmed\PUBM-0016_lyme-serology\raw\page_0001.json
PUBM-0017,pubmed,succeeded,200,0,0,243,runs\2026-06-07_18-02-40_MDT\catalogs\pubmed\PUBM-0017_two-tier-lyme-testing\json\page_0001.json,runs\2026-06-07_18-02-40_MDT\catalogs\pubmed\PUBM-0017_two-tier-lyme-testing\notes\query.md,runs\2026-06-07_18-02-40_MDT\catalogs\pubmed\PUBM-0017_two-tier-lyme-testing\raw\page_0001.json
PUBM-0018,pubmed,succeeded,200,0,0,247,runs\2026-06-07_18-02-40_MDT\catalogs\pubmed\PUBM-0018_modified-two-tier-testing-lyme\json\page_0001.json,runs\2026-06-07_18-02-40_MDT\catalogs\pubmed\PUBM-0018_modified-two-tier-testing-lyme\notes\query.md,runs\2026-06-07_18-02-40_MDT\catalogs\pubmed\PUBM-0018_modified-two-tier-testing-lyme\raw\page_0001.json
PUBM-0019,pubmed,succeeded,200,0,0,244,runs\2026-06-07_18-02-40_MDT\catalogs\pubmed\PUBM-0019_elisa-lyme-disease\json\page_0001.json,runs\2026-06-07_18-02-40_MDT\catalogs\pubmed\PUBM-0019_elisa-lyme-disease\notes\query.md,runs\2026-06-07_18-02-40_MDT\catalogs\pubmed\PUBM-0019_elisa-lyme-disease\raw\page_0001.json
PUBM-0020,pubmed,succeeded,200,0,0,262,runs\2026-06-07_18-02-40_MDT\catalogs\pubmed\PUBM-0020_immunoblot-lyme-disease\json\page_0001.json,runs\2026-06-07_18-02-40_MDT\catalogs\pubmed\PUBM-0020_immunoblot-lyme-disease\notes\query.md,runs\2026-06-07_18-02-40_MDT\catalogs\pubmed\PUBM-0020_immunoblot-lyme-disease\raw\page_0001.json
PUBM-0021,pubmed,succeeded,200,0,0,246,runs\2026-06-07_18-02-40_MDT\catalogs\pubmed\PUBM-0021_lyme-disease-fatigue\json\page_0001.json,runs\2026-06-07_18-02-40_MDT\catalogs\pubmed\PUBM-0021_lyme-disease-fatigue\notes\query.md,runs\2026-06-07_18-02-40_MDT\catalogs\pubmed\PUBM-0021_lyme-disease-fatigue\raw\page_0001.json
PUBM-0022,pubmed,succeeded,200,0,0,340,runs\2026-06-07_18-02-40_MDT\catalogs\pubmed\PUBM-0022_lyme-disease-cognitive-symptoms\json\page_0001.json,runs\2026-06-07_18-02-40_MDT\catalogs\pubmed\PUBM-0022_lyme-disease-cognitive-symptoms\notes\query.md,runs\2026-06-07_18-02-40_MDT\catalogs\pubmed\PUBM-0022_lyme-disease-cognitive-symptoms\raw\page_0001.json
PUBM-0023,pubmed,succeeded,200,0,0,244,runs\2026-06-07_18-02-40_MDT\catalogs\pubmed\PUBM-0023_lyme-disease-brain-fog\json\page_0001.json,runs\2026-06-07_18-02-40_MDT\catalogs\pubmed\PUBM-0023_lyme-disease-brain-fog\notes\query.md,runs\2026-06-07_18-02-40_MDT\catalogs\pubmed\PUBM-0023_lyme-disease-brain-fog\raw\page_0001.json
PUBM-0024,pubmed,succeeded,200,0,0,265,runs\2026-06-07_18-02-40_MDT\catalogs\pubmed\PUBM-0024_lyme-disease-pain\json\page_0001.json,runs\2026-06-07_18-02-40_MDT\catalogs\pubmed\PUBM-0024_lyme-disease-pain\notes\query.md,runs\2026-06-07_18-02-40_MDT\catalogs\pubmed\PUBM-0024_lyme-disease-pain\raw\page_0001.json
PUBM-0025,pubmed,succeeded,200,0,0,271,runs\2026-06-07_18-02-40_MDT\catalogs\pubmed\PUBM-0025_lyme-disease-neuropathy\json\page_0001.json,runs\2026-06-07_18-02-40_MDT\catalogs\pubmed\PUBM-0025_lyme-disease-neuropathy\notes\query.md,runs\2026-06-07_18-02-40_MDT\catalogs\pubmed\PUBM-0025_lyme-disease-neuropathy\raw\page_0001.json
PUBM-0026,pubmed,succeeded,200,5,5,248,runs\2026-06-07_18-02-40_MDT\catalogs\pubmed\PUBM-0026_lyme-disease-facial-palsy\json\page_0001.json,runs\2026-06-07_18-02-40_MDT\catalogs\pubmed\PUBM-0026_lyme-disease-facial-palsy\notes\query.md,runs\2026-06-07_18-02-40_MDT\catalogs\pubmed\PUBM-0026_lyme-disease-facial-palsy\raw\page_0001.json
PUBM-0027,pubmed,succeeded,200,0,0,252,runs\2026-06-07_18-02-40_MDT\catalogs\pubmed\PUBM-0027_lyme-disease-headache\json\page_0001.json,runs\2026-06-07_18-02-40_MDT\catalogs\pubmed\PUBM-0027_lyme-disease-headache\notes\query.md,runs\2026-06-07_18-02-40_MDT\catalogs\pubmed\PUBM-0027_lyme-disease-headache\raw\page_0001.json
PUBM-0028,pubmed,succeeded,200,22,22,257,runs\2026-06-07_18-02-40_MDT\catalogs\pubmed\PUBM-0028_lyme-disease-treatment\json\page_0001.json,runs\2026-06-07_18-02-40_MDT\catalogs\pubmed\PUBM-0028_lyme-disease-treatment\notes\query.md,runs\2026-06-07_18-02-40_MDT\catalogs\pubmed\PUBM-0028_lyme-disease-treatment\raw\page_0001.json
PUBM-0029,pubmed,succeeded,200,0,0,253,runs\2026-06-07_18-02-40_MDT\catalogs\pubmed\PUBM-0029_doxycycline-lyme-disease\json\page_0001.json,runs\2026-06-07_18-02-40_MDT\catalogs\pubmed\PUBM-0029_doxycycline-lyme-disease\notes\query.md,runs\2026-06-07_18-02-40_MDT\catalogs\pubmed\PUBM-0029_doxycycline-lyme-disease\raw\page_0001.json
PUBM-0030,pubmed,succeeded,200,0,0,237,runs\2026-06-07_18-02-40_MDT\catalogs\pubmed\PUBM-0030_amoxicillin-lyme-disease\json\page_0001.json,runs\2026-06-07_18-02-40_MDT\catalogs\pubmed\PUBM-0030_amoxicillin-lyme-disease\notes\query.md,runs\2026-06-07_18-02-40_MDT\catalogs\pubmed\PUBM-0030_amoxicillin-lyme-disease\raw\page_0001.json
PUBM-0031,pubmed,succeeded,200,0,0,243,runs\2026-06-07_18-02-40_MDT\catalogs\pubmed\PUBM-0031_cefuroxime-lyme-disease\json\page_0001.json,runs\2026-06-07_18-02-40_MDT\catalogs\pubmed\PUBM-0031_cefuroxime-lyme-disease\notes\query.md,runs\2026-06-07_18-02-40_MDT\catalogs\pubmed\PUBM-0031_cefuroxime-lyme-disease\raw\page_0001.json
PUBM-0032,pubmed,succeeded,200,0,0,244,runs\2026-06-07_18-02-40_MDT\catalogs\pubmed\PUBM-0032_ceftriaxone-lyme-disease\json\page_0001.json,runs\2026-06-07_18-02-40_MDT\catalogs\pubmed\PUBM-0032_ceftriaxone-lyme-disease\notes\query.md,runs\2026-06-07_18-02-40_MDT\catalogs\pubmed\PUBM-0032_ceftriaxone-lyme-disease\raw\page_0001.json
PUBM-0033,pubmed,succeeded,200,0,0,271,runs\2026-06-07_18-02-40_MDT\catalogs\pubmed\PUBM-0033_antibiotics-lyme-disease\json\page_0001.json,runs\2026-06-07_18-02-40_MDT\catalogs\pubmed\PUBM-0033_antibiotics-lyme-disease\notes\query.md,runs\2026-06-07_18-02-40_MDT\catalogs\pubmed\PUBM-0033_antibiotics-lyme-disease\raw\page_0001.json
PUBM-0034,pubmed,succeeded,200,0,0,245,runs\2026-06-07_18-02-40_MDT\catalogs\pubmed\PUBM-0034_lyme-disease-treatment-duration\json\page_0001.json,runs\2026-06-07_18-02-40_MDT\catalogs\pubmed\PUBM-0034_lyme-disease-treatment-duration\notes\query.md,runs\2026-06-07_18-02-40_MDT\catalogs\pubmed\PUBM-0034_lyme-disease-treatment-duration\raw\page_0001.json
PUBM-0035,pubmed,succeeded,200,0,0,268,runs\2026-06-07_18-02-40_MDT\catalogs\pubmed\PUBM-0035_lyme-disease-systematic-review\json\page_0001.json,runs\2026-06-07_18-02-40_MDT\catalogs\pubmed\PUBM-0035_lyme-disease-systematic-review\notes\query.md,runs\2026-06-07_18-02-40_MDT\catalogs\pubmed\PUBM-0035_lyme-disease-systematic-review\raw\page_0001.json
PUBM-0036,pubmed,succeeded,200,0,0,265,runs\2026-06-07_18-02-40_MDT\catalogs\pubmed\PUBM-0036_lyme-disease-randomized-trial\json\page_0001.json,runs\2026-06-07_18-02-40_MDT\catalogs\pubmed\PUBM-0036_lyme-disease-randomized-trial\notes\query.md,runs\2026-06-07_18-02-40_MDT\catalogs\pubmed\PUBM-0036_lyme-disease-randomized-trial\raw\page_0001.json
PUBM-0037,pubmed,succeeded,200,0,0,250,runs\2026-06-07_18-02-40_MDT\catalogs\pubmed\PUBM-0037_lyme-disease-cohort-study\json\page_0001.json,runs\2026-06-07_18-02-40_MDT\catalogs\pubmed\PUBM-0037_lyme-disease-cohort-study\notes\query.md,runs\2026-06-07_18-02-40_MDT\catalogs\pubmed\PUBM-0037_lyme-disease-cohort-study\raw\page_0001.json
PUBM-0038,pubmed,succeeded,200,0,0,240,runs\2026-06-07_18-02-40_MDT\catalogs\pubmed\PUBM-0038_lyme-disease-diagnostic-study\json\page_0001.json,runs\2026-06-07_18-02-40_MDT\catalogs\pubmed\PUBM-0038_lyme-disease-diagnostic-study\notes\query.md,runs\2026-06-07_18-02-40_MDT\catalogs\pubmed\PUBM-0038_lyme-disease-diagnostic-study\raw\page_0001.json
PUBM-0039,pubmed,succeeded,200,0,0,253,runs\2026-06-07_18-02-40_MDT\catalogs\pubmed\PUBM-0039_lyme-disease-clinical-guideline\json\page_0001.json,runs\2026-06-07_18-02-40_MDT\catalogs\pubmed\PUBM-0039_lyme-disease-clinical-guideline\notes\query.md,runs\2026-06-07_18-02-40_MDT\catalogs\pubmed\PUBM-0039_lyme-disease-clinical-guideline\raw\page_0001.json
PUBM-0040,pubmed,succeeded,200,0,0,269,runs\2026-06-07_18-02-40_MDT\catalogs\pubmed\PUBM-0040_lyme-disease-research-grant\json\page_0001.json,runs\2026-06-07_18-02-40_MDT\catalogs\pubmed\PUBM-0040_lyme-disease-research-grant\notes\query.md,runs\2026-06-07_18-02-40_MDT\catalogs\pubmed\PUBM-0040_lyme-disease-research-grant\raw\page_0001.json
RXN-0001,rxnorm,succeeded,200,1,,645,runs\2026-06-07_18-02-40_MDT\catalogs\rxnorm\RXN-0001_doxycycline\json\page_0001.json,runs\2026-06-07_18-02-40_MDT\catalogs\rxnorm\RXN-0001_doxycycline\notes\query.md,runs\2026-06-07_18-02-40_MDT\catalogs\rxnorm\RXN-0001_doxycycline\raw\page_0001.json
RXN-0002,rxnorm,succeeded,200,1,,517,runs\2026-06-07_18-02-40_MDT\catalogs\rxnorm\RXN-0002_amoxicillin\json\page_0001.json,runs\2026-06-07_18-02-40_MDT\catalogs\rxnorm\RXN-0002_amoxicillin\notes\query.md,runs\2026-06-07_18-02-40_MDT\catalogs\rxnorm\RXN-0002_amoxicillin\raw\page_0001.json
RXN-0003,rxnorm,succeeded,200,1,,535,runs\2026-06-07_18-02-40_MDT\catalogs\rxnorm\RXN-0003_cefuroxime\json\page_0001.json,runs\2026-06-07_18-02-40_MDT\catalogs\rxnorm\RXN-0003_cefuroxime\notes\query.md,runs\2026-06-07_18-02-40_MDT\catalogs\rxnorm\RXN-0003_cefuroxime\raw\page_0001.json
RXN-0004,rxnorm,succeeded,200,1,,547,runs\2026-06-07_18-02-40_MDT\catalogs\rxnorm\RXN-0004_ceftriaxone\json\page_0001.json,runs\2026-06-07_18-02-40_MDT\catalogs\rxnorm\RXN-0004_ceftriaxone\notes\query.md,runs\2026-06-07_18-02-40_MDT\catalogs\rxnorm\RXN-0004_ceftriaxone\raw\page_0001.json
RXN-0005,rxnorm,succeeded,200,1,,401,runs\2026-06-07_18-02-40_MDT\catalogs\rxnorm\RXN-0005_azithromycin\json\page_0001.json,runs\2026-06-07_18-02-40_MDT\catalogs\rxnorm\RXN-0005_azithromycin\notes\query.md,runs\2026-06-07_18-02-40_MDT\catalogs\rxnorm\RXN-0005_azithromycin\raw\page_0001.json
RXN-0006,rxnorm,succeeded,200,1,,427,runs\2026-06-07_18-02-40_MDT\catalogs\rxnorm\RXN-0006_minocycline\json\page_0001.json,runs\2026-06-07_18-02-40_MDT\catalogs\rxnorm\RXN-0006_minocycline\notes\query.md,runs\2026-06-07_18-02-40_MDT\catalogs\rxnorm\RXN-0006_minocycline\raw\page_0001.json
RXN-0007,rxnorm,succeeded,200,1,,417,runs\2026-06-07_18-02-40_MDT\catalogs\rxnorm\RXN-0007_penicillin\json\page_0001.json,runs\2026-06-07_18-02-40_MDT\catalogs\rxnorm\RXN-0007_penicillin\notes\query.md,runs\2026-06-07_18-02-40_MDT\catalogs\rxnorm\RXN-0007_penicillin\raw\page_0001.json
RXN-0008,rxnorm,succeeded,200,1,,415,runs\2026-06-07_18-02-40_MDT\catalogs\rxnorm\RXN-0008_doxycycline-hyclate\json\page_0001.json,runs\2026-06-07_18-02-40_MDT\catalogs\rxnorm\RXN-0008_doxycycline-hyclate\notes\query.md,runs\2026-06-07_18-02-40_MDT\catalogs\rxnorm\RXN-0008_doxycycline-hyclate\raw\page_0001.json
RXN-0009,rxnorm,succeeded,200,1,,430,runs\2026-06-07_18-02-40_MDT\catalogs\rxnorm\RXN-0009_doxycycline-monohydrate\json\page_0001.json,runs\2026-06-07_18-02-40_MDT\catalogs\rxnorm\RXN-0009_doxycycline-monohydrate\notes\query.md,runs\2026-06-07_18-02-40_MDT\catalogs\rxnorm\RXN-0009_doxycycline-monohydrate\raw\page_0001.json
RXN-0010,rxnorm,succeeded,200,1,,401,runs\2026-06-07_18-02-40_MDT\catalogs\rxnorm\RXN-0010_cefuroxime-axetil\json\page_0001.json,runs\2026-06-07_18-02-40_MDT\catalogs\rxnorm\RXN-0010_cefuroxime-axetil\notes\query.md,runs\2026-06-07_18-02-40_MDT\catalogs\rxnorm\RXN-0010_cefuroxime-axetil\raw\page_0001.json
SVI-0001,cdc_svi,succeeded,200,0,,221,runs\2026-06-07_18-02-40_MDT\catalogs\cdc_svi\SVI-0001_latest-county-svi\json\page_0001.json,runs\2026-06-07_18-02-40_MDT\catalogs\cdc_svi\SVI-0001_latest-county-svi\notes\query.md,runs\2026-06-07_18-02-40_MDT\catalogs\cdc_svi\SVI-0001_latest-county-svi\raw\page_0001.html
SVI-0002,cdc_svi,succeeded,200,0,,957,runs\2026-06-07_18-02-40_MDT\catalogs\cdc_svi\SVI-0002_latest-census-tract-svi\json\page_0001.json,runs\2026-06-07_18-02-40_MDT\catalogs\cdc_svi\SVI-0002_latest-census-tract-svi\notes\query.md,runs\2026-06-07_18-02-40_MDT\catalogs\cdc_svi\SVI-0002_latest-census-tract-svi\raw\page_0001.html
SVI-0003,cdc_svi,succeeded,200,0,,361,runs\2026-06-07_18-02-40_MDT\catalogs\cdc_svi\SVI-0003_socioeconomic-status-theme\json\page_0001.json,runs\2026-06-07_18-02-40_MDT\catalogs\cdc_svi\SVI-0003_socioeconomic-status-theme\notes\query.md,runs\2026-06-07_18-02-40_MDT\catalogs\cdc_svi\SVI-0003_socioeconomic-status-theme\raw\page_0001.html
SVI-0004,cdc_svi,succeeded,200,0,,154,runs\2026-06-07_18-02-40_MDT\catalogs\cdc_svi\SVI-0004_household-characteristics-theme\json\page_0001.json,runs\2026-06-07_18-02-40_MDT\catalogs\cdc_svi\SVI-0004_household-characteristics-theme\notes\query.md,runs\2026-06-07_18-02-40_MDT\catalogs\cdc_svi\SVI-0004_household-characteristics-theme\raw\page_0001.html
SVI-0005,cdc_svi,succeeded,200,0,,213,runs\2026-06-07_18-02-40_MDT\catalogs\cdc_svi\SVI-0005_racial-and-ethnic-minority-status-theme\json\page_0001.json,runs\2026-06-07_18-02-40_MDT\catalogs\cdc_svi\SVI-0005_racial-and-ethnic-minority-status-theme\notes\query.md,runs\2026-06-07_18-02-40_MDT\catalogs\cdc_svi\SVI-0005_racial-and-ethnic-minority-status-theme\raw\page_0001.html
SVI-0006,cdc_svi,succeeded,200,0,,197,runs\2026-06-07_18-02-40_MDT\catalogs\cdc_svi\SVI-0006_housing-type-and-transportation-theme\json\page_0001.json,runs\2026-06-07_18-02-40_MDT\catalogs\cdc_svi\SVI-0006_housing-type-and-transportation-theme\notes\query.md,runs\2026-06-07_18-02-40_MDT\catalogs\cdc_svi\SVI-0006_housing-type-and-transportation-theme\raw\page_0001.html
TICK-0001,cdc_tick_surveillance,succeeded,200,0,,232,runs\2026-06-07_18-02-40_MDT\catalogs\cdc_tick_surveillance\TICK-0001_blacklegged-tick-county-status\json\page_0001.json,runs\2026-06-07_18-02-40_MDT\catalogs\cdc_tick_surveillance\TICK-0001_blacklegged-tick-county-status\notes\query.md,runs\2026-06-07_18-02-40_MDT\catalogs\cdc_tick_surveillance\TICK-0001_blacklegged-tick-county-status\raw\page_0001.html
TICK-0002,cdc_tick_surveillance,succeeded,200,0,,635,runs\2026-06-07_18-02-40_MDT\catalogs\cdc_tick_surveillance\TICK-0002_western-blacklegged-tick-county-status\json\page_0001.json,runs\2026-06-07_18-02-40_MDT\catalogs\cdc_tick_surveillance\TICK-0002_western-blacklegged-tick-county-status\notes\query.md,runs\2026-06-07_18-02-40_MDT\catalogs\cdc_tick_surveillance\TICK-0002_western-blacklegged-tick-county-status\raw\page_0001.html
TICK-0003,cdc_tick_surveillance,succeeded,200,0,,795,runs\2026-06-07_18-02-40_MDT\catalogs\cdc_tick_surveillance\TICK-0003_borrelia-burgdorferi-tick-pathogen-detections\json\page_0001.json,runs\2026-06-07_18-02-40_MDT\catalogs\cdc_tick_surveillance\TICK-0003_borrelia-burgdorferi-tick-pathogen-detections\notes\query.md,runs\2026-06-07_18-02-40_MDT\catalogs\cdc_tick_surveillance\TICK-0003_borrelia-burgdorferi-tick-pathogen-detections\raw\page_0001.html
TICK-0004,cdc_tick_surveillance,succeeded,200,0,,1249,runs\2026-06-07_18-02-40_MDT\catalogs\cdc_tick_surveillance\TICK-0004_borrelia-mayonii-tick-pathogen-detections\json\page_0001.json,runs\2026-06-07_18-02-40_MDT\catalogs\cdc_tick_surveillance\TICK-0004_borrelia-mayonii-tick-pathogen-detections\notes\query.md,runs\2026-06-07_18-02-40_MDT\catalogs\cdc_tick_surveillance\TICK-0004_borrelia-mayonii-tick-pathogen-detections\raw\page_0001.html
TICK-0005,cdc_tick_surveillance,succeeded,200,0,,1033,runs\2026-06-07_18-02-40_MDT\catalogs\cdc_tick_surveillance\TICK-0005_borrelia-miyamotoi-tick-pathogen-detections\json\page_0001.json,runs\2026-06-07_18-02-40_MDT\catalogs\cdc_tick_surveillance\TICK-0005_borrelia-miyamotoi-tick-pathogen-detections\notes\query.md,runs\2026-06-07_18-02-40_MDT\catalogs\cdc_tick_surveillance\TICK-0005_borrelia-miyamotoi-tick-pathogen-detections\raw\page_0001.html
TICK-0006,cdc_tick_surveillance,succeeded,200,0,,211,runs\2026-06-07_18-02-40_MDT\catalogs\cdc_tick_surveillance\TICK-0006_babesia-microti-tick-pathogen-detections\json\page_0001.json,runs\2026-06-07_18-02-40_MDT\catalogs\cdc_tick_surveillance\TICK-0006_babesia-microti-tick-pathogen-detections\notes\query.md,runs\2026-06-07_18-02-40_MDT\catalogs\cdc_tick_surveillance\TICK-0006_babesia-microti-tick-pathogen-detections\raw\page_0001.html
TICK-0007,cdc_tick_surveillance,succeeded,200,0,,169,runs\2026-06-07_18-02-40_MDT\catalogs\cdc_tick_surveillance\TICK-0007_anaplasma-phagocytophilum-tick-pathogen-detections\json\page_0001.json,runs\2026-06-07_18-02-40_MDT\catalogs\cdc_tick_surveillance\TICK-0007_anaplasma-phagocytophilum-tick-pathogen-detections\notes\query.md,runs\2026-06-07_18-02-40_MDT\catalogs\cdc_tick_surveillance\TICK-0007_anaplasma-phagocytophilum-tick-pathogen-detections\raw\page_0001.html
TICK-0008,cdc_tick_surveillance,succeeded,200,0,,170,runs\2026-06-07_18-02-40_MDT\catalogs\cdc_tick_surveillance\TICK-0008_powassan-virus-tick-pathogen-detections\json\page_0001.json,runs\2026-06-07_18-02-40_MDT\catalogs\cdc_tick_surveillance\TICK-0008_powassan-virus-tick-pathogen-detections\notes\query.md,runs\2026-06-07_18-02-40_MDT\catalogs\cdc_tick_surveillance\TICK-0008_powassan-virus-tick-pathogen-detections\raw\page_0001.html
