Year,State,FIPS,Case_status,Sex,Age_cat_yrs,Frequency
1992,AL,Suppressed,Confirmed,Suppressed,Suppressed,7
1992,AR,05119,Confirmed,Suppressed,Suppressed,6
1992,AR,Suppressed,Confirmed,Suppressed,Suppressed,14
1992,CA,06021,Confirmed,Suppressed,Suppressed,5
1992,CA,06023,Confirmed,Male,20+,8
1992,CA,06023,Confirmed,Male,Suppressed,2
1992,CA,06023,Confirmed,Female,20+,6
1992,CA,06023,Confirmed,Female,Suppressed,1
1992,CA,06033,Confirmed,Suppressed,Suppressed,7
1992,CA,06037,Confirmed,Female,20+,7
1992,CA,06037,Confirmed,Suppressed,Suppressed,1
1992,CA,06041,Confirmed,Suppressed,Suppressed,6
1992,CA,06045,Confirmed,Male,0-19,5
1992,CA,06045,Confirmed,Male,20+,9
1992,CA,06045,Confirmed,Female,20+,14
1992,CA,06045,Confirmed,Female,Suppressed,4
1992,CA,06059,Confirmed,Suppressed,Suppressed,5
1992,CA,06071,Confirmed,Female,20+,6
1992,CA,06071,Confirmed,Female,Suppressed,1
1992,CA,06073,Confirmed,Suppressed,Suppressed,5
1992,CA,06085,Confirmed,Suppressed,Suppressed,6
1992,CA,06089,Confirmed,Suppressed,Suppressed,6
1992,CA,06097,Confirmed,Male,20+,17
1992,CA,06097,Confirmed,Male,Suppressed,5
1992,CA,06097,Confirmed,Female,0-19,6
1992,CA,06097,Confirmed,Female,20+,11
1992,CA,06105,Confirmed,Male,20+,10
1992,CA,06105,Confirmed,Male,Suppressed,2
1992,CA,06105,Confirmed,Female,20+,18
1992,CA,06105,Confirmed,Female,Suppressed,3
1992,CA,Suppressed,Confirmed,Male,0-19,5
1992,CA,Suppressed,Confirmed,Female,20+,16
1992,CA,Suppressed,Confirmed,Suppressed,Suppressed,34
1992,CT,09001,Confirmed,Male,0-19,60
1992,CT,09001,Confirmed,Male,20+,133
1992,CT,09001,Confirmed,Male,Suppressed,1
1992,CT,09001,Confirmed,Female,0-19,39
1992,CT,09001,Confirmed,Female,20+,109
1992,CT,09001,Confirmed,Female,Unknown,5
1992,CT,09003,Confirmed,Male,0-19,13
1992,CT,09003,Confirmed,Male,20+,18
1992,CT,09003,Confirmed,Female,0-19,11
1992,CT,09003,Confirmed,Female,20+,29
1992,CT,09003,Confirmed,Female,Suppressed,2
1992,CT,09005,Confirmed,Male,20+,5
1992,CT,09005,Confirmed,Male,Suppressed,3
1992,CT,09005,Confirmed,Female,20+,12
1992,CT,09005,Confirmed,Female,Suppressed,3
1992,CT,09007,Confirmed,Male,0-19,52
1992,CT,09007,Confirmed,Male,20+,144
1992,CT,09007,Confirmed,Male,Unknown,8
1992,CT,09007,Confirmed,Female,0-19,42
1992,CT,09007,Confirmed,Female,20+,129
1992,CT,09007,Confirmed,Female,Suppressed,4
1992,CT,09009,Confirmed,Male,0-19,38
1992,CT,09009,Confirmed,Male,20+,80
1992,CT,09009,Confirmed,Male,Unknown,5
1992,CT,09009,Confirmed,Female,0-19,31
1992,CT,09009,Confirmed,Female,20+,61
1992,CT,09009,Confirmed,Female,Suppressed,2
1992,CT,09011,Confirmed,Male,0-19,103
1992,CT,09011,Confirmed,Male,20+,141
1992,CT,09011,Confirmed,Male,Suppressed,2
1992,CT,09011,Confirmed,Female,0-19,66
1992,CT,09011,Confirmed,Female,20+,156
1992,CT,09011,Confirmed,Female,Suppressed,1
1992,CT,09011,Confirmed,Suppressed,0-19,1
1992,CT,09013,Confirmed,Male,0-19,19
1992,CT,09013,Confirmed,Male,20+,30
1992,CT,09013,Confirmed,Male,Suppressed,1
1992,CT,09013,Confirmed,Female,0-19,20
1992,CT,09013,Confirmed,Female,20+,22
1992,CT,09013,Confirmed,Female,Suppressed,3
1992,CT,09015,Confirmed,Male,0-19,13
1992,CT,09015,Confirmed,Male,20+,27
1992,CT,09015,Confirmed,Male,Suppressed,3
1992,CT,09015,Confirmed,Female,0-19,8
1992,CT,09015,Confirmed,Female,20+,19
1992,CT,09015,Confirmed,Suppressed,Suppressed,1
1992,CT,Unknown,Confirmed,Male,0-19,13
1992,CT,Unknown,Confirmed,Male,20+,32
1992,CT,Unknown,Confirmed,Male,Suppressed,4
1992,CT,Unknown,Confirmed,Female,0-19,7
1992,CT,Unknown,Confirmed,Female,20+,23
1992,CT,Unknown,Confirmed,Female,Unknown,6
1992,DE,10001,Confirmed,Female,20+,6
1992,DE,10001,Confirmed,Female,Suppressed,4
1992,DE,10001,Confirmed,Suppressed,20+,2
1992,DE,10001,Confirmed,Suppressed,Suppressed,3
1992,DE,10003,Confirmed,Male,0-19,18
1992,DE,10003,Confirmed,Male,20+,64
1992,DE,10003,Confirmed,Female,0-19,8
1992,DE,10003,Confirmed,Female,20+,46
1992,DE,10003,Confirmed,Female,Suppressed,2
1992,DE,10005,Confirmed,Female,20+,5
1992,DE,10005,Confirmed,Female,Suppressed,1
1992,DE,10005,Confirmed,Suppressed,20+,3
1992,DE,10005,Confirmed,Suppressed,Suppressed,1
1992,DE,Unknown,Confirmed,Male,0-19,14
1992,DE,Unknown,Confirmed,Male,20+,20
1992,DE,Unknown,Confirmed,Female,20+,17
1992,DE,Unknown,Confirmed,Female,Suppressed,4
1992,DE,Unknown,Confirmed,Suppressed,0-19,1
1992,FL,Suppressed,Confirmed,Suppressed,20+,6
1992,FL,Suppressed,Confirmed,Suppressed,Suppressed,16
1992,GA,13185,Confirmed,Suppressed,Suppressed,9
1992,GA,Suppressed,Confirmed,Male,20+,10
1992,GA,Suppressed,Confirmed,Suppressed,Suppressed,29
1992,IA,Suppressed,Confirmed,Male,20+,11
1992,IA,Suppressed,Confirmed,Suppressed,Suppressed,22
1992,IL,Suppressed,Confirmed,Female,20+,13
1992,IL,Suppressed,Confirmed,Suppressed,Suppressed,28
1992,IN,Suppressed,Confirmed,Suppressed,Suppressed,22
1992,KS,Suppressed,Confirmed,Female,20+,11
1992,KS,Suppressed,Confirmed,Suppressed,Suppressed,5
1992,KY,21111,Confirmed,Suppressed,Suppressed,5
1992,KY,Suppressed,Confirmed,Female,20+,6
1992,KY,Suppressed,Confirmed,Suppressed,Suppressed,17
1992,LA,Suppressed,Confirmed,Suppressed,20+,7
1992,MA,25001,Confirmed,Male,0-19,6
1992,MA,25001,Confirmed,Male,20+,6
1992,MA,25001,Confirmed,Female,20+,12
1992,MA,25001,Confirmed,Female,Suppressed,3
1992,MA,25005,Confirmed,Male,20+,9
1992,MA,25005,Confirmed,Male,Suppressed,3
1992,MA,25005,Confirmed,Female,0-19,5
1992,MA,25005,Confirmed,Female,20+,7
1992,MA,25005,Confirmed,Female,Suppressed,1
1992,MA,25007,Confirmed,Male,20+,11
1992,MA,25007,Confirmed,Male,Suppressed,4
1992,MA,25007,Confirmed,Female,20+,8
1992,MA,25007,Confirmed,Female,Suppressed,2
1992,MA,25009,Confirmed,Female,20+,6
1992,MA,25009,Confirmed,Female,Suppressed,2
1992,MA,25009,Confirmed,Suppressed,20+,3
1992,MA,25009,Confirmed,Suppressed,Suppressed,1
1992,MA,25013,Confirmed,Suppressed,Suppressed,6
1992,MA,25015,Confirmed,Suppressed,Suppressed,7
1992,MA,25017,Confirmed,Male,0-19,5
1992,MA,25017,Confirmed,Male,20+,12
1992,MA,25017,Confirmed,Female,20+,8
1992,MA,25017,Confirmed,Female,Suppressed,3
1992,MA,25019,Confirmed,Male,20+,14
1992,MA,25019,Confirmed,Male,Suppressed,3
1992,MA,25019,Confirmed,Female,0-19,5
1992,MA,25019,Confirmed,Female,20+,13
1992,MA,25019,Confirmed,Female,Suppressed,2
1992,MA,25021,Confirmed,Suppressed,Suppressed,7
1992,MA,25023,Confirmed,Male,0-19,6
1992,MA,25023,Confirmed,Male,20+,6
1992,MA,25023,Confirmed,Male,Suppressed,1
1992,MA,25023,Confirmed,Female,0-19,5
1992,MA,25023,Confirmed,Female,20+,7
1992,MA,25023,Confirmed,Female,Suppressed,1
1992,MA,25025,Confirmed,Female,20+,7
1992,MA,25025,Confirmed,Suppressed,20+,1
1992,MA,25027,Confirmed,Male,20+,5
1992,MA,25027,Confirmed,Male,Suppressed,1
1992,MA,25027,Confirmed,Female,Suppressed,5
1992,MA,25027,Confirmed,Suppressed,Suppressed,1
1992,MA,Suppressed,Confirmed,Male,20+,2
1992,MA,Suppressed,Confirmed,Female,0-19,1
1992,MD,24003,Confirmed,Male,Suppressed,5
1992,MD,24003,Confirmed,Female,Suppressed,5
1992,MD,24005,Confirmed,Male,0-19,8
1992,MD,24005,Confirmed,Male,20+,19
1992,MD,24005,Confirmed,Suppressed,20+,3
1992,MD,24009,Confirmed,Suppressed,Suppressed,6
1992,MD,24011,Confirmed,Male,20+,7
1992,MD,24011,Confirmed,Male,Suppressed,1
1992,MD,24011,Confirmed,Female,20+,5
1992,MD,24011,Confirmed,Female,Suppressed,3
1992,MD,24015,Confirmed,Male,0-19,5
1992,MD,24015,Confirmed,Male,Suppressed,4
1992,MD,24015,Confirmed,Suppressed,Suppressed,3
1992,MD,24017,Confirmed,Male,20+,6
1992,MD,24017,Confirmed,Male,Suppressed,1
1992,MD,24017,Confirmed,Suppressed,Suppressed,2
1992,MD,24025,Confirmed,Male,20+,7
1992,MD,24025,Confirmed,Male,Suppressed,3
1992,MD,24025,Confirmed,Suppressed,20+,1
1992,MD,24025,Confirmed,Suppressed,Suppressed,1
1992,MD,24029,Confirmed,Male,20+,5
1992,MD,24029,Confirmed,Male,Suppressed,4
1992,MD,24029,Confirmed,Female,Suppressed,5
1992,MD,24031,Confirmed,Suppressed,Suppressed,7
1992,MD,24033,Confirmed,Suppressed,Suppressed,8
1992,MD,24035,Confirmed,Female,0-19,5
1992,MD,24035,Confirmed,Female,20+,5
1992,MD,24035,Confirmed,Suppressed,0-19,4
1992,MD,24035,Confirmed,Suppressed,Suppressed,2
1992,MD,24037,Confirmed,Suppressed,Suppressed,6
1992,MD,24039,Confirmed,Suppressed,Suppressed,5
1992,MD,24047,Confirmed,Suppressed,20+,5
1992,MD,24510,Confirmed,Male,Suppressed,5
1992,MD,Suppressed,Confirmed,Male,0-19,2
1992,MD,Suppressed,Confirmed,Female,20+,5
1992,MD,Suppressed,Confirmed,Suppressed,Suppressed,15
1992,ME,23031,Confirmed,Suppressed,20+,5
1992,ME,Suppressed,Confirmed,Suppressed,20+,8
1992,MI,26125,Confirmed,Suppressed,20+,5
1992,MI,Suppressed,Confirmed,Female,20+,9
1992,MI,Suppressed,Confirmed,Suppressed,20+,14
1992,MN,27001,Confirmed,Female,20+,6
1992,MN,27001,Confirmed,Female,Suppressed,1
1992,MN,27001,Confirmed,Suppressed,20+,4
1992,MN,27001,Confirmed,Suppressed,Suppressed,1
1992,MN,27003,Confirmed,Male,20+,6
1992,MN,27003,Confirmed,Male,Suppressed,4
1992,MN,27003,Confirmed,Suppressed,20+,3
1992,MN,27003,Confirmed,Suppressed,Suppressed,1
1992,MN,27025,Confirmed,Female,20+,5
1992,MN,27025,Confirmed,Female,Suppressed,1
1992,MN,27025,Confirmed,Suppressed,20+,3
1992,MN,27025,Confirmed,Suppressed,Suppressed,1
1992,MN,27035,Confirmed,Male,20+,6
1992,MN,27035,Confirmed,Male,Suppressed,1
1992,MN,27035,Confirmed,Suppressed,20+,2
1992,MN,27037,Confirmed,Female,Suppressed,6
1992,MN,27037,Confirmed,Suppressed,Suppressed,5
1992,MN,27053,Confirmed,Male,0-19,7
1992,MN,27053,Confirmed,Male,20+,17
1992,MN,27053,Confirmed,Female,20+,7
1992,MN,27053,Confirmed,Female,Suppressed,3
1992,MN,27065,Confirmed,Suppressed,20+,5
1992,MN,27115,Confirmed,Female,20+,6
1992,MN,27115,Confirmed,Female,Suppressed,2
1992,MN,27115,Confirmed,Suppressed,20+,3
1992,MN,27115,Confirmed,Suppressed,Suppressed,2
1992,MN,27123,Confirmed,Male,0-19,7
1992,MN,27123,Confirmed,Male,20+,13
1992,MN,27123,Confirmed,Suppressed,20+,4
1992,MN,27123,Confirmed,Suppressed,Suppressed,2
1992,MN,27163,Confirmed,Male,0-19,6
1992,MN,27163,Confirmed,Male,20+,7
1992,MN,27163,Confirmed,Suppressed,0-19,1
1992,MN,27163,Confirmed,Suppressed,Suppressed,3
1992,MN,Suppressed,Confirmed,Male,20+,7
1992,MN,Suppressed,Confirmed,Male,Suppressed,9
1992,MN,Suppressed,Confirmed,Suppressed,20+,26
1992,MN,Suppressed,Confirmed,Suppressed,Suppressed,4
1992,MO,29017,Confirmed,Suppressed,Suppressed,6
1992,MO,29031,Confirmed,Male,20+,8
1992,MO,29031,Confirmed,Male,Suppressed,1
1992,MO,29031,Confirmed,Female,20+,6
1992,MO,29031,Confirmed,Female,Suppressed,1
1992,MO,29051,Confirmed,Suppressed,Suppressed,5
1992,MO,29095,Confirmed,Male,20+,5
1992,MO,29095,Confirmed,Male,Suppressed,2
1992,MO,29095,Confirmed,Female,20+,12
1992,MO,29095,Confirmed,Female,Suppressed,3
1992,MO,29157,Confirmed,Male,20+,7
1992,MO,29157,Confirmed,Female,20+,6
1992,MO,29157,Confirmed,Female,Suppressed,3
1992,MO,29201,Confirmed,Male,20+,7
1992,MO,29201,Confirmed,Male,Suppressed,3
1992,MO,29201,Confirmed,Female,20+,11
1992,MO,29207,Confirmed,Male,Suppressed,5
1992,MO,29207,Confirmed,Female,20+,5
1992,MO,Suppressed,Confirmed,Male,0-19,6
1992,MO,Suppressed,Confirmed,Female,20+,6
1992,MO,Suppressed,Confirmed,Suppressed,Suppressed,42
1992,NC,37133,Confirmed,Male,20+,6
1992,NC,37133,Confirmed,Male,Suppressed,2
1992,NC,37133,Confirmed,Suppressed,Suppressed,2
1992,NC,37183,Confirmed,Female,20+,5
1992,NC,37183,Confirmed,Female,Suppressed,3
1992,NC,37183,Confirmed,Suppressed,20+,2
1992,NC,37183,Confirmed,Suppressed,Suppressed,1
1992,NC,Suppressed,Confirmed,Male,20+,11
1992,NC,Suppressed,Confirmed,Female,0-19,5
1992,NC,Suppressed,Confirmed,Suppressed,Suppressed,30
1992,NE,31109,Confirmed,Male,20+,6
1992,NE,31109,Confirmed,Male,Suppressed,4
1992,NE,31109,Confirmed,Female,20+,5
1992,NE,31109,Confirmed,Female,Suppressed,1
1992,NE,Suppressed,Confirmed,Female,20+,1
1992,NE,Suppressed,Confirmed,Female,Suppressed,1
1992,NE,Suppressed,Confirmed,Suppressed,20+,4
1992,NH,33011,Confirmed,Female,20+,13
1992,NH,33011,Confirmed,Suppressed,20+,3
1992,NH,33011,Confirmed,Suppressed,Suppressed,2
1992,NH,33015,Confirmed,Female,20+,5
1992,NH,33015,Confirmed,Female,Suppressed,1
1992,NH,33015,Confirmed,Suppressed,20+,1
1992,NH,33015,Confirmed,Suppressed,Suppressed,1
1992,NH,Suppressed,Confirmed,Female,Suppressed,6
1992,NH,Suppressed,Confirmed,Suppressed,20+,2
1992,NH,Suppressed,Confirmed,Suppressed,Suppressed,10
1992,NJ,34001,Confirmed,Male,20+,11
1992,NJ,34001,Confirmed,Male,Suppressed,4
1992,NJ,34001,Confirmed,Female,20+,11
1992,NJ,34001,Confirmed,Female,Suppressed,3
1992,NJ,34003,Confirmed,Male,20+,8
1992,NJ,34003,Confirmed,Male,Suppressed,4
1992,NJ,34003,Confirmed,Female,20+,8
1992,NJ,34003,Confirmed,Female,Suppressed,3
1992,NJ,34005,Confirmed,Male,0-19,7
1992,NJ,34005,Confirmed,Male,20+,9
1992,NJ,34005,Confirmed,Female,0-19,5
1992,NJ,34005,Confirmed,Female,20+,19
1992,NJ,34007,Confirmed,Male,20+,5
1992,NJ,34007,Confirmed,Female,Suppressed,5
1992,NJ,34007,Confirmed,Suppressed,20+,1
1992,NJ,34011,Confirmed,Female,20+,6
1992,NJ,34011,Confirmed,Female,Suppressed,1
1992,NJ,34011,Confirmed,Suppressed,20+,4
1992,NJ,34011,Confirmed,Suppressed,Suppressed,2
1992,NJ,34013,Confirmed,Suppressed,20+,6
1992,NJ,34015,Confirmed,Female,Suppressed,8
1992,NJ,34019,Confirmed,Male,0-19,8
1992,NJ,34019,Confirmed,Male,20+,32
1992,NJ,34019,Confirmed,Female,0-19,13
1992,NJ,34019,Confirmed,Female,20+,19
1992,NJ,34021,Confirmed,Male,0-19,7
1992,NJ,34021,Confirmed,Male,20+,10
1992,NJ,34021,Confirmed,Female,0-19,7
1992,NJ,34021,Confirmed,Female,20+,12
1992,NJ,34021,Confirmed,Suppressed,20+,1
1992,NJ,34023,Confirmed,Male,20+,9
1992,NJ,34023,Confirmed,Male,Suppressed,4
1992,NJ,34023,Confirmed,Female,20+,6
1992,NJ,34023,Confirmed,Female,Suppressed,4
1992,NJ,34025,Confirmed,Male,0-19,11
1992,NJ,34025,Confirmed,Male,20+,24
1992,NJ,34025,Confirmed,Female,0-19,14
1992,NJ,34025,Confirmed,Female,20+,30
1992,NJ,34025,Confirmed,Female,Suppressed,1
1992,NJ,34027,Confirmed,Male,0-19,20
1992,NJ,34027,Confirmed,Male,20+,35
1992,NJ,34027,Confirmed,Female,0-19,19
1992,NJ,34027,Confirmed,Female,20+,44
1992,NJ,34027,Confirmed,Female,Suppressed,1
1992,NJ,34029,Confirmed,Male,0-19,13
1992,NJ,34029,Confirmed,Male,20+,36
1992,NJ,34029,Confirmed,Female,0-19,15
1992,NJ,34029,Confirmed,Female,20+,27
1992,NJ,34029,Confirmed,Suppressed,20+,3
1992,NJ,34031,Confirmed,Female,20+,5
1992,NJ,34031,Confirmed,Suppressed,20+,1
1992,NJ,34033,Confirmed,Male,20+,5
1992,NJ,34033,Confirmed,Male,Suppressed,2
1992,NJ,34033,Confirmed,Suppressed,20+,3
1992,NJ,34033,Confirmed,Suppressed,Suppressed,2
1992,NJ,34035,Confirmed,Male,0-19,16
1992,NJ,34035,Confirmed,Male,20+,27
1992,NJ,34035,Confirmed,Male,Suppressed,1
1992,NJ,34035,Confirmed,Female,0-19,9
1992,NJ,34035,Confirmed,Female,20+,19
1992,NJ,34039,Confirmed,Male,20+,8
1992,NJ,34039,Confirmed,Male,Suppressed,4
1992,NJ,34039,Confirmed,Suppressed,20+,2
1992,NJ,34039,Confirmed,Suppressed,Suppressed,1
1992,NJ,Suppressed,Confirmed,Female,20+,7
1992,NJ,Suppressed,Confirmed,Female,Suppressed,5
1992,NJ,Suppressed,Confirmed,Suppressed,20+,12
1992,NJ,Suppressed,Confirmed,Suppressed,Suppressed,4
1992,NY,36001,Confirmed,Male,20+,7
1992,NY,36001,Confirmed,Male,Suppressed,1
1992,NY,36001,Confirmed,Female,20+,5
1992,NY,36003,Confirmed,Male,20+,5
1992,NY,36003,Confirmed,Male,Suppressed,1
1992,NY,36003,Confirmed,Female,Suppressed,8
1992,NY,36005,Confirmed,Female,20+,8
1992,NY,36005,Confirmed,Female,Suppressed,1
1992,NY,36005,Confirmed,Suppressed,Suppressed,3
1992,NY,36007,Confirmed,Suppressed,Suppressed,5
1992,NY,36009,Confirmed,Suppressed,Suppressed,6
1992,NY,36021,Confirmed,Male,20+,5
1992,NY,36021,Confirmed,Male,Suppressed,3
1992,NY,36021,Confirmed,Female,20+,9
1992,NY,36027,Confirmed,Male,0-19,74
1992,NY,36027,Confirmed,Male,20+,201
1992,NY,36027,Confirmed,Male,Suppressed,1
1992,NY,36027,Confirmed,Female,0-19,73
1992,NY,36027,Confirmed,Female,20+,239
1992,NY,36027,Confirmed,Female,Suppressed,2
1992,NY,36029,Confirmed,Male,20+,7
1992,NY,36029,Confirmed,Male,Suppressed,1
1992,NY,36029,Confirmed,Female,0-19,6
1992,NY,36029,Confirmed,Female,20+,16
1992,NY,36033,Confirmed,Male,Suppressed,5
1992,NY,36039,Confirmed,Suppressed,Suppressed,8
1992,NY,36047,Confirmed,Male,0-19,7
1992,NY,36047,Confirmed,Male,Suppressed,4
1992,NY,36047,Confirmed,Female,20+,8
1992,NY,36055,Confirmed,Suppressed,Suppressed,6
1992,NY,36059,Confirmed,Male,0-19,7
1992,NY,36059,Confirmed,Male,20+,36
1992,NY,36059,Confirmed,Female,0-19,10
1992,NY,36059,Confirmed,Female,20+,29
1992,NY,36059,Confirmed,Female,Suppressed,1
1992,NY,36061,Confirmed,Male,20+,27
1992,NY,36061,Confirmed,Male,Suppressed,3
1992,NY,36061,Confirmed,Female,20+,24
1992,NY,36061,Confirmed,Female,Suppressed,2
1992,NY,36069,Confirmed,Suppressed,Suppressed,5
1992,NY,36071,Confirmed,Male,0-19,20
1992,NY,36071,Confirmed,Male,20+,48
1992,NY,36071,Confirmed,Female,0-19,21
1992,NY,36071,Confirmed,Female,20+,82
1992,NY,36079,Confirmed,Male,0-19,34
1992,NY,36079,Confirmed,Male,20+,79
1992,NY,36079,Confirmed,Female,0-19,17
1992,NY,36079,Confirmed,Female,20+,74
1992,NY,36079,Confirmed,Female,Suppressed,1
1992,NY,36081,Confirmed,Female,20+,6
1992,NY,36081,Confirmed,Female,Suppressed,1
1992,NY,36081,Confirmed,Suppressed,Suppressed,3
1992,NY,36083,Confirmed,Female,20+,6
1992,NY,36083,Confirmed,Suppressed,Suppressed,3
1992,NY,36085,Confirmed,Suppressed,Suppressed,6
1992,NY,36087,Confirmed,Male,0-19,9
1992,NY,36087,Confirmed,Male,20+,13
1992,NY,36087,Confirmed,Male,Suppressed,1
1992,NY,36087,Confirmed,Female,0-19,7
1992,NY,36087,Confirmed,Female,20+,37
1992,NY,36087,Confirmed,Female,Suppressed,1
1992,NY,36091,Confirmed,Male,20+,5
1992,NY,36091,Confirmed,Male,Suppressed,3
1992,NY,36091,Confirmed,Suppressed,20+,4
1992,NY,36091,Confirmed,Suppressed,Suppressed,1
1992,NY,36093,Confirmed,Suppressed,Suppressed,5
1992,NY,36101,Confirmed,Suppressed,Suppressed,5
1992,NY,36103,Confirmed,Male,0-19,61
1992,NY,36103,Confirmed,Male,20+,232
1992,NY,36103,Confirmed,Female,0-19,67
1992,NY,36103,Confirmed,Female,20+,294
1992,NY,36105,Confirmed,Male,20+,8
1992,NY,36105,Confirmed,Female,20+,20
1992,NY,36105,Confirmed,Female,Suppressed,1
1992,NY,36109,Confirmed,Suppressed,Suppressed,8
1992,NY,36111,Confirmed,Male,0-19,11
1992,NY,36111,Confirmed,Male,20+,65
1992,NY,36111,Confirmed,Female,0-19,17
1992,NY,36111,Confirmed,Female,20+,86
1992,NY,36111,Confirmed,Female,Suppressed,1
1992,NY,36119,Confirmed,Male,0-19,146
1992,NY,36119,Confirmed,Male,20+,442
1992,NY,36119,Confirmed,Male,Unknown,19
1992,NY,36119,Confirmed,Female,0-19,109
1992,NY,36119,Confirmed,Female,20+,416
1992,NY,36119,Confirmed,Female,Unknown,20
1992,NY,36119,Confirmed,Suppressed,0-19,1
1992,NY,36119,Confirmed,Suppressed,Suppressed,1
1992,NY,Suppressed,Confirmed,Male,0-19,2
1992,NY,Suppressed,Confirmed,Female,20+,12
1992,NY,Suppressed,Confirmed,Suppressed,Suppressed,48
1992,OH,Suppressed,Confirmed,Male,0-19,5
1992,OH,Suppressed,Confirmed,Female,20+,9
1992,OH,Suppressed,Confirmed,Suppressed,Suppressed,18
1992,OK,Suppressed,Confirmed,Female,20+,13
1992,OK,Suppressed,Confirmed,Suppressed,Suppressed,13
1992,OR,41  .,Confirmed,Unknown,Unknown,13
1992,PA,42  .,Confirmed,Unknown,Unknown,1173
1992,RI,44003,Confirmed,Male,0-19,7
1992,RI,44003,Confirmed,Male,20+,11
1992,RI,44003,Confirmed,Male,Suppressed,2
1992,RI,44003,Confirmed,Female,0-19,5
1992,RI,44003,Confirmed,Female,20+,14
1992,RI,44005,Confirmed,Female,20+,9
1992,RI,44005,Confirmed,Female,Suppressed,2
1992,RI,44005,Confirmed,Suppressed,20+,3
1992,RI,44007,Confirmed,Male,20+,10
1992,RI,44007,Confirmed,Male,Suppressed,3
1992,RI,44007,Confirmed,Female,20+,7
1992,RI,44007,Confirmed,Female,Suppressed,4
1992,RI,44009,Confirmed,Male,0-19,17
1992,RI,44009,Confirmed,Male,20+,81
1992,RI,44009,Confirmed,Male,Unknown,5
1992,RI,44009,Confirmed,Female,0-19,10
1992,RI,44009,Confirmed,Female,20+,64
1992,RI,44009,Confirmed,Female,Suppressed,3
1992,RI,Unknown,Confirmed,Male,Suppressed,5
1992,RI,Unknown,Confirmed,Female,Suppressed,7
1992,RI,Suppressed,Confirmed,Female,20+,4
1992,RI,Suppressed,Confirmed,Suppressed,20+,1
1992,RI,Suppressed,Confirmed,Suppressed,Suppressed,1
1992,Suppressed,Suppressed,Confirmed,Female,Suppressed,13
1992,Suppressed,Suppressed,Confirmed,Suppressed,20+,20
1992,Suppressed,Suppressed,Confirmed,Suppressed,Suppressed,17
1992,TN,47157,Confirmed,Female,Suppressed,5
1992,TN,Suppressed,Confirmed,Male,0-19,7
1992,TN,Suppressed,Confirmed,Female,20+,9
1992,TN,Suppressed,Confirmed,Suppressed,Suppressed,10
1992,TX,48113,Confirmed,Male,20+,7
1992,TX,48113,Confirmed,Male,Suppressed,3
1992,TX,48113,Confirmed,Female,20+,11
1992,TX,48113,Confirmed,Female,Suppressed,1
1992,TX,48201,Confirmed,Female,20+,5
1992,TX,48201,Confirmed,Suppressed,Suppressed,2
1992,TX,48439,Confirmed,Female,20+,5
1992,TX,48439,Confirmed,Suppressed,Suppressed,4
1992,TX,48453,Confirmed,Suppressed,Suppressed,5
1992,TX,Suppressed,Confirmed,Male,Suppressed,4
1992,TX,Suppressed,Confirmed,Female,20+,25
1992,TX,Suppressed,Confirmed,Suppressed,Suppressed,41
1992,VA,51001,Confirmed,Female,20+,7
1992,VA,51001,Confirmed,Suppressed,Suppressed,4
1992,VA,51019,Confirmed,Suppressed,Suppressed,6
1992,VA,51059,Confirmed,Male,Suppressed,5
1992,VA,51059,Confirmed,Female,20+,6
1992,VA,51059,Confirmed,Female,Suppressed,4
1992,VA,51063,Confirmed,Female,20+,10
1992,VA,51063,Confirmed,Suppressed,Suppressed,1
1992,VA,51153,Confirmed,Male,20+,13
1992,VA,51153,Confirmed,Male,Suppressed,3
1992,VA,51153,Confirmed,Suppressed,20+,2
1992,VA,Suppressed,Confirmed,Male,Suppressed,1
1992,VA,Suppressed,Confirmed,Female,20+,17
1992,VA,Suppressed,Confirmed,Suppressed,20+,7
1992,VA,Suppressed,Confirmed,Suppressed,Suppressed,37
1992,VT,Suppressed,Confirmed,Suppressed,Suppressed,5
1992,WA,Suppressed,Confirmed,Female,20+,5
1992,WA,Suppressed,Confirmed,Female,Suppressed,6
1992,WI,55005,Confirmed,Male,20+,9
1992,WI,55005,Confirmed,Male,Suppressed,3
1992,WI,55005,Confirmed,Female,20+,6
1992,WI,55007,Confirmed,Male,Suppressed,5
1992,WI,55009,Confirmed,Suppressed,Suppressed,6
1992,WI,55011,Confirmed,Male,20+,5
1992,WI,55011,Confirmed,Male,Suppressed,2
1992,WI,55011,Confirmed,Suppressed,Suppressed,4
1992,WI,55013,Confirmed,Male,20+,15
1992,WI,55013,Confirmed,Male,Suppressed,3
1992,WI,55013,Confirmed,Female,20+,6
1992,WI,55013,Confirmed,Female,Suppressed,4
1992,WI,55017,Confirmed,Male,Suppressed,6
1992,WI,55019,Confirmed,Male,20+,11
1992,WI,55019,Confirmed,Male,Suppressed,2
1992,WI,55019,Confirmed,Suppressed,Suppressed,4
1992,WI,55021,Confirmed,Male,20+,7
1992,WI,55021,Confirmed,Suppressed,Suppressed,2
1992,WI,55025,Confirmed,Male,20+,13
1992,WI,55025,Confirmed,Male,Suppressed,2
1992,WI,55025,Confirmed,Female,20+,9
1992,WI,55025,Confirmed,Female,Suppressed,2
1992,WI,55027,Confirmed,Female,20+,5
1992,WI,55027,Confirmed,Suppressed,20+,4
1992,WI,55027,Confirmed,Suppressed,Suppressed,1
1992,WI,55033,Confirmed,Male,0-19,7
1992,WI,55033,Confirmed,Male,Suppressed,4
1992,WI,55033,Confirmed,Female,20+,5
1992,WI,55033,Confirmed,Female,Suppressed,3
1992,WI,55035,Confirmed,Male,0-19,5
1992,WI,55035,Confirmed,Male,20+,15
1992,WI,55035,Confirmed,Female,0-19,12
1992,WI,55035,Confirmed,Female,20+,21
1992,WI,55053,Confirmed,Suppressed,Suppressed,6
1992,WI,55063,Confirmed,Male,20+,16
1992,WI,55063,Confirmed,Male,Suppressed,3
1992,WI,55063,Confirmed,Female,20+,5
1992,WI,55063,Confirmed,Female,Suppressed,3
1992,WI,55081,Confirmed,Male,0-19,5
1992,WI,55081,Confirmed,Male,Suppressed,4
1992,WI,55081,Confirmed,Suppressed,0-19,1
1992,WI,55081,Confirmed,Suppressed,Suppressed,1
1992,WI,55085,Confirmed,Male,20+,5
1992,WI,55085,Confirmed,Male,Suppressed,1
1992,WI,55085,Confirmed,Suppressed,Suppressed,4
1992,WI,55095,Confirmed,Male,0-19,14
1992,WI,55095,Confirmed,Male,20+,32
1992,WI,55095,Confirmed,Female,0-19,11
1992,WI,55095,Confirmed,Female,20+,23
1992,WI,55107,Confirmed,Suppressed,Suppressed,6
1992,WI,55109,Confirmed,Male,20+,7
1992,WI,55109,Confirmed,Male,Suppressed,3
1992,WI,55109,Confirmed,Female,20+,5
1992,WI,55111,Confirmed,Male,20+,9
1992,WI,55111,Confirmed,Male,Suppressed,1
1992,WI,55111,Confirmed,Female,Suppressed,5
1992,WI,55113,Confirmed,Male,0-19,6
1992,WI,55113,Confirmed,Male,20+,10
1992,WI,55113,Confirmed,Female,0-19,6
1992,WI,55113,Confirmed,Female,Suppressed,1
1992,WI,55119,Confirmed,Male,20+,5
1992,WI,55119,Confirmed,Male,Suppressed,1
1992,WI,55119,Confirmed,Suppressed,Suppressed,3
1992,WI,55121,Confirmed,Suppressed,Suppressed,9
1992,WI,55123,Confirmed,Suppressed,Suppressed,6
1992,WI,55129,Confirmed,Male,20+,13
1992,WI,55129,Confirmed,Male,Suppressed,3
1992,WI,55129,Confirmed,Female,20+,6
1992,WI,55129,Confirmed,Female,Suppressed,1
1992,WI,55133,Confirmed,Suppressed,Suppressed,7
1992,WI,55139,Confirmed,Female,20+,10
1992,WI,55139,Confirmed,Female,Suppressed,3
1992,WI,55139,Confirmed,Suppressed,20+,2
1992,WI,55139,Confirmed,Suppressed,Suppressed,2
1992,WI,Suppressed,Confirmed,Male,20+,19
1992,WI,Suppressed,Confirmed,Female,0-19,1
1992,WI,Suppressed,Confirmed,Suppressed,Suppressed,33
1992,WV,Suppressed,Confirmed,Suppressed,Suppressed,9
1992,WY,Suppressed,Confirmed,Suppressed,20+,5
1993,AR,Suppressed,Confirmed,Suppressed,20+,8
1993,CA,06001,Confirmed,Female,20+,5
1993,CA,06001,Confirmed,Female,Suppressed,1
1993,CA,06045,Confirmed,Male,20+,9
1993,CA,06045,Confirmed,Male,Suppressed,4
1993,CA,06045,Confirmed,Female,20+,8
1993,CA,06045,Confirmed,Female,Suppressed,2
1993,CA,06057,Confirmed,Suppressed,Suppressed,5
1993,CA,06087,Confirmed,Suppressed,Suppressed,5
1993,CA,06097,Confirmed,Male,20+,8
1993,CA,06097,Confirmed,Male,Suppressed,2
1993,CA,06097,Confirmed,Female,20+,9
1993,CA,06097,Confirmed,Female,Suppressed,1
1993,CA,Suppressed,Confirmed,Male,20+,11
1993,CA,Suppressed,Confirmed,Female,Suppressed,1
1993,CA,Suppressed,Confirmed,Suppressed,20+,13
1993,CA,Suppressed,Confirmed,Suppressed,Suppressed,50
1993,CT,09001,Confirmed,Male,0-19,40
1993,CT,09001,Confirmed,Male,20+,95
1993,CT,09001,Confirmed,Male,Suppressed,2
1993,CT,09001,Confirmed,Female,0-19,30
1993,CT,09001,Confirmed,Female,20+,87
1993,CT,09001,Confirmed,Female,Suppressed,2
1993,CT,09001,Confirmed,Suppressed,20+,2
1993,CT,09003,Confirmed,Male,0-19,13
1993,CT,09003,Confirmed,Male,20+,21
1993,CT,09003,Confirmed,Male,Suppressed,2
1993,CT,09003,Confirmed,Female,0-19,13
1993,CT,09003,Confirmed,Female,20+,23
1993,CT,09003,Confirmed,Female,Suppressed,1
1993,CT,09005,Confirmed,Male,0-19,5
1993,CT,09005,Confirmed,Male,20+,22
1993,CT,09005,Confirmed,Female,20+,9
1993,CT,09005,Confirmed,Female,Suppressed,2
1993,CT,09007,Confirmed,Male,0-19,28
1993,CT,09007,Confirmed,Male,20+,113
1993,CT,09007,Confirmed,Male,Unknown,10
1993,CT,09007,Confirmed,Female,0-19,26
1993,CT,09007,Confirmed,Female,20+,82
1993,CT,09007,Confirmed,Female,Unknown,6
1993,CT,09009,Confirmed,Male,0-19,25
1993,CT,09009,Confirmed,Male,20+,47
1993,CT,09009,Confirmed,Male,Suppressed,2
1993,CT,09009,Confirmed,Female,0-19,18
1993,CT,09009,Confirmed,Female,20+,54
1993,CT,09009,Confirmed,Female,Suppressed,2
1993,CT,09011,Confirmed,Male,0-19,58
1993,CT,09011,Confirmed,Male,20+,99
1993,CT,09011,Confirmed,Male,Unknown,5
1993,CT,09011,Confirmed,Female,0-19,33
1993,CT,09011,Confirmed,Female,20+,92
1993,CT,09011,Confirmed,Female,Suppressed,4
1993,CT,09013,Confirmed,Male,0-19,25
1993,CT,09013,Confirmed,Male,20+,37
1993,CT,09013,Confirmed,Male,Suppressed,2
1993,CT,09013,Confirmed,Female,0-19,12
1993,CT,09013,Confirmed,Female,20+,36
1993,CT,09015,Confirmed,Male,0-19,15
1993,CT,09015,Confirmed,Male,20+,29
1993,CT,09015,Confirmed,Male,Suppressed,2
1993,CT,09015,Confirmed,Female,0-19,13
1993,CT,09015,Confirmed,Female,20+,39
1993,CT,09015,Confirmed,Female,Suppressed,2
1993,CT,Unknown,Confirmed,Male,0-19,5
1993,CT,Unknown,Confirmed,Male,20+,21
1993,CT,Unknown,Confirmed,Male,Suppressed,4
1993,CT,Unknown,Confirmed,Female,20+,21
1993,CT,Unknown,Confirmed,Female,Unknown,8
1993,CT,Unknown,Confirmed,Female,Suppressed,3
1993,CT,Unknown,Confirmed,Suppressed,20+,2
1993,CT,Unknown,Confirmed,Suppressed,Suppressed,1
1993,DE,10001,Confirmed,Male,Suppressed,6
1993,DE,10001,Confirmed,Female,20+,11
1993,DE,10001,Confirmed,Female,Suppressed,3
1993,DE,10001,Confirmed,Suppressed,Suppressed,2
1993,DE,10003,Confirmed,Male,0-19,15
1993,DE,10003,Confirmed,Male,20+,55
1993,DE,10003,Confirmed,Male,Suppressed,2
1993,DE,10003,Confirmed,Female,0-19,10
1993,DE,10003,Confirmed,Female,20+,32
1993,DE,10005,Confirmed,Suppressed,20+,5
1993,DE,Suppressed,Confirmed,Male,Suppressed,1
1993,DE,Suppressed,Confirmed,Suppressed,Suppressed,1
1993,FL,Suppressed,Confirmed,Female,20+,7
1993,FL,Suppressed,Confirmed,Suppressed,Suppressed,20
1993,GA,13185,Confirmed,Female,20+,11
1993,GA,13185,Confirmed,Female,Suppressed,2
1993,GA,13185,Confirmed,Suppressed,20+,2
1993,GA,13185,Confirmed,Suppressed,Suppressed,1
1993,GA,Unknown,Confirmed,Male,20+,7
1993,GA,Unknown,Confirmed,Suppressed,20+,3
1993,GA,Unknown,Confirmed,Suppressed,Suppressed,1
1993,GA,Suppressed,Confirmed,Male,20+,7
1993,GA,Suppressed,Confirmed,Male,Suppressed,1
1993,GA,Suppressed,Confirmed,Suppressed,20+,8
1993,IA,Suppressed,Confirmed,Suppressed,20+,7
1993,IL,Suppressed,Confirmed,Male,20+,6
1993,IL,Suppressed,Confirmed,Suppressed,Suppressed,10
1993,IN,18163,Confirmed,Female,20+,5
1993,IN,18163,Confirmed,Female,Suppressed,1
1993,IN,18163,Confirmed,Suppressed,20+,3
1993,IN,18163,Confirmed,Suppressed,Suppressed,1
1993,IN,18173,Confirmed,Female,20+,5
1993,IN,18173,Confirmed,Suppressed,20+,2
1993,IN,Suppressed,Confirmed,Female,20+,6
1993,IN,Suppressed,Confirmed,Female,Suppressed,2
1993,IN,Suppressed,Confirmed,Suppressed,20+,7
1993,KS,20045,Confirmed,Female,Suppressed,5
1993,KS,20091,Confirmed,Male,20+,6
1993,KS,20091,Confirmed,Female,20+,9
1993,KS,20091,Confirmed,Female,Suppressed,4
1993,KS,20177,Confirmed,Male,20+,5
1993,KS,20177,Confirmed,Suppressed,Suppressed,4
1993,KS,Suppressed,Confirmed,Male,20+,3
1993,KS,Suppressed,Confirmed,Female,Suppressed,2
1993,KS,Suppressed,Confirmed,Suppressed,Suppressed,16
1993,KY,Suppressed,Confirmed,Male,20+,5
1993,KY,Suppressed,Confirmed,Suppressed,Suppressed,11
1993,MA,25001,Confirmed,Female,20+,9
1993,MA,25001,Confirmed,Female,Suppressed,1
1993,MA,25001,Confirmed,Suppressed,Suppressed,7
1993,MA,25005,Confirmed,Male,20+,5
1993,MA,25005,Confirmed,Female,20+,6
1993,MA,25005,Confirmed,Female,Suppressed,2
1993,MA,25009,Confirmed,Female,20+,8
1993,MA,25009,Confirmed,Suppressed,Suppressed,2
1993,MA,25017,Confirmed,Male,20+,10
1993,MA,25017,Confirmed,Male,Suppressed,1
1993,MA,25017,Confirmed,Female,20+,17
1993,MA,25017,Confirmed,Female,Suppressed,3
1993,MA,25019,Confirmed,Male,20+,13
1993,MA,25019,Confirmed,Male,Suppressed,5
1993,MA,25019,Confirmed,Female,20+,10
1993,MA,25019,Confirmed,Female,Suppressed,2
1993,MA,25021,Confirmed,Female,20+,5
1993,MA,25021,Confirmed,Female,Suppressed,2
1993,MA,25021,Confirmed,Suppressed,20+,1
1993,MA,25021,Confirmed,Suppressed,Suppressed,3
1993,MA,25023,Confirmed,Male,Suppressed,6
1993,MA,25023,Confirmed,Female,20+,5
1993,MA,25023,Confirmed,Female,Suppressed,4
1993,MA,25027,Confirmed,Male,Suppressed,5
1993,MA,Suppressed,Confirmed,Male,Suppressed,3
1993,MA,Suppressed,Confirmed,Female,20+,5
1993,MA,Suppressed,Confirmed,Suppressed,20+,8
1993,MD,24003,Confirmed,Female,Suppressed,6
1993,MD,24003,Confirmed,Suppressed,Suppressed,5
1993,MD,24005,Confirmed,Male,0-19,8
1993,MD,24005,Confirmed,Male,20+,26
1993,MD,24005,Confirmed,Female,20+,22
1993,MD,24005,Confirmed,Female,Suppressed,2
1993,MD,24005,Confirmed,Suppressed,20+,1
1993,MD,24011,Confirmed,Male,20+,12
1993,MD,24011,Confirmed,Male,Suppressed,2
1993,MD,24011,Confirmed,Female,20+,8
1993,MD,24015,Confirmed,Male,0-19,5
1993,MD,24015,Confirmed,Male,Suppressed,3
1993,MD,24015,Confirmed,Suppressed,Suppressed,2
1993,MD,24023,Confirmed,Suppressed,Suppressed,6
1993,MD,24025,Confirmed,Male,Suppressed,5
1993,MD,24029,Confirmed,Suppressed,Suppressed,7
1993,MD,24031,Confirmed,Male,Suppressed,5
1993,MD,24039,Confirmed,Suppressed,Suppressed,7
1993,MD,24510,Confirmed,Male,Suppressed,6
1993,MD,Suppressed,Confirmed,Male,0-19,3
1993,MD,Suppressed,Confirmed,Female,20+,8
1993,MD,Suppressed,Confirmed,Suppressed,Suppressed,31
1993,ME,Suppressed,Confirmed,Suppressed,Suppressed,11
1993,MI,Suppressed,Confirmed,Male,20+,10
1993,MI,Suppressed,Confirmed,Suppressed,Suppressed,9
1993,MN,27025,Confirmed,Male,Suppressed,5
1993,MN,27025,Confirmed,Suppressed,Suppressed,5
1993,MN,27037,Confirmed,Female,Suppressed,5
1993,MN,27053,Confirmed,Male,20+,7
1993,MN,27053,Confirmed,Male,Suppressed,4
1993,MN,27053,Confirmed,Female,20+,5
1993,MN,27053,Confirmed,Female,Suppressed,2
1993,MN,27065,Confirmed,Female,Suppressed,5
1993,MN,27095,Confirmed,Suppressed,Suppressed,7
1993,MN,27115,Confirmed,Male,Suppressed,8
1993,MN,27123,Confirmed,Male,20+,9
1993,MN,27123,Confirmed,Male,Suppressed,3
1993,MN,27123,Confirmed,Female,20+,7
1993,MN,27123,Confirmed,Female,Suppressed,7
1993,MN,27123,Confirmed,Suppressed,20+,1
1993,MN,27163,Confirmed,Female,Suppressed,8
1993,MN,27163,Confirmed,Suppressed,20+,5
1993,MN,Suppressed,Confirmed,Male,20+,8
1993,MN,Suppressed,Confirmed,Female,Suppressed,2
1993,MN,Suppressed,Confirmed,Suppressed,20+,13
1993,MN,Suppressed,Confirmed,Suppressed,Suppressed,25
1993,MO,29029,Confirmed,Male,20+,7
1993,MO,29029,Confirmed,Female,20+,5
1993,MO,29031,Confirmed,Female,20+,9
1993,MO,29031,Confirmed,Suppressed,20+,3
1993,MO,29031,Confirmed,Suppressed,Suppressed,1
1993,MO,29047,Confirmed,Suppressed,Suppressed,5
1993,MO,29095,Confirmed,Male,20+,10
1993,MO,29095,Confirmed,Male,Suppressed,1
1993,MO,29095,Confirmed,Female,20+,17
1993,MO,Suppressed,Confirmed,Male,20+,17
1993,MO,Suppressed,Confirmed,Female,Suppressed,4
1993,MO,Suppressed,Confirmed,Suppressed,Suppressed,29
1993,NC,37037,Confirmed,Suppressed,Suppressed,5
1993,NC,37129,Confirmed,Suppressed,Suppressed,5
1993,NC,37133,Confirmed,Male,0-19,16
1993,NC,37133,Confirmed,Male,20+,14
1993,NC,37183,Confirmed,Suppressed,Suppressed,5
1993,NC,Suppressed,Confirmed,Male,0-19,2
1993,NC,Suppressed,Confirmed,Female,20+,11
1993,NC,Suppressed,Confirmed,Suppressed,Suppressed,28
1993,NE,Suppressed,Confirmed,Suppressed,20+,6
1993,NH,Suppressed,Confirmed,Female,Suppressed,7
1993,NH,Suppressed,Confirmed,Suppressed,Suppressed,5
1993,NJ,34001,Confirmed,Male,20+,6
1993,NJ,34001,Confirmed,Male,Suppressed,4
1993,NJ,34001,Confirmed,Female,0-19,8
1993,NJ,34001,Confirmed,Female,20+,11
1993,NJ,34003,Confirmed,Female,20+,5
1993,NJ,34003,Confirmed,Female,Suppressed,1
1993,NJ,34003,Confirmed,Suppressed,20+,3
1993,NJ,34003,Confirmed,Suppressed,Suppressed,2
1993,NJ,34005,Confirmed,Male,0-19,13
1993,NJ,34005,Confirmed,Male,20+,12
1993,NJ,34005,Confirmed,Female,0-19,16
1993,NJ,34005,Confirmed,Female,20+,8
1993,NJ,34007,Confirmed,Female,20+,9
1993,NJ,34007,Confirmed,Female,Suppressed,1
1993,NJ,34007,Confirmed,Suppressed,20+,1
1993,NJ,34007,Confirmed,Suppressed,Suppressed,1
1993,NJ,34011,Confirmed,Male,20+,5
1993,NJ,34011,Confirmed,Male,Suppressed,3
1993,NJ,34011,Confirmed,Female,20+,9
1993,NJ,34011,Confirmed,Female,Suppressed,1
1993,NJ,34013,Confirmed,Female,20+,6
1993,NJ,34013,Confirmed,Female,Suppressed,1
1993,NJ,34013,Confirmed,Suppressed,Suppressed,4
1993,NJ,34019,Confirmed,Male,0-19,33
1993,NJ,34019,Confirmed,Male,20+,80
1993,NJ,34019,Confirmed,Female,0-19,21
1993,NJ,34019,Confirmed,Female,20+,68
1993,NJ,34019,Confirmed,Suppressed,0-19,1
1993,NJ,34019,Confirmed,Suppressed,Suppressed,1
1993,NJ,34021,Confirmed,Male,0-19,10
1993,NJ,34021,Confirmed,Male,20+,13
1993,NJ,34021,Confirmed,Female,20+,5
1993,NJ,34021,Confirmed,Female,Suppressed,4
1993,NJ,34021,Confirmed,Suppressed,0-19,1
1993,NJ,34023,Confirmed,Male,20+,8
1993,NJ,34023,Confirmed,Male,Suppressed,4
1993,NJ,34023,Confirmed,Female,20+,9
1993,NJ,34023,Confirmed,Female,Suppressed,3
1993,NJ,34025,Confirmed,Male,0-19,9
1993,NJ,34025,Confirmed,Male,20+,22
1993,NJ,34025,Confirmed,Female,0-19,13
1993,NJ,34025,Confirmed,Female,20+,30
1993,NJ,34025,Confirmed,Suppressed,0-19,1
1993,NJ,34025,Confirmed,Suppressed,Suppressed,1
1993,NJ,34027,Confirmed,Male,0-19,17
1993,NJ,34027,Confirmed,Male,20+,32
1993,NJ,34027,Confirmed,Female,0-19,16
1993,NJ,34027,Confirmed,Female,20+,38
1993,NJ,34027,Confirmed,Suppressed,20+,1
1993,NJ,34029,Confirmed,Male,0-19,19
1993,NJ,34029,Confirmed,Male,20+,45
1993,NJ,34029,Confirmed,Female,0-19,13
1993,NJ,34029,Confirmed,Female,20+,29
1993,NJ,34029,Confirmed,Suppressed,20+,1
1993,NJ,34033,Confirmed,Suppressed,20+,6
1993,NJ,34035,Confirmed,Male,0-19,13
1993,NJ,34035,Confirmed,Male,20+,15
1993,NJ,34035,Confirmed,Female,20+,20
1993,NJ,34035,Confirmed,Female,Suppressed,3
1993,NJ,34037,Confirmed,Male,20+,6
1993,NJ,34037,Confirmed,Male,Suppressed,1
1993,NJ,34037,Confirmed,Female,20+,11
1993,NJ,34037,Confirmed,Female,Suppressed,1
1993,NJ,34039,Confirmed,Male,20+,6
1993,NJ,34039,Confirmed,Male,Suppressed,2
1993,NJ,34039,Confirmed,Suppressed,20+,4
1993,NJ,34041,Confirmed,Suppressed,20+,6
1993,NJ,Suppressed,Confirmed,Female,20+,1
1993,NJ,Suppressed,Confirmed,Female,Suppressed,4
1993,NJ,Suppressed,Confirmed,Suppressed,20+,5
1993,NJ,Suppressed,Confirmed,Suppressed,Suppressed,4
1993,NV,Suppressed,Confirmed,Suppressed,20+,5
1993,NY,36001,Confirmed,Male,20+,5
1993,NY,36001,Confirmed,Male,Suppressed,2
1993,NY,36001,Confirmed,Female,20+,8
1993,NY,36001,Confirmed,Female,Suppressed,2
1993,NY,36003,Confirmed,Suppressed,Suppressed,7
1993,NY,36005,Confirmed,Suppressed,Suppressed,8
1993,NY,36021,Confirmed,Male,0-19,5
1993,NY,36021,Confirmed,Male,20+,5
1993,NY,36021,Confirmed,Female,20+,6
1993,NY,36021,Confirmed,Female,Suppressed,1
1993,NY,36027,Confirmed,Male,0-19,43
1993,NY,36027,Confirmed,Male,20+,104
1993,NY,36027,Confirmed,Female,0-19,51
1993,NY,36027,Confirmed,Female,20+,105
1993,NY,36027,Confirmed,Female,Suppressed,1
1993,NY,36027,Confirmed,Suppressed,0-19,1
1993,NY,36029,Confirmed,Female,20+,9
1993,NY,36029,Confirmed,Female,Suppressed,1
1993,NY,36029,Confirmed,Suppressed,Suppressed,2
1993,NY,36047,Confirmed,Female,20+,5
1993,NY,36047,Confirmed,Suppressed,Suppressed,4
1993,NY,36055,Confirmed,Suppressed,Suppressed,7
1993,NY,36059,Confirmed,Male,20+,35
1993,NY,36059,Confirmed,Male,Suppressed,4
1993,NY,36059,Confirmed,Female,0-19,5
1993,NY,36059,Confirmed,Female,20+,37
1993,NY,36059,Confirmed,Female,Suppressed,2
1993,NY,36061,Confirmed,Male,20+,14
1993,NY,36061,Confirmed,Male,Suppressed,2
1993,NY,36061,Confirmed,Female,20+,14
1993,NY,36061,Confirmed,Female,Suppressed,1
1993,NY,36063,Confirmed,Male,20+,5
1993,NY,36063,Confirmed,Female,20+,6
1993,NY,36063,Confirmed,Female,Suppressed,1
1993,NY,36065,Confirmed,Male,20+,5
1993,NY,36065,Confirmed,Suppressed,20+,1
1993,NY,36071,Confirmed,Male,0-19,12
1993,NY,36071,Confirmed,Male,20+,21
1993,NY,36071,Confirmed,Female,0-19,8
1993,NY,36071,Confirmed,Female,20+,42
1993,NY,36071,Confirmed,Female,Suppressed,1
1993,NY,36079,Confirmed,Male,0-19,20
1993,NY,36079,Confirmed,Male,20+,25
1993,NY,36079,Confirmed,Male,Suppressed,1
1993,NY,36079,Confirmed,Female,0-19,24
1993,NY,36079,Confirmed,Female,20+,30
1993,NY,36081,Confirmed,Male,Suppressed,5
1993,NY,36083,Confirmed,Suppressed,Suppressed,6
1993,NY,36085,Confirmed,Suppressed,Suppressed,5
1993,NY,36087,Confirmed,Male,20+,19
1993,NY,36087,Confirmed,Male,Suppressed,5
1993,NY,36087,Confirmed,Female,0-19,9
1993,NY,36087,Confirmed,Female,20+,17
1993,NY,36087,Confirmed,Female,Suppressed,4
1993,NY,36091,Confirmed,Male,20+,5
1993,NY,36091,Confirmed,Male,Suppressed,3
1993,NY,36091,Confirmed,Female,20+,5
1993,NY,36091,Confirmed,Female,Suppressed,1
1993,NY,36103,Confirmed,Male,0-19,121
1993,NY,36103,Confirmed,Male,20+,390
1993,NY,36103,Confirmed,Male,Suppressed,2
1993,NY,36103,Confirmed,Female,0-19,91
1993,NY,36103,Confirmed,Female,20+,501
1993,NY,36103,Confirmed,Female,Suppressed,2
1993,NY,36105,Confirmed,Female,20+,10
1993,NY,36105,Confirmed,Female,Suppressed,2
1993,NY,36109,Confirmed,Female,Suppressed,5
1993,NY,36111,Confirmed,Male,20+,15
1993,NY,36111,Confirmed,Male,Suppressed,3
1993,NY,36111,Confirmed,Female,20+,15
1993,NY,36111,Confirmed,Female,Suppressed,4
1993,NY,36119,Confirmed,Male,0-19,117
1993,NY,36119,Confirmed,Male,20+,303
1993,NY,36119,Confirmed,Male,Unknown,5
1993,NY,36119,Confirmed,Female,0-19,96
1993,NY,36119,Confirmed,Female,20+,296
1993,NY,36119,Confirmed,Female,Unknown,5
1993,NY,36119,Confirmed,Suppressed,0-19,4
1993,NY,36119,Confirmed,Suppressed,Suppressed,2
1993,NY,Suppressed,Confirmed,Male,0-19,5
1993,NY,Suppressed,Confirmed,Female,20+,19
1993,NY,Suppressed,Confirmed,Suppressed,Suppressed,23
1993,OH,Suppressed,Confirmed,Female,20+,8
1993,OH,Suppressed,Confirmed,Suppressed,20+,5
1993,OH,Suppressed,Confirmed,Suppressed,Suppressed,17
1993,OK,Suppressed,Confirmed,Female,Suppressed,9
1993,OK,Suppressed,Confirmed,Suppressed,Suppressed,6
1993,PA,42  .,Confirmed,Unknown,Unknown,1082
1993,PA,Suppressed,Confirmed,Unknown,Unknown,3
1993,RI,44003,Confirmed,Male,20+,7
1993,RI,44003,Confirmed,Male,Suppressed,3
1993,RI,44003,Confirmed,Female,20+,8
1993,RI,44005,Confirmed,Male,Suppressed,6
1993,RI,44005,Confirmed,Suppressed,Suppressed,6
1993,RI,44007,Confirmed,Female,20+,9
1993,RI,44007,Confirmed,Female,Suppressed,2
1993,RI,44007,Confirmed,Suppressed,20+,4
1993,RI,44007,Confirmed,Suppressed,Suppressed,2
1993,RI,44009,Confirmed,Male,0-19,19
1993,RI,44009,Confirmed,Male,20+,55
1993,RI,44009,Confirmed,Female,0-19,13
1993,RI,44009,Confirmed,Female,20+,55
1993,RI,Unknown,Confirmed,Male,0-19,9
1993,RI,Unknown,Confirmed,Male,20+,28
1993,RI,Unknown,Confirmed,Female,0-19,11
1993,RI,Unknown,Confirmed,Female,20+,33
1993,RI,Suppressed,Confirmed,Male,20+,1
1993,RI,Suppressed,Confirmed,Suppressed,20+,1
1993,SC,Suppressed,Confirmed,Male,Suppressed,6
1993,Suppressed,Unknown,Confirmed,Male,20+,1
1993,Suppressed,Suppressed,Confirmed,Male,Suppressed,12
1993,Suppressed,Suppressed,Confirmed,Suppressed,20+,28
1993,Suppressed,Suppressed,Confirmed,Suppressed,Suppressed,25
1993,TN,47037,Confirmed,Suppressed,Suppressed,6
1993,TN,Suppressed,Confirmed,Male,0-19,5
1993,TN,Suppressed,Confirmed,Suppressed,Suppressed,9
1993,TX,48113,Confirmed,Suppressed,Suppressed,5
1993,TX,48453,Confirmed,Suppressed,Suppressed,6
1993,TX,Suppressed,Confirmed,Male,0-19,5
1993,TX,Suppressed,Confirmed,Female,20+,16
1993,TX,Suppressed,Confirmed,Suppressed,Suppressed,16
1993,VA,51041,Confirmed,Suppressed,Suppressed,5
1993,VA,51059,Confirmed,Suppressed,Suppressed,5
1993,VA,51153,Confirmed,Male,20+,21
1993,VA,51153,Confirmed,Male,Suppressed,2
1993,VA,51153,Confirmed,Suppressed,Suppressed,1
1993,VA,Suppressed,Confirmed,Male,20+,15
1993,VA,Suppressed,Confirmed,Suppressed,20+,7
1993,VA,Suppressed,Confirmed,Suppressed,Suppressed,39
1993,VT,Suppressed,Confirmed,Suppressed,20+,8
1993,WA,Suppressed,Confirmed,Suppressed,20+,6
1993,WI,55005,Confirmed,Male,0-19,5
1993,WI,55005,Confirmed,Male,20+,9
1993,WI,55005,Confirmed,Female,20+,7
1993,WI,55005,Confirmed,Female,Suppressed,4
1993,WI,55007,Confirmed,Suppressed,Suppressed,9
1993,WI,55011,Confirmed,Suppressed,Suppressed,5
1993,WI,55013,Confirmed,Male,20+,11
1993,WI,55013,Confirmed,Male,Suppressed,1
1993,WI,55013,Confirmed,Female,0-19,5
1993,WI,55013,Confirmed,Female,20+,7
1993,WI,55017,Confirmed,Female,20+,5
1993,WI,55017,Confirmed,Female,Suppressed,2
1993,WI,55017,Confirmed,Suppressed,20+,4
1993,WI,55017,Confirmed,Suppressed,Suppressed,1
1993,WI,55019,Confirmed,Male,0-19,5
1993,WI,55019,Confirmed,Male,Suppressed,4
1993,WI,55019,Confirmed,Suppressed,Suppressed,3
1993,WI,55021,Confirmed,Female,Suppressed,6
1993,WI,55025,Confirmed,Male,Suppressed,8
1993,WI,55025,Confirmed,Female,20+,11
1993,WI,55025,Confirmed,Female,Suppressed,4
1993,WI,55027,Confirmed,Female,20+,6
1993,WI,55027,Confirmed,Female,Suppressed,1
1993,WI,55027,Confirmed,Suppressed,20+,1
1993,WI,55027,Confirmed,Suppressed,Suppressed,1
1993,WI,55031,Confirmed,Male,20+,6
1993,WI,55031,Confirmed,Suppressed,Suppressed,4
1993,WI,55033,Confirmed,Female,20+,6
1993,WI,55033,Confirmed,Female,Suppressed,2
1993,WI,55033,Confirmed,Suppressed,20+,3
1993,WI,55033,Confirmed,Suppressed,Suppressed,1
1993,WI,55035,Confirmed,Male,0-19,5
1993,WI,55035,Confirmed,Male,20+,5
1993,WI,55035,Confirmed,Female,20+,12
1993,WI,55035,Confirmed,Female,Suppressed,2
1993,WI,55063,Confirmed,Male,0-19,5
1993,WI,55063,Confirmed,Male,20+,9
1993,WI,55063,Confirmed,Suppressed,0-19,3
1993,WI,55063,Confirmed,Suppressed,Suppressed,2
1993,WI,55081,Confirmed,Male,20+,5
1993,WI,55081,Confirmed,Suppressed,Suppressed,1
1993,WI,55085,Confirmed,Male,20+,9
1993,WI,55085,Confirmed,Male,Suppressed,3
1993,WI,55085,Confirmed,Suppressed,Suppressed,4
1993,WI,55095,Confirmed,Male,20+,13
1993,WI,55095,Confirmed,Male,Suppressed,4
1993,WI,55095,Confirmed,Female,0-19,5
1993,WI,55095,Confirmed,Female,20+,12
1993,WI,55099,Confirmed,Female,Suppressed,5
1993,WI,55109,Confirmed,Male,0-19,5
1993,WI,55109,Confirmed,Male,20+,6
1993,WI,55109,Confirmed,Suppressed,0-19,4
1993,WI,55109,Confirmed,Suppressed,Suppressed,2
1993,WI,55111,Confirmed,Male,20+,5
1993,WI,55111,Confirmed,Male,Suppressed,1
1993,WI,55113,Confirmed,Male,20+,5
1993,WI,55113,Confirmed,Male,Suppressed,3
1993,WI,55113,Confirmed,Female,20+,7
1993,WI,55113,Confirmed,Female,Suppressed,2
1993,WI,55129,Confirmed,Male,20+,12
1993,WI,55129,Confirmed,Male,Suppressed,5
1993,WI,55129,Confirmed,Female,20+,14
1993,WI,55129,Confirmed,Female,Suppressed,2
1993,WI,55133,Confirmed,Female,20+,6
1993,WI,55133,Confirmed,Suppressed,20+,1
1993,WI,55139,Confirmed,Suppressed,Suppressed,7
1993,WI,55141,Confirmed,Male,Suppressed,5
1993,WI,Suppressed,Confirmed,Male,20+,15
1993,WI,Suppressed,Confirmed,Female,0-19,5
1993,WI,Suppressed,Confirmed,Suppressed,Suppressed,38
1993,WV,54025,Confirmed,Female,20+,6
1993,WV,54025,Confirmed,Female,Suppressed,2
1993,WV,54025,Confirmed,Suppressed,Suppressed,3
1993,WV,54081,Confirmed,Male,20+,6
1993,WV,54081,Confirmed,Suppressed,20+,1
1993,WV,Suppressed,Confirmed,Male,Suppressed,3
1993,WV,Suppressed,Confirmed,Female,20+,11
1993,WV,Suppressed,Confirmed,Suppressed,20+,3
1993,WV,Suppressed,Confirmed,Suppressed,Suppressed,15
1993,WY,Suppressed,Confirmed,Suppressed,20+,5
1994,AL,Suppressed,Confirmed,Suppressed,Suppressed,6
1994,AR,Suppressed,Confirmed,Male,20+,9
1994,AR,Suppressed,Confirmed,Suppressed,Suppressed,6
1994,CA,06073,Confirmed,Suppressed,Suppressed,7
1994,CA,Suppressed,Confirmed,Female,20+,15
1994,CA,Suppressed,Confirmed,Suppressed,Suppressed,46
1994,CT,09001,Confirmed,Male,0-19,92
1994,CT,09001,Confirmed,Male,20+,238
1994,CT,09001,Confirmed,Male,Unknown,7
1994,CT,09001,Confirmed,Female,0-19,63
1994,CT,09001,Confirmed,Female,20+,203
1994,CT,09001,Confirmed,Female,Unknown,7
1994,CT,09003,Confirmed,Male,0-19,24
1994,CT,09003,Confirmed,Male,20+,28
1994,CT,09003,Confirmed,Male,Suppressed,1
1994,CT,09003,Confirmed,Female,0-19,9
1994,CT,09003,Confirmed,Female,20+,32
1994,CT,09003,Confirmed,Female,Suppressed,3
1994,CT,09003,Confirmed,Suppressed,0-19,1
1994,CT,09005,Confirmed,Male,0-19,8
1994,CT,09005,Confirmed,Male,20+,49
1994,CT,09005,Confirmed,Male,Suppressed,1
1994,CT,09005,Confirmed,Female,0-19,7
1994,CT,09005,Confirmed,Female,20+,47
1994,CT,09005,Confirmed,Female,Suppressed,1
1994,CT,09005,Confirmed,Suppressed,20+,1
1994,CT,09007,Confirmed,Male,0-19,41
1994,CT,09007,Confirmed,Male,20+,89
1994,CT,09007,Confirmed,Male,Suppressed,1
1994,CT,09007,Confirmed,Female,0-19,21
1994,CT,09007,Confirmed,Female,20+,77
1994,CT,09007,Confirmed,Female,Suppressed,3
1994,CT,09009,Confirmed,Male,0-19,43
1994,CT,09009,Confirmed,Male,20+,57
1994,CT,09009,Confirmed,Male,Suppressed,3
1994,CT,09009,Confirmed,Female,0-19,33
1994,CT,09009,Confirmed,Female,20+,63
1994,CT,09011,Confirmed,Male,0-19,94
1994,CT,09011,Confirmed,Male,20+,132
1994,CT,09011,Confirmed,Male,Suppressed,4
1994,CT,09011,Confirmed,Female,0-19,74
1994,CT,09011,Confirmed,Female,20+,151
1994,CT,09011,Confirmed,Female,Suppressed,2
1994,CT,09011,Confirmed,Suppressed,0-19,1
1994,CT,09013,Confirmed,Male,0-19,32
1994,CT,09013,Confirmed,Male,20+,40
1994,CT,09013,Confirmed,Female,0-19,15
1994,CT,09013,Confirmed,Female,20+,48
1994,CT,09013,Confirmed,Female,Suppressed,1
1994,CT,09015,Confirmed,Male,0-19,24
1994,CT,09015,Confirmed,Male,20+,38
1994,CT,09015,Confirmed,Male,Suppressed,4
1994,CT,09015,Confirmed,Female,0-19,6
1994,CT,09015,Confirmed,Female,20+,44
1994,CT,09015,Confirmed,Female,Suppressed,3
1994,CT,Unknown,Confirmed,Male,0-19,10
1994,CT,Unknown,Confirmed,Male,20+,15
1994,CT,Unknown,Confirmed,Male,Unknown,6
1994,CT,Unknown,Confirmed,Female,20+,19
1994,CT,Unknown,Confirmed,Female,Unknown,10
1994,CT,Unknown,Confirmed,Female,Suppressed,4
1994,DC,Unknown,Confirmed,Suppressed,20+,6
1994,DE,10003,Confirmed,Male,0-19,20
1994,DE,10003,Confirmed,Male,20+,36
1994,DE,10003,Confirmed,Female,0-19,9
1994,DE,10003,Confirmed,Female,20+,28
1994,DE,10005,Confirmed,Male,20+,5
1994,DE,10005,Confirmed,Male,Suppressed,1
1994,DE,Suppressed,Confirmed,Female,Suppressed,4
1994,DE,Suppressed,Confirmed,Suppressed,20+,2
1994,DE,Suppressed,Confirmed,Suppressed,Suppressed,1
1994,FL,Suppressed,Confirmed,Female,20+,8
1994,FL,Suppressed,Confirmed,Suppressed,Suppressed,20
1994,GA,13043,Confirmed,Male,20+,6
1994,GA,13043,Confirmed,Male,Suppressed,2
1994,GA,13043,Confirmed,Female,20+,12
1994,GA,13043,Confirmed,Female,Suppressed,3
1994,GA,13051,Confirmed,Suppressed,Suppressed,6
1994,GA,13089,Confirmed,Suppressed,Suppressed,7
1994,GA,13185,Confirmed,Male,Suppressed,6
1994,GA,13185,Confirmed,Suppressed,Suppressed,5
1994,GA,13245,Confirmed,Male,20+,7
1994,GA,13245,Confirmed,Male,Suppressed,3
1994,GA,13245,Confirmed,Female,20+,14
1994,GA,13245,Confirmed,Female,Suppressed,4
1994,GA,Suppressed,Confirmed,Male,Suppressed,4
1994,GA,Suppressed,Confirmed,Female,20+,23
1994,GA,Suppressed,Confirmed,Suppressed,20+,2
1994,GA,Suppressed,Confirmed,Suppressed,Suppressed,23
1994,IA,Suppressed,Confirmed,Female,20+,7
1994,IA,Suppressed,Confirmed,Suppressed,20+,8
1994,IL,Suppressed,Confirmed,Female,0-19,7
1994,IL,Suppressed,Confirmed,Suppressed,Suppressed,17
1994,IN,Suppressed,Confirmed,Female,20+,12
1994,IN,Suppressed,Confirmed,Suppressed,20+,5
1994,KS,Suppressed,Confirmed,Suppressed,20+,13
1994,KY,Suppressed,Confirmed,Female,20+,9
1994,KY,Suppressed,Confirmed,Suppressed,Suppressed,15
1994,MA,25001,Confirmed,Male,0-19,7
1994,MA,25001,Confirmed,Male,20+,11
1994,MA,25001,Confirmed,Female,0-19,9
1994,MA,25001,Confirmed,Female,20+,11
1994,MA,25005,Confirmed,Female,20+,11
1994,MA,25005,Confirmed,Female,Suppressed,4
1994,MA,25005,Confirmed,Suppressed,Suppressed,4
1994,MA,25009,Confirmed,Male,20+,7
1994,MA,25009,Confirmed,Male,Suppressed,1
1994,MA,25009,Confirmed,Female,20+,11
1994,MA,25009,Confirmed,Female,Suppressed,3
1994,MA,25017,Confirmed,Male,0-19,6
1994,MA,25017,Confirmed,Male,20+,15
1994,MA,25017,Confirmed,Female,20+,15
1994,MA,25017,Confirmed,Female,Suppressed,4
1994,MA,25019,Confirmed,Male,20+,30
1994,MA,25019,Confirmed,Male,Suppressed,6
1994,MA,25019,Confirmed,Female,0-19,5
1994,MA,25019,Confirmed,Female,20+,31
1994,MA,25021,Confirmed,Female,20+,6
1994,MA,25021,Confirmed,Female,Suppressed,2
1994,MA,25021,Confirmed,Suppressed,20+,2
1994,MA,25021,Confirmed,Suppressed,Suppressed,1
1994,MA,25023,Confirmed,Female,Suppressed,6
1994,MA,25025,Confirmed,Female,20+,6
1994,MA,25025,Confirmed,Suppressed,20+,2
1994,MA,25025,Confirmed,Suppressed,Suppressed,1
1994,MA,Suppressed,Confirmed,Female,0-19,1
1994,MA,Suppressed,Confirmed,Female,Suppressed,13
1994,MA,Suppressed,Confirmed,Suppressed,0-19,5
1994,MA,Suppressed,Confirmed,Suppressed,Suppressed,11
1994,MD,24003,Confirmed,Male,0-19,5
1994,MD,24003,Confirmed,Male,20+,6
1994,MD,24003,Confirmed,Female,0-19,6
1994,MD,24003,Confirmed,Female,Suppressed,4
1994,MD,24005,Confirmed,Male,0-19,12
1994,MD,24005,Confirmed,Male,20+,30
1994,MD,24005,Confirmed,Female,0-19,5
1994,MD,24005,Confirmed,Female,20+,30
1994,MD,24005,Confirmed,Unknown,Unknown,15
1994,MD,24009,Confirmed,Suppressed,Suppressed,6
1994,MD,24011,Confirmed,Female,20+,7
1994,MD,24011,Confirmed,Female,Suppressed,1
1994,MD,24011,Confirmed,Suppressed,20+,1
1994,MD,24011,Confirmed,Suppressed,Suppressed,1
1994,MD,24013,Confirmed,Suppressed,Suppressed,7
1994,MD,24015,Confirmed,Male,0-19,6
1994,MD,24015,Confirmed,Male,20+,6
1994,MD,24015,Confirmed,Female,0-19,6
1994,MD,24015,Confirmed,Female,20+,8
1994,MD,24017,Confirmed,Female,Suppressed,8
1994,MD,24017,Confirmed,Suppressed,Suppressed,6
1994,MD,24025,Confirmed,Male,20+,10
1994,MD,24025,Confirmed,Male,Suppressed,4
1994,MD,24025,Confirmed,Female,0-19,8
1994,MD,24025,Confirmed,Female,20+,6
1994,MD,24027,Confirmed,Male,0-19,7
1994,MD,24027,Confirmed,Male,Suppressed,4
1994,MD,24027,Confirmed,Suppressed,Suppressed,3
1994,MD,24029,Confirmed,Male,Suppressed,8
1994,MD,24029,Confirmed,Female,20+,6
1994,MD,24029,Confirmed,Female,Suppressed,3
1994,MD,24031,Confirmed,Male,20+,9
1994,MD,24031,Confirmed,Male,Suppressed,3
1994,MD,24031,Confirmed,Female,20+,8
1994,MD,24031,Confirmed,Female,Suppressed,3
1994,MD,24033,Confirmed,Male,0-19,8
1994,MD,24033,Confirmed,Male,Suppressed,3
1994,MD,24033,Confirmed,Suppressed,Suppressed,5
1994,MD,24035,Confirmed,Male,0-19,8
1994,MD,24035,Confirmed,Male,Suppressed,3
1994,MD,24035,Confirmed,Female,20+,7
1994,MD,24035,Confirmed,Female,Suppressed,2
1994,MD,24041,Confirmed,Female,20+,5
1994,MD,24041,Confirmed,Suppressed,Suppressed,2
1994,MD,24045,Confirmed,Male,Suppressed,6
1994,MD,24510,Confirmed,Male,20+,6
1994,MD,24510,Confirmed,Male,Suppressed,2
1994,MD,24510,Confirmed,Female,20+,7
1994,MD,24510,Confirmed,Female,Suppressed,1
1994,MD,Suppressed,Confirmed,Male,0-19,4
1994,MD,Suppressed,Confirmed,Female,20+,6
1994,MD,Suppressed,Confirmed,Suppressed,Suppressed,8
1994,ME,23031,Confirmed,Male,20+,7
1994,ME,23031,Confirmed,Male,Suppressed,1
1994,ME,23031,Confirmed,Female,20+,8
1994,ME,23031,Confirmed,Female,Suppressed,1
1994,ME,Suppressed,Confirmed,Male,20+,3
1994,ME,Suppressed,Confirmed,Female,Suppressed,2
1994,ME,Suppressed,Confirmed,Suppressed,Suppressed,11
1994,MI,26109,Confirmed,Male,20+,5
1994,MI,26109,Confirmed,Male,Suppressed,1
1994,MI,26109,Confirmed,Suppressed,20+,3
1994,MI,Suppressed,Confirmed,Female,20+,6
1994,MI,Suppressed,Confirmed,Suppressed,20+,15
1994,MI,Suppressed,Confirmed,Suppressed,Suppressed,3
1994,MN,27003,Confirmed,Male,Suppressed,5
1994,MN,27003,Confirmed,Female,20+,5
1994,MN,27003,Confirmed,Female,Suppressed,1
1994,MN,27025,Confirmed,Suppressed,Suppressed,7
1994,MN,27035,Confirmed,Male,20+,5
1994,MN,27035,Confirmed,Male,Suppressed,3
1994,MN,27035,Confirmed,Female,20+,6
1994,MN,27035,Confirmed,Female,Suppressed,2
1994,MN,27037,Confirmed,Female,Suppressed,8
1994,MN,27053,Confirmed,Male,0-19,8
1994,MN,27053,Confirmed,Male,20+,16
1994,MN,27053,Confirmed,Female,20+,13
1994,MN,27053,Confirmed,Female,Suppressed,1
1994,MN,27115,Confirmed,Female,20+,7
1994,MN,27115,Confirmed,Female,Suppressed,3
1994,MN,27115,Confirmed,Suppressed,Suppressed,6
1994,MN,27123,Confirmed,Male,0-19,6
1994,MN,27123,Confirmed,Male,20+,18
1994,MN,27123,Confirmed,Male,Suppressed,2
1994,MN,27123,Confirmed,Female,0-19,5
1994,MN,27123,Confirmed,Female,20+,6
1994,MN,27163,Confirmed,Male,20+,12
1994,MN,27163,Confirmed,Male,Suppressed,3
1994,MN,27163,Confirmed,Female,20+,5
1994,MN,Suppressed,Confirmed,Male,0-19,5
1994,MN,Suppressed,Confirmed,Female,20+,14
1994,MN,Suppressed,Confirmed,Suppressed,Suppressed,36
1994,MO,29029,Confirmed,Female,20+,5
1994,MO,29029,Confirmed,Suppressed,Suppressed,2
1994,MO,29031,Confirmed,Male,20+,6
1994,MO,29031,Confirmed,Suppressed,20+,4
1994,MO,29077,Confirmed,Suppressed,Suppressed,5
1994,MO,29141,Confirmed,Suppressed,Suppressed,5
1994,MO,29213,Confirmed,Male,20+,5
1994,MO,29213,Confirmed,Suppressed,20+,2
1994,MO,29213,Confirmed,Suppressed,Suppressed,1
1994,MO,Suppressed,Confirmed,Male,Suppressed,2
1994,MO,Suppressed,Confirmed,Female,20+,12
1994,MO,Suppressed,Confirmed,Suppressed,20+,9
1994,MO,Suppressed,Confirmed,Suppressed,Suppressed,44
1994,NC,37025,Confirmed,Male,Suppressed,5
1994,NC,37183,Confirmed,Male,Suppressed,7
1994,NC,37183,Confirmed,Suppressed,Suppressed,5
1994,NC,Suppressed,Confirmed,Male,0-19,5
1994,NC,Suppressed,Confirmed,Female,20+,23
1994,NC,Suppressed,Confirmed,Suppressed,Suppressed,32
1994,NH,33011,Confirmed,Female,Suppressed,6
1994,NH,Suppressed,Confirmed,Female,Suppressed,9
1994,NH,Suppressed,Confirmed,Suppressed,20+,6
1994,NH,Suppressed,Confirmed,Suppressed,Suppressed,9
1994,NJ,34001,Confirmed,Male,0-19,9
1994,NJ,34001,Confirmed,Male,Suppressed,4
1994,NJ,34001,Confirmed,Suppressed,Suppressed,4
1994,NJ,34003,Confirmed,Male,0-19,8
1994,NJ,34003,Confirmed,Male,20+,7
1994,NJ,34003,Confirmed,Female,0-19,8
1994,NJ,34003,Confirmed,Female,20+,12
1994,NJ,34003,Confirmed,Suppressed,20+,1
1994,NJ,34005,Confirmed,Male,0-19,18
1994,NJ,34005,Confirmed,Male,20+,20
1994,NJ,34005,Confirmed,Female,0-19,16
1994,NJ,34005,Confirmed,Female,20+,39
1994,NJ,34009,Confirmed,Suppressed,Suppressed,6
1994,NJ,34011,Confirmed,Suppressed,Suppressed,9
1994,NJ,34013,Confirmed,Male,20+,6
1994,NJ,34013,Confirmed,Male,Suppressed,1
1994,NJ,34013,Confirmed,Female,20+,10
1994,NJ,34013,Confirmed,Female,Suppressed,4
1994,NJ,34015,Confirmed,Male,0-19,7
1994,NJ,34015,Confirmed,Male,20+,5
1994,NJ,34015,Confirmed,Female,0-19,6
1994,NJ,34015,Confirmed,Female,20+,8
1994,NJ,34019,Confirmed,Male,0-19,87
1994,NJ,34019,Confirmed,Male,20+,167
1994,NJ,34019,Confirmed,Female,0-19,60
1994,NJ,34019,Confirmed,Female,20+,155
1994,NJ,34019,Confirmed,Suppressed,0-19,1
1994,NJ,34021,Confirmed,Male,0-19,10
1994,NJ,34021,Confirmed,Male,20+,17
1994,NJ,34021,Confirmed,Female,0-19,8
1994,NJ,34021,Confirmed,Female,20+,21
1994,NJ,34021,Confirmed,Female,Suppressed,1
1994,NJ,34021,Confirmed,Suppressed,20+,4
1994,NJ,34023,Confirmed,Male,0-19,5
1994,NJ,34023,Confirmed,Male,20+,13
1994,NJ,34023,Confirmed,Female,0-19,7
1994,NJ,34023,Confirmed,Female,20+,10
1994,NJ,34023,Confirmed,Female,Suppressed,1
1994,NJ,34025,Confirmed,Male,0-19,8
1994,NJ,34025,Confirmed,Male,20+,23
1994,NJ,34025,Confirmed,Female,0-19,8
1994,NJ,34025,Confirmed,Female,20+,23
1994,NJ,34027,Confirmed,Male,0-19,36
1994,NJ,34027,Confirmed,Male,20+,99
1994,NJ,34027,Confirmed,Female,0-19,30
1994,NJ,34027,Confirmed,Female,20+,121
1994,NJ,34027,Confirmed,Suppressed,20+,1
1994,NJ,34029,Confirmed,Male,0-19,13
1994,NJ,34029,Confirmed,Male,20+,24
1994,NJ,34029,Confirmed,Female,0-19,19
1994,NJ,34029,Confirmed,Female,20+,38
1994,NJ,34029,Confirmed,Suppressed,20+,2
1994,NJ,34031,Confirmed,Female,Suppressed,6
1994,NJ,34033,Confirmed,Male,0-19,5
1994,NJ,34033,Confirmed,Male,20+,9
1994,NJ,34033,Confirmed,Female,20+,7
1994,NJ,34033,Confirmed,Female,Suppressed,2
1994,NJ,34035,Confirmed,Male,0-19,31
1994,NJ,34035,Confirmed,Male,20+,67
1994,NJ,34035,Confirmed,Male,Suppressed,1
1994,NJ,34035,Confirmed,Female,0-19,30
1994,NJ,34035,Confirmed,Female,20+,70
1994,NJ,34035,Confirmed,Suppressed,0-19,1
1994,NJ,34035,Confirmed,Suppressed,Suppressed,1
1994,NJ,34037,Confirmed,Male,20+,5
1994,NJ,34037,Confirmed,Male,Suppressed,3
1994,NJ,34037,Confirmed,Female,20+,14
1994,NJ,34037,Confirmed,Female,Suppressed,2
1994,NJ,34039,Confirmed,Male,20+,8
1994,NJ,34039,Confirmed,Male,Suppressed,3
1994,NJ,34039,Confirmed,Suppressed,20+,4
1994,NJ,34039,Confirmed,Suppressed,Suppressed,3
1994,NJ,34041,Confirmed,Male,0-19,6
1994,NJ,34041,Confirmed,Male,20+,15
1994,NJ,34041,Confirmed,Female,0-19,6
1994,NJ,34041,Confirmed,Female,20+,7
1994,NJ,Suppressed,Confirmed,Male,0-19,1
1994,NJ,Suppressed,Confirmed,Female,20+,2
1994,NJ,Suppressed,Confirmed,Suppressed,Suppressed,4
1994,NY,36001,Confirmed,Female,20+,9
1994,NY,36001,Confirmed,Female,Suppressed,2
1994,NY,36001,Confirmed,Suppressed,Suppressed,3
1994,NY,36003,Confirmed,Suppressed,Suppressed,5
1994,NY,36005,Confirmed,Female,20+,6
1994,NY,36005,Confirmed,Suppressed,20+,2
1994,NY,36005,Confirmed,Suppressed,Suppressed,1
1994,NY,36021,Confirmed,Male,0-19,5
1994,NY,36021,Confirmed,Male,20+,15
1994,NY,36021,Confirmed,Female,20+,13
1994,NY,36021,Confirmed,Female,Suppressed,1
1994,NY,36027,Confirmed,Male,0-19,117
1994,NY,36027,Confirmed,Male,20+,288
1994,NY,36027,Confirmed,Male,Suppressed,4
1994,NY,36027,Confirmed,Female,0-19,134
1994,NY,36027,Confirmed,Female,20+,316
1994,NY,36027,Confirmed,Female,Suppressed,3
1994,NY,36029,Confirmed,Female,20+,10
1994,NY,36029,Confirmed,Female,Suppressed,3
1994,NY,36029,Confirmed,Suppressed,20+,4
1994,NY,36029,Confirmed,Suppressed,Suppressed,1
1994,NY,36039,Confirmed,Suppressed,Suppressed,8
1994,NY,36047,Confirmed,Suppressed,Suppressed,7
1994,NY,36059,Confirmed,Male,0-19,11
1994,NY,36059,Confirmed,Male,20+,54
1994,NY,36059,Confirmed,Male,Suppressed,1
1994,NY,36059,Confirmed,Female,0-19,18
1994,NY,36059,Confirmed,Female,20+,64
1994,NY,36061,Confirmed,Male,20+,22
1994,NY,36061,Confirmed,Male,Suppressed,1
1994,NY,36061,Confirmed,Female,20+,21
1994,NY,36061,Confirmed,Female,Suppressed,3
1994,NY,36061,Confirmed,Suppressed,20+,1
1994,NY,36065,Confirmed,Suppressed,Suppressed,5
1994,NY,36071,Confirmed,Male,0-19,34
1994,NY,36071,Confirmed,Male,20+,97
1994,NY,36071,Confirmed,Male,Unknown,5
1994,NY,36071,Confirmed,Female,0-19,26
1994,NY,36071,Confirmed,Female,20+,125
1994,NY,36071,Confirmed,Female,Unknown,8
1994,NY,36071,Confirmed,Suppressed,20+,2
1994,NY,36079,Confirmed,Male,0-19,46
1994,NY,36079,Confirmed,Male,20+,112
1994,NY,36079,Confirmed,Male,Suppressed,3
1994,NY,36079,Confirmed,Female,0-19,48
1994,NY,36079,Confirmed,Female,20+,115
1994,NY,36079,Confirmed,Female,Suppressed,4
1994,NY,36081,Confirmed,Male,20+,10
1994,NY,36081,Confirmed,Male,Suppressed,3
1994,NY,36081,Confirmed,Female,20+,9
1994,NY,36081,Confirmed,Female,Suppressed,1
1994,NY,36083,Confirmed,Suppressed,Suppressed,10
1994,NY,36085,Confirmed,Suppressed,Suppressed,8
1994,NY,36087,Confirmed,Male,0-19,18
1994,NY,36087,Confirmed,Male,20+,43
1994,NY,36087,Confirmed,Male,Suppressed,2
1994,NY,36087,Confirmed,Female,0-19,9
1994,NY,36087,Confirmed,Female,20+,39
1994,NY,36087,Confirmed,Female,Unknown,8
1994,NY,36091,Confirmed,Suppressed,Suppressed,6
1994,NY,36103,Confirmed,Male,0-19,166
1994,NY,36103,Confirmed,Male,20+,619
1994,NY,36103,Confirmed,Male,Unknown,14
1994,NY,36103,Confirmed,Female,0-19,148
1994,NY,36103,Confirmed,Female,20+,800
1994,NY,36103,Confirmed,Female,Unknown,27
1994,NY,36103,Confirmed,Suppressed,Unknown,1
1994,NY,36105,Confirmed,Male,20+,5
1994,NY,36105,Confirmed,Male,Suppressed,2
1994,NY,36105,Confirmed,Suppressed,Suppressed,2
1994,NY,36109,Confirmed,Female,Suppressed,7
1994,NY,36109,Confirmed,Suppressed,Suppressed,7
1994,NY,36111,Confirmed,Male,20+,14
1994,NY,36111,Confirmed,Male,Suppressed,2
1994,NY,36111,Confirmed,Female,20+,22
1994,NY,36111,Confirmed,Female,Suppressed,3
1994,NY,36119,Confirmed,Male,0-19,164
1994,NY,36119,Confirmed,Male,20+,468
1994,NY,36119,Confirmed,Male,Suppressed,3
1994,NY,36119,Confirmed,Female,0-19,134
1994,NY,36119,Confirmed,Female,20+,575
1994,NY,36119,Confirmed,Female,Suppressed,4
1994,NY,36119,Confirmed,Suppressed,20+,1
1994,NY,Suppressed,Confirmed,Male,20+,9
1994,NY,Suppressed,Confirmed,Female,0-19,5
1994,NY,Suppressed,Confirmed,Suppressed,Suppressed,49
1994,OH,Suppressed,Confirmed,Female,20+,22
1994,OH,Suppressed,Confirmed,Female,Suppressed,13
1994,OH,Suppressed,Confirmed,Suppressed,20+,9
1994,OK,40027,Confirmed,Female,20+,9
1994,OK,40027,Confirmed,Female,Suppressed,3
1994,OK,40027,Confirmed,Suppressed,20+,3
1994,OK,40109,Confirmed,Male,20+,7
1994,OK,40109,Confirmed,Female,20+,5
1994,OK,40123,Confirmed,Female,20+,7
1994,OK,40123,Confirmed,Female,Suppressed,2
1994,OK,40125,Confirmed,Female,Suppressed,5
1994,OK,Suppressed,Confirmed,Male,20+,14
1994,OK,Suppressed,Confirmed,Female,Suppressed,3
1994,OK,Suppressed,Confirmed,Suppressed,Suppressed,41
1994,PA,42000,Confirmed,Suppressed,Suppressed,7
1994,PA,42005,Confirmed,Female,20+,7
1994,PA,42005,Confirmed,Female,Suppressed,1
1994,PA,42005,Confirmed,Suppressed,Suppressed,4
1994,PA,42011,Confirmed,Male,0-19,5
1994,PA,42011,Confirmed,Male,20+,5
1994,PA,42011,Confirmed,Male,Suppressed,1
1994,PA,42011,Confirmed,Female,20+,8
1994,PA,42011,Confirmed,Female,Suppressed,4
1994,PA,42017,Confirmed,Male,0-19,31
1994,PA,42017,Confirmed,Male,20+,100
1994,PA,42017,Confirmed,Female,0-19,31
1994,PA,42017,Confirmed,Female,20+,129
1994,PA,42017,Confirmed,Female,Suppressed,2
1994,PA,42023,Confirmed,Male,20+,5
1994,PA,42023,Confirmed,Male,Suppressed,2
1994,PA,42023,Confirmed,Suppressed,Suppressed,1
1994,PA,42029,Confirmed,Male,0-19,22
1994,PA,42029,Confirmed,Male,20+,56
1994,PA,42029,Confirmed,Male,Suppressed,3
1994,PA,42029,Confirmed,Female,0-19,14
1994,PA,42029,Confirmed,Female,20+,47
1994,PA,42033,Confirmed,Male,Suppressed,5
1994,PA,42033,Confirmed,Female,20+,5
1994,PA,42033,Confirmed,Female,Suppressed,2
1994,PA,42035,Confirmed,Male,20+,5
1994,PA,42035,Confirmed,Suppressed,20+,2
1994,PA,42043,Confirmed,Female,20+,6
1994,PA,42043,Confirmed,Female,Suppressed,1
1994,PA,42043,Confirmed,Suppressed,Suppressed,6
1994,PA,42045,Confirmed,Male,0-19,58
1994,PA,42045,Confirmed,Male,20+,117
1994,PA,42045,Confirmed,Male,Suppressed,2
1994,PA,42045,Confirmed,Female,0-19,37
1994,PA,42045,Confirmed,Female,20+,104
1994,PA,42045,Confirmed,Female,Unknown,5
1994,PA,42045,Confirmed,Suppressed,Unknown,2
1994,PA,42047,Confirmed,Male,20+,6
1994,PA,42047,Confirmed,Male,Suppressed,4
1994,PA,42047,Confirmed,Suppressed,Suppressed,3
1994,PA,42049,Confirmed,Male,20+,5
1994,PA,42049,Confirmed,Male,Suppressed,2
1994,PA,42049,Confirmed,Suppressed,20+,1
1994,PA,42055,Confirmed,Suppressed,Suppressed,6
1994,PA,42065,Confirmed,Suppressed,Suppressed,5
1994,PA,42071,Confirmed,Male,20+,8
1994,PA,42071,Confirmed,Male,Suppressed,3
1994,PA,42071,Confirmed,Female,20+,10
1994,PA,42077,Confirmed,Female,20+,5
1994,PA,42077,Confirmed,Suppressed,Suppressed,4
1994,PA,42085,Confirmed,Male,20+,5
1994,PA,42085,Confirmed,Male,Suppressed,1
1994,PA,42085,Confirmed,Suppressed,20+,3
1994,PA,42085,Confirmed,Suppressed,Suppressed,1
1994,PA,42089,Confirmed,Suppressed,Suppressed,5
1994,PA,42091,Confirmed,Male,0-19,31
1994,PA,42091,Confirmed,Male,20+,66
1994,PA,42091,Confirmed,Male,Suppressed,1
1994,PA,42091,Confirmed,Female,0-19,27
1994,PA,42091,Confirmed,Female,20+,73
1994,PA,42091,Confirmed,Female,Suppressed,1
1994,PA,42095,Confirmed,Male,20+,18
1994,PA,42095,Confirmed,Male,Suppressed,4
1994,PA,42095,Confirmed,Female,20+,19
1994,PA,42095,Confirmed,Female,Suppressed,3
1994,PA,42097,Confirmed,Male,20+,7
1994,PA,42097,Confirmed,Male,Suppressed,4
1994,PA,42097,Confirmed,Female,20+,10
1994,PA,42097,Confirmed,Female,Suppressed,4
1994,PA,42101,Confirmed,Male,0-19,18
1994,PA,42101,Confirmed,Male,20+,48
1994,PA,42101,Confirmed,Male,Suppressed,1
1994,PA,42101,Confirmed,Female,0-19,28
1994,PA,42101,Confirmed,Female,20+,57
1994,PA,42101,Confirmed,Female,Suppressed,4
1994,PA,42107,Confirmed,Suppressed,Suppressed,5
1994,PA,42129,Confirmed,Suppressed,Suppressed,8
1994,PA,42133,Confirmed,Male,20+,10
1994,PA,42133,Confirmed,Male,Suppressed,1
1994,PA,42133,Confirmed,Female,20+,7
1994,PA,42133,Confirmed,Female,Suppressed,2
1994,PA,Suppressed,Confirmed,Male,0-19,2
1994,PA,Suppressed,Confirmed,Female,20+,24
1994,PA,Suppressed,Confirmed,Suppressed,Suppressed,36
1994,RI,44003,Confirmed,Male,0-19,8
1994,RI,44003,Confirmed,Male,20+,12
1994,RI,44003,Confirmed,Female,0-19,6
1994,RI,44003,Confirmed,Female,20+,7
1994,RI,44005,Confirmed,Male,20+,14
1994,RI,44005,Confirmed,Male,Suppressed,1
1994,RI,44005,Confirmed,Female,20+,7
1994,RI,44005,Confirmed,Female,Suppressed,2
1994,RI,44007,Confirmed,Male,20+,10
1994,RI,44007,Confirmed,Male,Suppressed,3
1994,RI,44007,Confirmed,Female,0-19,9
1994,RI,44007,Confirmed,Female,20+,15
1994,RI,44007,Confirmed,Female,Suppressed,1
1994,RI,44009,Confirmed,Male,0-19,58
1994,RI,44009,Confirmed,Male,20+,160
1994,RI,44009,Confirmed,Female,0-19,31
1994,RI,44009,Confirmed,Female,20+,121
1994,RI,Suppressed,Confirmed,Female,Suppressed,4
1994,RI,Suppressed,Confirmed,Suppressed,20+,2
1994,SC,Suppressed,Confirmed,Suppressed,Suppressed,5
1994,Suppressed,Suppressed,Confirmed,Male,Suppressed,17
1994,Suppressed,Suppressed,Confirmed,Suppressed,Unknown,1
1994,Suppressed,Suppressed,Confirmed,Suppressed,Suppressed,32
1994,TN,Suppressed,Confirmed,Suppressed,Suppressed,7
1994,TX,48113,Confirmed,Male,Suppressed,5
1994,TX,Suppressed,Confirmed,Female,20+,20
1994,TX,Suppressed,Confirmed,Suppressed,Suppressed,31
1994,VA,51001,Confirmed,Male,20+,5
1994,VA,51001,Confirmed,Female,20+,8
1994,VA,51013,Confirmed,Female,20+,6
1994,VA,51013,Confirmed,Suppressed,20+,2
1994,VA,51059,Confirmed,Male,20+,6
1994,VA,51059,Confirmed,Male,Suppressed,4
1994,VA,51059,Confirmed,Female,20+,8
1994,VA,51059,Confirmed,Female,Suppressed,2
1994,VA,51063,Confirmed,Female,20+,9
1994,VA,51063,Confirmed,Suppressed,20+,3
1994,VA,51131,Confirmed,Female,20+,6
1994,VA,51131,Confirmed,Suppressed,20+,2
1994,VA,51153,Confirmed,Male,20+,8
1994,VA,51810,Confirmed,Suppressed,Suppressed,5
1994,VA,51830,Confirmed,Suppressed,Suppressed,5
1994,VA,Suppressed,Confirmed,Male,20+,13
1994,VA,Suppressed,Confirmed,Female,0-19,5
1994,VA,Suppressed,Confirmed,Suppressed,Suppressed,34
1994,VT,50007,Confirmed,Male,Suppressed,5
1994,VT,Suppressed,Confirmed,Female,Suppressed,5
1994,VT,Suppressed,Confirmed,Suppressed,Suppressed,6
1994,WI,55005,Confirmed,Male,20+,5
1994,WI,55005,Confirmed,Male,Suppressed,2
1994,WI,55005,Confirmed,Female,20+,7
1994,WI,55005,Confirmed,Female,Suppressed,1
1994,WI,55011,Confirmed,Male,20+,10
1994,WI,55011,Confirmed,Male,Suppressed,1
1994,WI,55011,Confirmed,Suppressed,20+,4
1994,WI,55013,Confirmed,Male,20+,5
1994,WI,55013,Confirmed,Male,Suppressed,1
1994,WI,55013,Confirmed,Female,20+,8
1994,WI,55017,Confirmed,Male,20+,10
1994,WI,55017,Confirmed,Male,Suppressed,4
1994,WI,55017,Confirmed,Female,20+,11
1994,WI,55017,Confirmed,Female,Suppressed,3
1994,WI,55019,Confirmed,Male,20+,5
1994,WI,55019,Confirmed,Male,Suppressed,3
1994,WI,55019,Confirmed,Suppressed,20+,4
1994,WI,55019,Confirmed,Suppressed,Suppressed,2
1994,WI,55025,Confirmed,Male,20+,5
1994,WI,55025,Confirmed,Male,Suppressed,1
1994,WI,55025,Confirmed,Suppressed,20+,1
1994,WI,55031,Confirmed,Female,20+,7
1994,WI,55031,Confirmed,Suppressed,Suppressed,1
1994,WI,55033,Confirmed,Male,0-19,8
1994,WI,55033,Confirmed,Male,Suppressed,2
1994,WI,55033,Confirmed,Female,20+,8
1994,WI,55033,Confirmed,Female,Suppressed,4
1994,WI,55035,Confirmed,Male,0-19,10
1994,WI,55035,Confirmed,Male,20+,25
1994,WI,55035,Confirmed,Female,0-19,16
1994,WI,55035,Confirmed,Female,20+,34
1994,WI,55039,Confirmed,Suppressed,Suppressed,5
1994,WI,55053,Confirmed,Suppressed,Suppressed,5
1994,WI,55063,Confirmed,Male,0-19,7
1994,WI,55063,Confirmed,Male,Suppressed,4
1994,WI,55063,Confirmed,Suppressed,Suppressed,5
1994,WI,55069,Confirmed,Suppressed,Suppressed,5
1994,WI,55079,Confirmed,Female,20+,5
1994,WI,55095,Confirmed,Male,20+,9
1994,WI,55095,Confirmed,Male,Suppressed,4
1994,WI,55095,Confirmed,Female,20+,11
1994,WI,55095,Confirmed,Female,Suppressed,4
1994,WI,55107,Confirmed,Female,20+,5
1994,WI,55107,Confirmed,Female,Suppressed,1
1994,WI,55107,Confirmed,Suppressed,Suppressed,3
1994,WI,55109,Confirmed,Male,20+,6
1994,WI,55109,Confirmed,Male,Suppressed,1
1994,WI,55109,Confirmed,Female,0-19,5
1994,WI,55109,Confirmed,Female,Suppressed,3
1994,WI,55113,Confirmed,Male,20+,5
1994,WI,55113,Confirmed,Male,Suppressed,4
1994,WI,55113,Confirmed,Suppressed,20+,3
1994,WI,55113,Confirmed,Suppressed,Suppressed,2
1994,WI,55121,Confirmed,Suppressed,Suppressed,10
1994,WI,55123,Confirmed,Male,Suppressed,5
1994,WI,55129,Confirmed,Male,0-19,5
1994,WI,55129,Confirmed,Male,20+,8
1994,WI,55129,Confirmed,Female,20+,5
1994,WI,55129,Confirmed,Female,Suppressed,2
1994,WI,55139,Confirmed,Suppressed,Suppressed,5
1994,WI,Suppressed,Confirmed,Male,0-19,5
1994,WI,Suppressed,Confirmed,Female,20+,14
1994,WI,Suppressed,Confirmed,Suppressed,Suppressed,40
1994,WV,Suppressed,Confirmed,Male,20+,7
1994,WV,Suppressed,Confirmed,Suppressed,Suppressed,22
1994,WY,Suppressed,Confirmed,Suppressed,Suppressed,5
1995,AL,Suppressed,Confirmed,Male,20+,5
1995,AL,Suppressed,Confirmed,Suppressed,20+,6
1995,AR,Suppressed,Confirmed,Male,20+,6
1995,AR,Suppressed,Confirmed,Suppressed,20+,5
1995,CA,06037,Confirmed,Suppressed,Suppressed,5
1995,CA,06041,Confirmed,Female,20+,6
1995,CA,06041,Confirmed,Suppressed,20+,1
1995,CA,06041,Confirmed,Suppressed,Suppressed,3
1995,CA,06045,Confirmed,Female,20+,7
1995,CA,06045,Confirmed,Suppressed,20+,3
1995,CA,06045,Confirmed,Suppressed,Suppressed,2
1995,CA,06073,Confirmed,Suppressed,Suppressed,5
1995,CA,06097,Confirmed,Male,20+,5
1995,CA,06097,Confirmed,Male,Suppressed,1
1995,CA,06097,Confirmed,Female,Suppressed,5
1995,CA,Suppressed,Confirmed,Male,20+,9
1995,CA,Suppressed,Confirmed,Female,Suppressed,4
1995,CA,Suppressed,Confirmed,Suppressed,Suppressed,28
1995,CT,09001,Confirmed,Male,0-19,75
1995,CT,09001,Confirmed,Male,20+,116
1995,CT,09001,Confirmed,Male,Unknown,5
1995,CT,09001,Confirmed,Female,0-19,49
1995,CT,09001,Confirmed,Female,20+,99
1995,CT,09001,Confirmed,Female,Suppressed,2
1995,CT,09003,Confirmed,Male,0-19,11
1995,CT,09003,Confirmed,Male,20+,25
1995,CT,09003,Confirmed,Female,0-19,10
1995,CT,09003,Confirmed,Female,20+,17
1995,CT,09003,Confirmed,Female,Suppressed,1
1995,CT,09005,Confirmed,Male,0-19,11
1995,CT,09005,Confirmed,Male,20+,29
1995,CT,09005,Confirmed,Female,0-19,8
1995,CT,09005,Confirmed,Female,20+,37
1995,CT,09007,Confirmed,Male,0-19,31
1995,CT,09007,Confirmed,Male,20+,50
1995,CT,09007,Confirmed,Male,Unknown,6
1995,CT,09007,Confirmed,Female,0-19,20
1995,CT,09007,Confirmed,Female,20+,56
1995,CT,09007,Confirmed,Female,Suppressed,3
1995,CT,09009,Confirmed,Male,0-19,23
1995,CT,09009,Confirmed,Male,20+,36
1995,CT,09009,Confirmed,Male,Suppressed,3
1995,CT,09009,Confirmed,Female,0-19,17
1995,CT,09009,Confirmed,Female,20+,40
1995,CT,09009,Confirmed,Female,Suppressed,3
1995,CT,09011,Confirmed,Male,0-19,40
1995,CT,09011,Confirmed,Male,20+,119
1995,CT,09011,Confirmed,Male,Suppressed,4
1995,CT,09011,Confirmed,Female,0-19,38
1995,CT,09011,Confirmed,Female,20+,93
1995,CT,09011,Confirmed,Female,Unknown,8
1995,CT,09013,Confirmed,Male,0-19,19
1995,CT,09013,Confirmed,Male,20+,43
1995,CT,09013,Confirmed,Female,0-19,19
1995,CT,09013,Confirmed,Female,20+,42
1995,CT,09013,Confirmed,Female,Suppressed,1
1995,CT,09015,Confirmed,Male,0-19,28
1995,CT,09015,Confirmed,Male,20+,43
1995,CT,09015,Confirmed,Female,0-19,17
1995,CT,09015,Confirmed,Female,20+,43
1995,CT,09015,Confirmed,Female,Suppressed,2
1995,CT,Unknown,Confirmed,Male,0-19,30
1995,CT,Unknown,Confirmed,Male,20+,72
1995,CT,Unknown,Confirmed,Male,Unknown,6
1995,CT,Unknown,Confirmed,Female,0-19,21
1995,CT,Unknown,Confirmed,Female,20+,68
1995,CT,Unknown,Confirmed,Female,Unknown,8
1995,CT,Unknown,Confirmed,Suppressed,20+,1
1995,DE,10003,Confirmed,Male,0-19,7
1995,DE,10003,Confirmed,Male,20+,15
1995,DE,10003,Confirmed,Female,0-19,6
1995,DE,10003,Confirmed,Female,20+,15
1995,DE,10005,Confirmed,Suppressed,20+,5
1995,DE,Suppressed,Confirmed,Male,20+,4
1995,DE,Suppressed,Confirmed,Male,Suppressed,3
1995,DE,Suppressed,Confirmed,Suppressed,20+,1
1995,FL,Suppressed,Confirmed,Male,20+,9
1995,FL,Suppressed,Confirmed,Suppressed,20+,5
1995,GA,Suppressed,Confirmed,Suppressed,Suppressed,14
1995,IA,Suppressed,Confirmed,Female,20+,7
1995,IA,Suppressed,Confirmed,Suppressed,20+,7
1995,IL,Suppressed,Confirmed,Suppressed,Suppressed,16
1995,IN,Suppressed,Confirmed,Male,20+,7
1995,IN,Suppressed,Confirmed,Suppressed,Suppressed,12
1995,KS,Suppressed,Confirmed,Suppressed,Suppressed,19
1995,KY,Suppressed,Confirmed,Male,20+,6
1995,KY,Suppressed,Confirmed,Suppressed,Suppressed,10
1995,LA,Suppressed,Confirmed,Suppressed,20+,7
1995,MA,25001,Confirmed,Female,0-19,5
1995,MA,25001,Confirmed,Female,Suppressed,3
1995,MA,25001,Confirmed,Suppressed,Suppressed,4
1995,MA,25005,Confirmed,Male,20+,6
1995,MA,25005,Confirmed,Male,Suppressed,2
1995,MA,25005,Confirmed,Suppressed,Suppressed,2
1995,MA,25007,Confirmed,Suppressed,Suppressed,5
1995,MA,25009,Confirmed,Male,20+,5
1995,MA,25009,Confirmed,Male,Suppressed,4
1995,MA,25009,Confirmed,Female,20+,8
1995,MA,25009,Confirmed,Female,Suppressed,2
1995,MA,25013,Confirmed,Female,20+,5
1995,MA,25013,Confirmed,Female,Suppressed,2
1995,MA,25013,Confirmed,Suppressed,20+,4
1995,MA,25013,Confirmed,Suppressed,Suppressed,2
1995,MA,25017,Confirmed,Male,20+,13
1995,MA,25017,Confirmed,Male,Suppressed,3
1995,MA,25017,Confirmed,Female,20+,6
1995,MA,25017,Confirmed,Female,Suppressed,1
1995,MA,25019,Confirmed,Male,0-19,10
1995,MA,25019,Confirmed,Male,20+,19
1995,MA,25019,Confirmed,Female,0-19,6
1995,MA,25019,Confirmed,Female,20+,25
1995,MA,25021,Confirmed,Male,20+,9
1995,MA,25021,Confirmed,Male,Suppressed,2
1995,MA,25021,Confirmed,Female,20+,8
1995,MA,25023,Confirmed,Male,20+,6
1995,MA,25023,Confirmed,Male,Suppressed,1
1995,MA,25023,Confirmed,Female,20+,5
1995,MA,25023,Confirmed,Female,Suppressed,4
1995,MA,Suppressed,Confirmed,Male,20+,3
1995,MA,Suppressed,Confirmed,Female,0-19,3
1995,MA,Suppressed,Confirmed,Suppressed,Suppressed,6
1995,MD,24003,Confirmed,Male,0-19,9
1995,MD,24003,Confirmed,Male,20+,9
1995,MD,24003,Confirmed,Female,20+,8
1995,MD,24003,Confirmed,Female,Suppressed,3
1995,MD,24003,Confirmed,Suppressed,Suppressed,1
1995,MD,24005,Confirmed,Male,0-19,20
1995,MD,24005,Confirmed,Male,20+,40
1995,MD,24005,Confirmed,Female,0-19,7
1995,MD,24005,Confirmed,Female,20+,28
1995,MD,24005,Confirmed,Female,Suppressed,1
1995,MD,24005,Confirmed,Suppressed,Suppressed,2
1995,MD,24009,Confirmed,Suppressed,20+,7
1995,MD,24011,Confirmed,Male,Suppressed,5
1995,MD,24011,Confirmed,Female,20+,6
1995,MD,24011,Confirmed,Female,Suppressed,1
1995,MD,24011,Confirmed,Suppressed,Suppressed,1
1995,MD,24013,Confirmed,Male,Suppressed,6
1995,MD,24015,Confirmed,Male,0-19,13
1995,MD,24015,Confirmed,Male,20+,14
1995,MD,24015,Confirmed,Female,0-19,11
1995,MD,24015,Confirmed,Female,20+,22
1995,MD,24017,Confirmed,Male,20+,5
1995,MD,24017,Confirmed,Female,0-19,5
1995,MD,24017,Confirmed,Female,20+,6
1995,MD,24025,Confirmed,Male,0-19,9
1995,MD,24025,Confirmed,Male,20+,12
1995,MD,24025,Confirmed,Female,20+,18
1995,MD,24025,Confirmed,Female,Suppressed,4
1995,MD,24027,Confirmed,Male,20+,7
1995,MD,24027,Confirmed,Male,Suppressed,3
1995,MD,24027,Confirmed,Female,20+,7
1995,MD,24027,Confirmed,Female,Suppressed,2
1995,MD,24029,Confirmed,Male,0-19,7
1995,MD,24029,Confirmed,Male,Suppressed,3
1995,MD,24029,Confirmed,Female,20+,7
1995,MD,24029,Confirmed,Female,Suppressed,4
1995,MD,24031,Confirmed,Male,0-19,5
1995,MD,24031,Confirmed,Male,20+,11
1995,MD,24031,Confirmed,Female,20+,9
1995,MD,24031,Confirmed,Female,Suppressed,4
1995,MD,24033,Confirmed,Male,20+,9
1995,MD,24033,Confirmed,Male,Suppressed,1
1995,MD,24033,Confirmed,Female,20+,8
1995,MD,24033,Confirmed,Female,Suppressed,3
1995,MD,24035,Confirmed,Male,0-19,5
1995,MD,24035,Confirmed,Male,20+,8
1995,MD,24035,Confirmed,Female,20+,9
1995,MD,24035,Confirmed,Female,Suppressed,4
1995,MD,24037,Confirmed,Male,20+,7
1995,MD,24037,Confirmed,Suppressed,20+,1
1995,MD,24041,Confirmed,Male,20+,5
1995,MD,24041,Confirmed,Male,Suppressed,1
1995,MD,24041,Confirmed,Suppressed,20+,4
1995,MD,24041,Confirmed,Suppressed,Suppressed,1
1995,MD,24043,Confirmed,Suppressed,20+,6
1995,MD,24510,Confirmed,Suppressed,Suppressed,6
1995,MD,Suppressed,Confirmed,Female,20+,1
1995,MD,Suppressed,Confirmed,Suppressed,20+,19
1995,MD,Suppressed,Confirmed,Suppressed,Suppressed,14
1995,ME,23005,Confirmed,Suppressed,Suppressed,8
1995,ME,23019,Confirmed,Male,Suppressed,5
1995,ME,23031,Confirmed,Male,20+,5
1995,ME,23031,Confirmed,Male,Suppressed,3
1995,ME,23031,Confirmed,Suppressed,20+,4
1995,ME,23031,Confirmed,Suppressed,Suppressed,1
1995,ME,Suppressed,Confirmed,Male,Suppressed,1
1995,ME,Suppressed,Confirmed,Female,20+,8
1995,ME,Suppressed,Confirmed,Suppressed,20+,5
1995,ME,Suppressed,Confirmed,Suppressed,Suppressed,5
1995,MI,Suppressed,Confirmed,Suppressed,Suppressed,5
1995,MN,27001,Confirmed,Male,Suppressed,5
1995,MN,27001,Confirmed,Female,20+,7
1995,MN,27003,Confirmed,Male,Suppressed,7
1995,MN,27013,Confirmed,Male,Suppressed,5
1995,MN,27025,Confirmed,Suppressed,Suppressed,8
1995,MN,27035,Confirmed,Male,Suppressed,5
1995,MN,27035,Confirmed,Female,20+,5
1995,MN,27035,Confirmed,Female,Suppressed,2
1995,MN,27037,Confirmed,Male,Suppressed,5
1995,MN,27037,Confirmed,Female,20+,5
1995,MN,27037,Confirmed,Female,Suppressed,2
1995,MN,27053,Confirmed,Male,0-19,6
1995,MN,27053,Confirmed,Male,20+,14
1995,MN,27053,Confirmed,Female,0-19,8
1995,MN,27053,Confirmed,Female,20+,8
1995,MN,27065,Confirmed,Suppressed,Suppressed,7
1995,MN,27095,Confirmed,Suppressed,Suppressed,5
1995,MN,27115,Confirmed,Female,Suppressed,7
1995,MN,27115,Confirmed,Suppressed,Suppressed,5
1995,MN,27123,Confirmed,Male,20+,13
1995,MN,27123,Confirmed,Male,Suppressed,4
1995,MN,27123,Confirmed,Suppressed,20+,4
1995,MN,27123,Confirmed,Suppressed,Suppressed,3
1995,MN,27137,Confirmed,Suppressed,Suppressed,6
1995,MN,27139,Confirmed,Suppressed,Suppressed,6
1995,MN,27163,Confirmed,Male,20+,6
1995,MN,27163,Confirmed,Male,Suppressed,2
1995,MN,27163,Confirmed,Female,20+,6
1995,MN,27163,Confirmed,Female,Suppressed,3
1995,MN,Unknown,Confirmed,Female,Suppressed,5
1995,MN,Suppressed,Confirmed,Male,0-19,4
1995,MN,Suppressed,Confirmed,Female,20+,7
1995,MN,Suppressed,Confirmed,Suppressed,Suppressed,23
1995,MO,29213,Confirmed,Suppressed,Suppressed,6
1995,MO,Suppressed,Confirmed,Male,20+,12
1995,MO,Suppressed,Confirmed,Suppressed,Suppressed,35
1995,MS,Suppressed,Confirmed,Suppressed,20+,7
1995,MS,Suppressed,Confirmed,Suppressed,Suppressed,10
1995,NC,37133,Confirmed,Male,0-19,16
1995,NC,37133,Confirmed,Male,20+,9
1995,NC,37133,Confirmed,Suppressed,20+,1
1995,NC,37183,Confirmed,Male,Suppressed,5
1995,NC,37183,Confirmed,Female,20+,5
1995,NC,37183,Confirmed,Female,Suppressed,1
1995,NC,Suppressed,Confirmed,Male,0-19,5
1995,NC,Suppressed,Confirmed,Female,20+,18
1995,NC,Suppressed,Confirmed,Suppressed,Suppressed,24
1995,NE,Suppressed,Confirmed,Female,Suppressed,5
1995,NH,33007,Confirmed,Male,20+,6
1995,NH,33007,Confirmed,Male,Suppressed,1
1995,NH,33007,Confirmed,Suppressed,Suppressed,2
1995,NH,Suppressed,Confirmed,Male,20+,1
1995,NH,Suppressed,Confirmed,Suppressed,20+,7
1995,NH,Suppressed,Confirmed,Suppressed,Suppressed,11
1995,NJ,34001,Confirmed,Male,0-19,6
1995,NJ,34001,Confirmed,Male,Suppressed,4
1995,NJ,34001,Confirmed,Female,20+,11
1995,NJ,34001,Confirmed,Female,Suppressed,4
1995,NJ,34003,Confirmed,Female,Suppressed,6
1995,NJ,34003,Confirmed,Suppressed,Suppressed,5
1995,NJ,34005,Confirmed,Male,0-19,24
1995,NJ,34005,Confirmed,Male,20+,30
1995,NJ,34005,Confirmed,Female,0-19,29
1995,NJ,34005,Confirmed,Female,20+,36
1995,NJ,34005,Confirmed,Suppressed,0-19,1
1995,NJ,34007,Confirmed,Male,20+,6
1995,NJ,34007,Confirmed,Male,Suppressed,1
1995,NJ,34007,Confirmed,Female,0-19,6
1995,NJ,34007,Confirmed,Female,20+,6
1995,NJ,34013,Confirmed,Male,0-19,6
1995,NJ,34013,Confirmed,Male,20+,9
1995,NJ,34013,Confirmed,Suppressed,Suppressed,3
1995,NJ,34015,Confirmed,Male,0-19,5
1995,NJ,34015,Confirmed,Male,20+,5
1995,NJ,34015,Confirmed,Female,0-19,6
1995,NJ,34015,Confirmed,Female,Suppressed,4
1995,NJ,34019,Confirmed,Male,0-19,80
1995,NJ,34019,Confirmed,Male,20+,221
1995,NJ,34019,Confirmed,Male,Suppressed,3
1995,NJ,34019,Confirmed,Female,0-19,66
1995,NJ,34019,Confirmed,Female,20+,200
1995,NJ,34019,Confirmed,Female,Suppressed,1
1995,NJ,34021,Confirmed,Male,0-19,14
1995,NJ,34021,Confirmed,Male,20+,12
1995,NJ,34021,Confirmed,Female,0-19,5
1995,NJ,34021,Confirmed,Female,20+,23
1995,NJ,34021,Confirmed,Suppressed,0-19,1
1995,NJ,34023,Confirmed,Male,0-19,21
1995,NJ,34023,Confirmed,Male,20+,22
1995,NJ,34023,Confirmed,Female,0-19,17
1995,NJ,34023,Confirmed,Female,20+,20
1995,NJ,34025,Confirmed,Male,0-19,27
1995,NJ,34025,Confirmed,Male,20+,30
1995,NJ,34025,Confirmed,Female,0-19,21
1995,NJ,34025,Confirmed,Female,20+,31
1995,NJ,34027,Confirmed,Male,0-19,23
1995,NJ,34027,Confirmed,Male,20+,81
1995,NJ,34027,Confirmed,Male,Suppressed,1
1995,NJ,34027,Confirmed,Female,0-19,27
1995,NJ,34027,Confirmed,Female,20+,98
1995,NJ,34027,Confirmed,Female,Suppressed,1
1995,NJ,34027,Confirmed,Suppressed,20+,4
1995,NJ,34029,Confirmed,Male,0-19,36
1995,NJ,34029,Confirmed,Male,20+,39
1995,NJ,34029,Confirmed,Male,Suppressed,1
1995,NJ,34029,Confirmed,Female,0-19,18
1995,NJ,34029,Confirmed,Female,20+,33
1995,NJ,34031,Confirmed,Male,Suppressed,5
1995,NJ,34035,Confirmed,Male,0-19,37
1995,NJ,34035,Confirmed,Male,20+,51
1995,NJ,34035,Confirmed,Female,0-19,28
1995,NJ,34035,Confirmed,Female,20+,65
1995,NJ,34035,Confirmed,Suppressed,20+,1
1995,NJ,34035,Confirmed,Suppressed,Suppressed,1
1995,NJ,34037,Confirmed,Female,20+,7
1995,NJ,34037,Confirmed,Female,Suppressed,4
1995,NJ,34037,Confirmed,Suppressed,20+,4
1995,NJ,34037,Confirmed,Suppressed,Suppressed,2
1995,NJ,34039,Confirmed,Male,0-19,9
1995,NJ,34039,Confirmed,Male,Suppressed,4
1995,NJ,34039,Confirmed,Female,Suppressed,5
1995,NJ,34039,Confirmed,Suppressed,0-19,1
1995,NJ,34041,Confirmed,Male,0-19,9
1995,NJ,34041,Confirmed,Male,20+,21
1995,NJ,34041,Confirmed,Female,0-19,12
1995,NJ,34041,Confirmed,Female,20+,18
1995,NJ,Unknown,Confirmed,Suppressed,0-19,5
1995,NJ,Suppressed,Confirmed,Male,20+,7
1995,NJ,Suppressed,Confirmed,Female,0-19,1
1995,NJ,Suppressed,Confirmed,Suppressed,Suppressed,16
1995,NV,32003,Confirmed,Female,Suppressed,5
1995,NY,36005,Confirmed,Male,0-19,6
1995,NY,36005,Confirmed,Male,20+,15
1995,NY,36005,Confirmed,Female,0-19,7
1995,NY,36005,Confirmed,Female,20+,35
1995,NY,36005,Confirmed,Female,Suppressed,2
1995,NY,36005,Confirmed,Suppressed,Suppressed,4
1995,NY,36019,Confirmed,Suppressed,20+,5
1995,NY,36021,Confirmed,Male,0-19,7
1995,NY,36021,Confirmed,Male,20+,11
1995,NY,36021,Confirmed,Female,0-19,7
1995,NY,36021,Confirmed,Female,20+,13
1995,NY,36027,Confirmed,Male,0-19,174
1995,NY,36027,Confirmed,Male,20+,283
1995,NY,36027,Confirmed,Female,0-19,152
1995,NY,36027,Confirmed,Female,20+,307
1995,NY,36027,Confirmed,Female,Suppressed,2
1995,NY,36029,Confirmed,Male,20+,6
1995,NY,36029,Confirmed,Male,Suppressed,1
1995,NY,36029,Confirmed,Female,20+,10
1995,NY,36047,Confirmed,Male,20+,19
1995,NY,36047,Confirmed,Male,Suppressed,3
1995,NY,36047,Confirmed,Female,20+,27
1995,NY,36047,Confirmed,Female,Suppressed,5
1995,NY,36047,Confirmed,Suppressed,Suppressed,2
1995,NY,36059,Confirmed,Male,0-19,21
1995,NY,36059,Confirmed,Male,20+,60
1995,NY,36059,Confirmed,Male,Unknown,5
1995,NY,36059,Confirmed,Female,0-19,18
1995,NY,36059,Confirmed,Female,20+,70
1995,NY,36059,Confirmed,Female,Suppressed,2
1995,NY,36061,Confirmed,Male,0-19,10
1995,NY,36061,Confirmed,Male,20+,101
1995,NY,36061,Confirmed,Male,Suppressed,3
1995,NY,36061,Confirmed,Female,0-19,6
1995,NY,36061,Confirmed,Female,20+,85
1995,NY,36061,Confirmed,Female,Suppressed,1
1995,NY,36061,Confirmed,Unknown,Suppressed,6
1995,NY,36063,Confirmed,Suppressed,20+,6
1995,NY,36063,Confirmed,Suppressed,Suppressed,6
1995,NY,36065,Confirmed,Suppressed,Suppressed,6
1995,NY,36071,Confirmed,Male,0-19,30
1995,NY,36071,Confirmed,Male,20+,78
1995,NY,36071,Confirmed,Male,Suppressed,1
1995,NY,36071,Confirmed,Female,0-19,28
1995,NY,36071,Confirmed,Female,20+,113
1995,NY,36071,Confirmed,Female,Suppressed,1
1995,NY,36079,Confirmed,Male,0-19,43
1995,NY,36079,Confirmed,Male,20+,104
1995,NY,36079,Confirmed,Female,0-19,32
1995,NY,36079,Confirmed,Female,20+,92
1995,NY,36081,Confirmed,Male,0-19,5
1995,NY,36081,Confirmed,Male,20+,21
1995,NY,36081,Confirmed,Female,0-19,7
1995,NY,36081,Confirmed,Female,20+,48
1995,NY,36081,Confirmed,Female,Suppressed,1
1995,NY,36081,Confirmed,Suppressed,Suppressed,2
1995,NY,36085,Confirmed,Male,20+,8
1995,NY,36085,Confirmed,Male,Suppressed,3
1995,NY,36085,Confirmed,Female,20+,19
1995,NY,36085,Confirmed,Female,Suppressed,4
1995,NY,36087,Confirmed,Male,0-19,19
1995,NY,36087,Confirmed,Male,20+,29
1995,NY,36087,Confirmed,Male,Suppressed,1
1995,NY,36087,Confirmed,Female,0-19,21
1995,NY,36087,Confirmed,Female,20+,44
1995,NY,36087,Confirmed,Female,Suppressed,1
1995,NY,36091,Confirmed,Male,Suppressed,5
1995,NY,36103,Confirmed,Male,0-19,162
1995,NY,36103,Confirmed,Male,20+,457
1995,NY,36103,Confirmed,Male,Unknown,10
1995,NY,36103,Confirmed,Female,0-19,153
1995,NY,36103,Confirmed,Female,20+,552
1995,NY,36103,Confirmed,Female,Unknown,8
1995,NY,36103,Confirmed,Suppressed,Suppressed,1
1995,NY,36105,Confirmed,Male,20+,8
1995,NY,36105,Confirmed,Female,20+,7
1995,NY,36105,Confirmed,Female,Suppressed,2
1995,NY,36111,Confirmed,Male,0-19,5
1995,NY,36111,Confirmed,Male,20+,19
1995,NY,36111,Confirmed,Female,0-19,5
1995,NY,36111,Confirmed,Female,20+,22
1995,NY,36111,Confirmed,Female,Suppressed,1
1995,NY,36119,Confirmed,Male,0-19,119
1995,NY,36119,Confirmed,Male,20+,255
1995,NY,36119,Confirmed,Male,Suppressed,2
1995,NY,36119,Confirmed,Female,0-19,88
1995,NY,36119,Confirmed,Female,20+,231
1995,NY,36119,Confirmed,Female,Suppressed,2
1995,NY,Suppressed,Confirmed,Male,20+,17
1995,NY,Suppressed,Confirmed,Suppressed,20+,18
1995,NY,Suppressed,Confirmed,Suppressed,Suppressed,25
1995,OH,39035,Confirmed,Suppressed,Suppressed,8
1995,OH,Suppressed,Confirmed,Male,0-19,5
1995,OH,Suppressed,Confirmed,Suppressed,Suppressed,17
1995,OK,40031,Confirmed,Suppressed,Suppressed,5
1995,OK,40109,Confirmed,Suppressed,Suppressed,7
1995,OK,40143,Confirmed,Suppressed,Suppressed,6
1995,OK,Suppressed,Confirmed,Male,20+,12
1995,OK,Suppressed,Confirmed,Suppressed,Suppressed,33
1995,OR,Suppressed,Confirmed,Suppressed,20+,8
1995,OR,Suppressed,Confirmed,Suppressed,Suppressed,12
1995,PA,42000,Confirmed,Male,20+,8
1995,PA,42000,Confirmed,Male,Suppressed,4
1995,PA,42000,Confirmed,Female,Suppressed,5
1995,PA,42005,Confirmed,Male,20+,5
1995,PA,42005,Confirmed,Suppressed,Suppressed,4
1995,PA,42011,Confirmed,Male,20+,16
1995,PA,42011,Confirmed,Male,Suppressed,3
1995,PA,42011,Confirmed,Female,20+,9
1995,PA,42011,Confirmed,Female,Suppressed,2
1995,PA,42017,Confirmed,Male,0-19,46
1995,PA,42017,Confirmed,Male,20+,110
1995,PA,42017,Confirmed,Female,0-19,30
1995,PA,42017,Confirmed,Female,20+,116
1995,PA,42017,Confirmed,Female,Suppressed,1
1995,PA,42019,Confirmed,Suppressed,Suppressed,7
1995,PA,42023,Confirmed,Female,Suppressed,5
1995,PA,42029,Confirmed,Male,0-19,11
1995,PA,42029,Confirmed,Male,20+,25
1995,PA,42029,Confirmed,Female,20+,23
1995,PA,42029,Confirmed,Female,Suppressed,4
1995,PA,42033,Confirmed,Suppressed,Suppressed,5
1995,PA,42039,Confirmed,Suppressed,Suppressed,7
1995,PA,42043,Confirmed,Female,20+,8
1995,PA,42043,Confirmed,Female,Suppressed,1
1995,PA,42043,Confirmed,Suppressed,20+,1
1995,PA,42045,Confirmed,Male,0-19,87
1995,PA,42045,Confirmed,Male,20+,156
1995,PA,42045,Confirmed,Male,Unknown,6
1995,PA,42045,Confirmed,Female,0-19,66
1995,PA,42045,Confirmed,Female,20+,172
1995,PA,42045,Confirmed,Female,Unknown,7
1995,PA,42047,Confirmed,Male,20+,6
1995,PA,42047,Confirmed,Suppressed,Suppressed,3
1995,PA,42049,Confirmed,Female,20+,7
1995,PA,42049,Confirmed,Female,Suppressed,1
1995,PA,42049,Confirmed,Suppressed,20+,4
1995,PA,42055,Confirmed,Suppressed,Suppressed,6
1995,PA,42063,Confirmed,Suppressed,Suppressed,5
1995,PA,42065,Confirmed,Suppressed,Suppressed,6
1995,PA,42071,Confirmed,Male,0-19,7
1995,PA,42071,Confirmed,Male,20+,9
1995,PA,42071,Confirmed,Female,20+,10
1995,PA,42071,Confirmed,Female,Suppressed,2
1995,PA,42077,Confirmed,Male,0-19,5
1995,PA,42077,Confirmed,Male,20+,12
1995,PA,42077,Confirmed,Female,20+,9
1995,PA,42077,Confirmed,Female,Suppressed,2
1995,PA,42083,Confirmed,Female,20+,6
1995,PA,42083,Confirmed,Female,Suppressed,1
1995,PA,42083,Confirmed,Suppressed,20+,3
1995,PA,42085,Confirmed,Suppressed,Suppressed,6
1995,PA,42091,Confirmed,Male,0-19,43
1995,PA,42091,Confirmed,Male,20+,97
1995,PA,42091,Confirmed,Female,0-19,34
1995,PA,42091,Confirmed,Female,20+,97
1995,PA,42095,Confirmed,Male,0-19,12
1995,PA,42095,Confirmed,Male,20+,15
1995,PA,42095,Confirmed,Female,0-19,15
1995,PA,42095,Confirmed,Female,20+,27
1995,PA,42095,Confirmed,Female,Suppressed,1
1995,PA,42097,Confirmed,Suppressed,Suppressed,8
1995,PA,42101,Confirmed,Male,20+,9
1995,PA,42101,Confirmed,Male,Suppressed,4
1995,PA,42101,Confirmed,Female,0-19,5
1995,PA,42101,Confirmed,Female,20+,17
1995,PA,42103,Confirmed,Suppressed,Suppressed,7
1995,PA,42107,Confirmed,Female,20+,5
1995,PA,42107,Confirmed,Suppressed,20+,2
1995,PA,42125,Confirmed,Male,20+,6
1995,PA,42125,Confirmed,Male,Suppressed,1
1995,PA,42125,Confirmed,Suppressed,Suppressed,2
1995,PA,42129,Confirmed,Female,20+,5
1995,PA,42129,Confirmed,Suppressed,20+,1
1995,PA,42129,Confirmed,Suppressed,Suppressed,1
1995,PA,42133,Confirmed,Male,20+,8
1995,PA,42133,Confirmed,Male,Suppressed,3
1995,PA,42133,Confirmed,Female,20+,6
1995,PA,42133,Confirmed,Female,Suppressed,1
1995,PA,Suppressed,Confirmed,Male,20+,18
1995,PA,Suppressed,Confirmed,Female,0-19,3
1995,PA,Suppressed,Confirmed,Suppressed,Suppressed,48
1995,RI,44001,Confirmed,Suppressed,20+,7
1995,RI,44003,Confirmed,Male,20+,10
1995,RI,44003,Confirmed,Male,Suppressed,3
1995,RI,44003,Confirmed,Female,20+,13
1995,RI,44003,Confirmed,Female,Suppressed,4
1995,RI,44005,Confirmed,Female,20+,11
1995,RI,44005,Confirmed,Female,Suppressed,1
1995,RI,44005,Confirmed,Suppressed,20+,4
1995,RI,44005,Confirmed,Suppressed,Suppressed,2
1995,RI,44007,Confirmed,Male,0-19,5
1995,RI,44007,Confirmed,Male,20+,12
1995,RI,44007,Confirmed,Female,0-19,6
1995,RI,44007,Confirmed,Female,20+,19
1995,RI,44009,Confirmed,Male,0-19,38
1995,RI,44009,Confirmed,Male,20+,89
1995,RI,44009,Confirmed,Female,0-19,24
1995,RI,44009,Confirmed,Female,20+,95
1995,RI,Suppressed,Confirmed,Male,Suppressed,1
1995,RI,Suppressed,Confirmed,Suppressed,Suppressed,1
1995,SC,Suppressed,Confirmed,Female,Suppressed,8
1995,SC,Suppressed,Confirmed,Suppressed,Suppressed,9
1995,Suppressed,Unknown,Confirmed,Female,0-19,1
1995,Suppressed,Suppressed,Confirmed,Female,Suppressed,7
1995,Suppressed,Suppressed,Confirmed,Suppressed,0-19,3
1995,Suppressed,Suppressed,Confirmed,Suppressed,Suppressed,28
1995,TN,47065,Confirmed,Female,Suppressed,5
1995,TN,Suppressed,Confirmed,Male,20+,6
1995,TN,Suppressed,Confirmed,Female,0-19,5
1995,TN,Suppressed,Confirmed,Suppressed,Suppressed,12
1995,TX,48113,Confirmed,Female,20+,8
1995,TX,48113,Confirmed,Suppressed,Suppressed,3
1995,TX,Suppressed,Confirmed,Female,20+,28
1995,TX,Suppressed,Confirmed,Suppressed,20+,2
1995,TX,Suppressed,Confirmed,Suppressed,Suppressed,36
1995,VA,51059,Confirmed,Female,20+,5
1995,VA,51059,Confirmed,Female,Suppressed,2
1995,VA,51059,Confirmed,Suppressed,Suppressed,3
1995,VA,Suppressed,Confirmed,Male,20+,12
1995,VA,Suppressed,Confirmed,Male,Suppressed,6
1995,VA,Suppressed,Confirmed,Suppressed,20+,21
1995,VA,Suppressed,Confirmed,Suppressed,Suppressed,6
1995,VT,Suppressed,Confirmed,Male,20+,5
1995,WA,Suppressed,Confirmed,Male,20+,6
1995,WI,55005,Confirmed,Male,20+,12
1995,WI,55005,Confirmed,Male,Suppressed,1
1995,WI,55005,Confirmed,Female,20+,6
1995,WI,55005,Confirmed,Female,Suppressed,1
1995,WI,55011,Confirmed,Male,Suppressed,5
1995,WI,55013,Confirmed,Male,20+,9
1995,WI,55013,Confirmed,Male,Suppressed,2
1995,WI,55013,Confirmed,Female,20+,10
1995,WI,55013,Confirmed,Female,Suppressed,3
1995,WI,55017,Confirmed,Male,Suppressed,7
1995,WI,55017,Confirmed,Female,20+,6
1995,WI,55017,Confirmed,Female,Suppressed,3
1995,WI,55019,Confirmed,Male,20+,8
1995,WI,55019,Confirmed,Male,Suppressed,1
1995,WI,55019,Confirmed,Female,20+,10
1995,WI,55019,Confirmed,Female,Suppressed,2
1995,WI,55025,Confirmed,Male,Suppressed,8
1995,WI,55031,Confirmed,Suppressed,Suppressed,6
1995,WI,55033,Confirmed,Male,20+,5
1995,WI,55033,Confirmed,Male,Suppressed,1
1995,WI,55033,Confirmed,Female,20+,5
1995,WI,55033,Confirmed,Female,Suppressed,1
1995,WI,55035,Confirmed,Male,0-19,6
1995,WI,55035,Confirmed,Male,20+,20
1995,WI,55035,Confirmed,Male,Suppressed,1
1995,WI,55035,Confirmed,Female,0-19,10
1995,WI,55035,Confirmed,Female,20+,18
1995,WI,55035,Confirmed,Female,Suppressed,1
1995,WI,55063,Confirmed,Suppressed,Suppressed,9
1995,WI,55081,Confirmed,Male,Suppressed,5
1995,WI,55095,Confirmed,Male,0-19,6
1995,WI,55095,Confirmed,Male,20+,13
1995,WI,55095,Confirmed,Female,20+,7
1995,WI,55095,Confirmed,Female,Suppressed,3
1995,WI,55097,Confirmed,Male,Suppressed,5
1995,WI,55107,Confirmed,Suppressed,Suppressed,5
1995,WI,55109,Confirmed,Male,20+,6
1995,WI,55109,Confirmed,Male,Suppressed,3
1995,WI,55109,Confirmed,Female,Suppressed,7
1995,WI,55113,Confirmed,Male,Suppressed,5
1995,WI,55113,Confirmed,Suppressed,Suppressed,6
1995,WI,55121,Confirmed,Suppressed,Suppressed,5
1995,WI,55125,Confirmed,Male,20+,6
1995,WI,55125,Confirmed,Suppressed,20+,2
1995,WI,55125,Confirmed,Suppressed,Suppressed,1
1995,WI,55129,Confirmed,Male,0-19,5
1995,WI,55129,Confirmed,Male,20+,8
1995,WI,55129,Confirmed,Female,20+,7
1995,WI,55129,Confirmed,Female,Suppressed,3
1995,WI,55133,Confirmed,Suppressed,Suppressed,6
1995,WI,55135,Confirmed,Suppressed,Suppressed,5
1995,WI,Suppressed,Confirmed,Male,0-19,4
1995,WI,Suppressed,Confirmed,Female,20+,16
1995,WI,Suppressed,Confirmed,Suppressed,Suppressed,53
1995,WV,54083,Confirmed,Suppressed,20+,5
1995,WV,Suppressed,Confirmed,Female,20+,7
1995,WV,Suppressed,Confirmed,Suppressed,20+,10
1996,AL,Suppressed,Confirmed,Suppressed,Suppressed,7
1996,AR,Suppressed,Confirmed,Male,20+,6
1996,AR,Suppressed,Confirmed,Suppressed,Suppressed,17
1996,CA,06097,Confirmed,Male,Suppressed,8
1996,CA,Suppressed,Confirmed,Female,20+,10
1996,CA,Suppressed,Confirmed,Suppressed,20+,13
1996,CA,Suppressed,Confirmed,Suppressed,Suppressed,33
1996,CT,09001,Confirmed,Male,0-19,139
1996,CT,09001,Confirmed,Male,20+,298
1996,CT,09001,Confirmed,Male,Unknown,12
1996,CT,09001,Confirmed,Female,0-19,111
1996,CT,09001,Confirmed,Female,20+,255
1996,CT,09001,Confirmed,Female,Unknown,8
1996,CT,09003,Confirmed,Male,0-19,18
1996,CT,09003,Confirmed,Male,20+,63
1996,CT,09003,Confirmed,Female,0-19,20
1996,CT,09003,Confirmed,Female,20+,42
1996,CT,09003,Confirmed,Female,Suppressed,1
1996,CT,09005,Confirmed,Male,0-19,27
1996,CT,09005,Confirmed,Male,20+,82
1996,CT,09005,Confirmed,Male,Suppressed,4
1996,CT,09005,Confirmed,Female,0-19,23
1996,CT,09005,Confirmed,Female,20+,80
1996,CT,09005,Confirmed,Female,Unknown,7
1996,CT,09007,Confirmed,Male,0-19,83
1996,CT,09007,Confirmed,Male,20+,154
1996,CT,09007,Confirmed,Male,Unknown,7
1996,CT,09007,Confirmed,Female,0-19,44
1996,CT,09007,Confirmed,Female,20+,110
1996,CT,09007,Confirmed,Female,Unknown,8
1996,CT,09009,Confirmed,Male,0-19,67
1996,CT,09009,Confirmed,Male,20+,86
1996,CT,09009,Confirmed,Male,Suppressed,3
1996,CT,09009,Confirmed,Female,0-19,33
1996,CT,09009,Confirmed,Female,20+,93
1996,CT,09009,Confirmed,Female,Suppressed,3
1996,CT,09011,Confirmed,Male,0-19,77
1996,CT,09011,Confirmed,Male,20+,162
1996,CT,09011,Confirmed,Male,Unknown,9
1996,CT,09011,Confirmed,Female,0-19,53
1996,CT,09011,Confirmed,Female,20+,171
1996,CT,09011,Confirmed,Female,Unknown,6
1996,CT,09013,Confirmed,Male,0-19,36
1996,CT,09013,Confirmed,Male,20+,75
1996,CT,09013,Confirmed,Male,Suppressed,2
1996,CT,09013,Confirmed,Female,0-19,19
1996,CT,09013,Confirmed,Female,20+,66
1996,CT,09013,Confirmed,Female,Suppressed,2
1996,CT,09015,Confirmed,Male,0-19,42
1996,CT,09015,Confirmed,Male,20+,103
1996,CT,09015,Confirmed,Male,Unknown,7
1996,CT,09015,Confirmed,Female,0-19,28
1996,CT,09015,Confirmed,Female,20+,80
1996,CT,09015,Confirmed,Female,Suppressed,3
1996,CT,Unknown,Confirmed,Male,0-19,42
1996,CT,Unknown,Confirmed,Male,20+,121
1996,CT,Unknown,Confirmed,Male,Unknown,8
1996,CT,Unknown,Confirmed,Female,0-19,22
1996,CT,Unknown,Confirmed,Female,20+,83
1996,CT,Unknown,Confirmed,Female,Unknown,5
1996,CT,Unknown,Confirmed,Suppressed,20+,1
1996,DE,10001,Confirmed,Male,0-19,5
1996,DE,10001,Confirmed,Male,20+,13
1996,DE,10001,Confirmed,Suppressed,0-19,4
1996,DE,10001,Confirmed,Suppressed,Suppressed,3
1996,DE,10003,Confirmed,Male,0-19,18
1996,DE,10003,Confirmed,Male,20+,53
1996,DE,10003,Confirmed,Male,Suppressed,3
1996,DE,10003,Confirmed,Female,0-19,16
1996,DE,10003,Confirmed,Female,20+,44
1996,DE,10003,Confirmed,Female,Suppressed,3
1996,DE,10005,Confirmed,Male,20+,5
1996,DE,10005,Confirmed,Male,Suppressed,1
1996,DE,10005,Confirmed,Suppressed,20+,4
1996,DE,10005,Confirmed,Suppressed,Suppressed,1
1996,FL,12071,Confirmed,Suppressed,Suppressed,6
1996,FL,12103,Confirmed,Suppressed,Suppressed,5
1996,FL,Suppressed,Confirmed,Female,20+,17
1996,FL,Suppressed,Confirmed,Suppressed,Suppressed,27
1996,IA,Suppressed,Confirmed,Female,20+,6
1996,IA,Suppressed,Confirmed,Suppressed,Suppressed,10
1996,IL,Suppressed,Confirmed,Suppressed,Suppressed,7
1996,IN,Suppressed,Confirmed,Suppressed,Suppressed,24
1996,KS,20091,Confirmed,Female,20+,5
1996,KS,20091,Confirmed,Suppressed,Suppressed,2
1996,KS,Suppressed,Confirmed,Female,20+,10
1996,KS,Suppressed,Confirmed,Suppressed,20+,2
1996,KS,Suppressed,Confirmed,Suppressed,Suppressed,17
1996,KY,Suppressed,Confirmed,Female,20+,7
1996,KY,Suppressed,Confirmed,Suppressed,Suppressed,19
1996,LA,Suppressed,Confirmed,Female,20+,5
1996,MA,25001,Confirmed,Male,20+,12
1996,MA,25001,Confirmed,Male,Suppressed,4
1996,MA,25001,Confirmed,Female,0-19,5
1996,MA,25001,Confirmed,Female,20+,8
1996,MA,25001,Confirmed,Female,Suppressed,1
1996,MA,25005,Confirmed,Male,20+,10
1996,MA,25005,Confirmed,Male,Suppressed,3
1996,MA,25005,Confirmed,Female,0-19,5
1996,MA,25005,Confirmed,Female,20+,14
1996,MA,25009,Confirmed,Male,0-19,6
1996,MA,25009,Confirmed,Male,Suppressed,3
1996,MA,25009,Confirmed,Female,20+,16
1996,MA,25009,Confirmed,Female,Suppressed,5
1996,MA,25013,Confirmed,Male,20+,8
1996,MA,25013,Confirmed,Male,Suppressed,3
1996,MA,25013,Confirmed,Female,20+,7
1996,MA,25013,Confirmed,Female,Suppressed,2
1996,MA,25015,Confirmed,Female,20+,5
1996,MA,25015,Confirmed,Suppressed,20+,2
1996,MA,25017,Confirmed,Male,20+,18
1996,MA,25017,Confirmed,Male,Suppressed,3
1996,MA,25017,Confirmed,Female,20+,27
1996,MA,25017,Confirmed,Female,Suppressed,3
1996,MA,25019,Confirmed,Male,0-19,11
1996,MA,25019,Confirmed,Male,20+,38
1996,MA,25019,Confirmed,Female,20+,22
1996,MA,25019,Confirmed,Female,Suppressed,4
1996,MA,25021,Confirmed,Male,0-19,8
1996,MA,25021,Confirmed,Male,20+,5
1996,MA,25021,Confirmed,Female,20+,7
1996,MA,25021,Confirmed,Female,Suppressed,3
1996,MA,25023,Confirmed,Male,0-19,9
1996,MA,25023,Confirmed,Male,20+,9
1996,MA,25023,Confirmed,Female,20+,9
1996,MA,25023,Confirmed,Female,Suppressed,3
1996,MA,25027,Confirmed,Suppressed,20+,7
1996,MA,Suppressed,Confirmed,Male,20+,6
1996,MA,Suppressed,Confirmed,Male,Suppressed,1
1996,MA,Suppressed,Confirmed,Suppressed,20+,6
1996,MA,Suppressed,Confirmed,Suppressed,Suppressed,3
1996,MD,24003,Confirmed,Male,20+,7
1996,MD,24003,Confirmed,Male,Suppressed,5
1996,MD,24003,Confirmed,Female,20+,7
1996,MD,24003,Confirmed,Female,Suppressed,2
1996,MD,24005,Confirmed,Male,0-19,19
1996,MD,24005,Confirmed,Male,20+,34
1996,MD,24005,Confirmed,Female,0-19,12
1996,MD,24005,Confirmed,Female,20+,27
1996,MD,24009,Confirmed,Male,Suppressed,7
1996,MD,24009,Confirmed,Female,20+,7
1996,MD,24009,Confirmed,Female,Suppressed,1
1996,MD,24013,Confirmed,Male,0-19,9
1996,MD,24013,Confirmed,Male,20+,6
1996,MD,24013,Confirmed,Female,0-19,6
1996,MD,24013,Confirmed,Female,20+,6
1996,MD,24015,Confirmed,Female,20+,8
1996,MD,24015,Confirmed,Female,Suppressed,2
1996,MD,24015,Confirmed,Suppressed,Suppressed,6
1996,MD,24017,Confirmed,Male,Suppressed,6
1996,MD,24017,Confirmed,Female,0-19,5
1996,MD,24017,Confirmed,Female,20+,5
1996,MD,24025,Confirmed,Male,0-19,6
1996,MD,24025,Confirmed,Male,20+,14
1996,MD,24025,Confirmed,Female,0-19,9
1996,MD,24025,Confirmed,Female,20+,16
1996,MD,24027,Confirmed,Male,0-19,9
1996,MD,24027,Confirmed,Male,20+,9
1996,MD,24027,Confirmed,Female,20+,8
1996,MD,24027,Confirmed,Female,Suppressed,3
1996,MD,24027,Confirmed,Suppressed,20+,1
1996,MD,24029,Confirmed,Male,20+,10
1996,MD,24029,Confirmed,Male,Suppressed,3
1996,MD,24029,Confirmed,Female,20+,6
1996,MD,24029,Confirmed,Female,Suppressed,3
1996,MD,24031,Confirmed,Male,0-19,13
1996,MD,24031,Confirmed,Male,20+,15
1996,MD,24031,Confirmed,Female,0-19,10
1996,MD,24031,Confirmed,Female,20+,16
1996,MD,24031,Confirmed,Female,Suppressed,2
1996,MD,24031,Confirmed,Suppressed,20+,1
1996,MD,24033,Confirmed,Male,0-19,9
1996,MD,24033,Confirmed,Male,20+,20
1996,MD,24033,Confirmed,Female,20+,15
1996,MD,24033,Confirmed,Female,Suppressed,1
1996,MD,24035,Confirmed,Male,20+,11
1996,MD,24035,Confirmed,Male,Suppressed,3
1996,MD,24035,Confirmed,Female,20+,11
1996,MD,24035,Confirmed,Female,Suppressed,2
1996,MD,24037,Confirmed,Suppressed,Suppressed,5
1996,MD,24041,Confirmed,Male,20+,7
1996,MD,24041,Confirmed,Male,Suppressed,2
1996,MD,24041,Confirmed,Suppressed,20+,2
1996,MD,24041,Confirmed,Suppressed,Suppressed,1
1996,MD,24510,Confirmed,Suppressed,Suppressed,6
1996,MD,Suppressed,Confirmed,Male,0-19,1
1996,MD,Suppressed,Confirmed,Female,20+,1
1996,MD,Suppressed,Confirmed,Suppressed,Suppressed,9
1996,ME,23005,Confirmed,Male,Suppressed,6
1996,ME,23005,Confirmed,Female,20+,6
1996,ME,23005,Confirmed,Female,Suppressed,3
1996,ME,23015,Confirmed,Suppressed,Suppressed,6
1996,ME,23031,Confirmed,Male,0-19,7
1996,ME,23031,Confirmed,Male,20+,9
1996,ME,23031,Confirmed,Female,20+,6
1996,ME,23031,Confirmed,Female,Suppressed,2
1996,ME,Suppressed,Confirmed,Male,0-19,3
1996,ME,Suppressed,Confirmed,Female,20+,1
1996,ME,Suppressed,Confirmed,Suppressed,Suppressed,14
1996,MI,26109,Confirmed,Male,Suppressed,6
1996,MI,Suppressed,Confirmed,Male,20+,7
1996,MI,Suppressed,Confirmed,Suppressed,Suppressed,15
1996,MN,27003,Confirmed,Male,0-19,6
1996,MN,27003,Confirmed,Male,20+,7
1996,MN,27003,Confirmed,Male,Suppressed,1
1996,MN,27003,Confirmed,Suppressed,0-19,1
1996,MN,27003,Confirmed,Suppressed,Suppressed,3
1996,MN,27025,Confirmed,Male,Suppressed,5
1996,MN,27035,Confirmed,Male,20+,9
1996,MN,27035,Confirmed,Male,Suppressed,2
1996,MN,27035,Confirmed,Female,0-19,5
1996,MN,27035,Confirmed,Female,20+,6
1996,MN,27037,Confirmed,Male,0-19,7
1996,MN,27037,Confirmed,Male,Suppressed,2
1996,MN,27037,Confirmed,Female,20+,6
1996,MN,27037,Confirmed,Female,Suppressed,2
1996,MN,27053,Confirmed,Male,0-19,5
1996,MN,27053,Confirmed,Male,20+,17
1996,MN,27053,Confirmed,Male,Suppressed,1
1996,MN,27053,Confirmed,Female,20+,11
1996,MN,27053,Confirmed,Female,Suppressed,2
1996,MN,27095,Confirmed,Male,20+,5
1996,MN,27095,Confirmed,Male,Suppressed,1
1996,MN,27095,Confirmed,Suppressed,Suppressed,1
1996,MN,27115,Confirmed,Male,0-19,6
1996,MN,27115,Confirmed,Male,Suppressed,4
1996,MN,27115,Confirmed,Female,20+,9
1996,MN,27115,Confirmed,Female,Suppressed,1
1996,MN,27123,Confirmed,Male,0-19,13
1996,MN,27123,Confirmed,Male,20+,12
1996,MN,27123,Confirmed,Female,0-19,7
1996,MN,27123,Confirmed,Female,20+,5
1996,MN,27137,Confirmed,Male,Suppressed,5
1996,MN,27141,Confirmed,Suppressed,Suppressed,6
1996,MN,27163,Confirmed,Male,0-19,8
1996,MN,27163,Confirmed,Male,20+,11
1996,MN,27163,Confirmed,Female,20+,10
1996,MN,27163,Confirmed,Female,Suppressed,2
1996,MN,27169,Confirmed,Suppressed,Suppressed,5
1996,MN,Suppressed,Confirmed,Male,20+,3
1996,MN,Suppressed,Confirmed,Female,0-19,5
1996,MN,Suppressed,Confirmed,Suppressed,Suppressed,34
1996,MO,Suppressed,Confirmed,Male,0-19,6
1996,MO,Suppressed,Confirmed,Female,20+,11
1996,MO,Suppressed,Confirmed,Suppressed,Suppressed,35
1996,MS,Suppressed,Confirmed,Male,20+,7
1996,MS,Suppressed,Confirmed,Suppressed,Suppressed,17
1996,NC,37037,Confirmed,Suppressed,Suppressed,5
1996,NC,37151,Confirmed,Suppressed,Suppressed,5
1996,NC,37173,Confirmed,Male,0-19,8
1996,NC,37173,Confirmed,Male,Suppressed,4
1996,NC,Suppressed,Confirmed,Male,0-19,3
1996,NC,Suppressed,Confirmed,Female,20+,15
1996,NC,Suppressed,Confirmed,Suppressed,Suppressed,26
1996,NH,33003,Confirmed,Suppressed,Suppressed,5
1996,NH,33009,Confirmed,Suppressed,Suppressed,5
1996,NH,33015,Confirmed,Suppressed,Suppressed,6
1996,NH,Suppressed,Confirmed,Female,20+,5
1996,NH,Suppressed,Confirmed,Suppressed,20+,12
1996,NH,Suppressed,Confirmed,Suppressed,Suppressed,14
1996,NJ,34001,Confirmed,Male,0-19,8
1996,NJ,34001,Confirmed,Male,20+,43
1996,NJ,34001,Confirmed,Male,Suppressed,1
1996,NJ,34001,Confirmed,Female,0-19,8
1996,NJ,34001,Confirmed,Female,20+,41
1996,NJ,34003,Confirmed,Male,20+,10
1996,NJ,34003,Confirmed,Male,Suppressed,2
1996,NJ,34003,Confirmed,Female,20+,14
1996,NJ,34003,Confirmed,Female,Suppressed,2
1996,NJ,34005,Confirmed,Male,0-19,34
1996,NJ,34005,Confirmed,Male,20+,55
1996,NJ,34005,Confirmed,Female,0-19,22
1996,NJ,34005,Confirmed,Female,20+,41
1996,NJ,34005,Confirmed,Suppressed,0-19,2
1996,NJ,34007,Confirmed,Male,0-19,8
1996,NJ,34007,Confirmed,Male,20+,23
1996,NJ,34007,Confirmed,Female,0-19,6
1996,NJ,34007,Confirmed,Female,20+,25
1996,NJ,34009,Confirmed,Male,20+,16
1996,NJ,34009,Confirmed,Male,Suppressed,4
1996,NJ,34009,Confirmed,Female,0-19,5
1996,NJ,34009,Confirmed,Female,20+,23
1996,NJ,34009,Confirmed,Suppressed,20+,3
1996,NJ,34009,Confirmed,Suppressed,Suppressed,1
1996,NJ,34011,Confirmed,Male,0-19,5
1996,NJ,34011,Confirmed,Male,20+,13
1996,NJ,34011,Confirmed,Male,Suppressed,1
1996,NJ,34011,Confirmed,Female,0-19,6
1996,NJ,34011,Confirmed,Female,20+,10
1996,NJ,34011,Confirmed,Suppressed,20+,1
1996,NJ,34013,Confirmed,Male,0-19,5
1996,NJ,34013,Confirmed,Male,20+,9
1996,NJ,34013,Confirmed,Female,0-19,6
1996,NJ,34013,Confirmed,Female,20+,5
1996,NJ,34013,Confirmed,Suppressed,0-19,1
1996,NJ,34015,Confirmed,Male,0-19,9
1996,NJ,34015,Confirmed,Male,20+,26
1996,NJ,34015,Confirmed,Female,0-19,13
1996,NJ,34015,Confirmed,Female,20+,27
1996,NJ,34019,Confirmed,Male,0-19,92
1996,NJ,34019,Confirmed,Male,20+,246
1996,NJ,34019,Confirmed,Female,0-19,74
1996,NJ,34019,Confirmed,Female,20+,197
1996,NJ,34019,Confirmed,Female,Suppressed,1
1996,NJ,34021,Confirmed,Male,0-19,16
1996,NJ,34021,Confirmed,Male,20+,36
1996,NJ,34021,Confirmed,Female,0-19,14
1996,NJ,34021,Confirmed,Female,20+,35
1996,NJ,34023,Confirmed,Male,0-19,13
1996,NJ,34023,Confirmed,Male,20+,22
1996,NJ,34023,Confirmed,Female,0-19,15
1996,NJ,34023,Confirmed,Female,20+,20
1996,NJ,34023,Confirmed,Female,Suppressed,1
1996,NJ,34025,Confirmed,Male,0-19,22
1996,NJ,34025,Confirmed,Male,20+,37
1996,NJ,34025,Confirmed,Male,Suppressed,1
1996,NJ,34025,Confirmed,Female,0-19,17
1996,NJ,34025,Confirmed,Female,20+,32
1996,NJ,34025,Confirmed,Suppressed,20+,1
1996,NJ,34027,Confirmed,Male,0-19,27
1996,NJ,34027,Confirmed,Male,20+,100
1996,NJ,34027,Confirmed,Male,Suppressed,1
1996,NJ,34027,Confirmed,Female,0-19,29
1996,NJ,34027,Confirmed,Female,20+,110
1996,NJ,34027,Confirmed,Suppressed,20+,3
1996,NJ,34029,Confirmed,Male,0-19,31
1996,NJ,34029,Confirmed,Male,20+,45
1996,NJ,34029,Confirmed,Female,0-19,15
1996,NJ,34029,Confirmed,Female,20+,55
1996,NJ,34029,Confirmed,Suppressed,20+,1
1996,NJ,34031,Confirmed,Suppressed,Suppressed,5
1996,NJ,34033,Confirmed,Male,0-19,5
1996,NJ,34033,Confirmed,Male,20+,16
1996,NJ,34033,Confirmed,Female,0-19,6
1996,NJ,34033,Confirmed,Female,20+,15
1996,NJ,34035,Confirmed,Male,0-19,25
1996,NJ,34035,Confirmed,Male,20+,66
1996,NJ,34035,Confirmed,Male,Suppressed,1
1996,NJ,34035,Confirmed,Female,0-19,19
1996,NJ,34035,Confirmed,Female,20+,58
1996,NJ,34035,Confirmed,Female,Suppressed,1
1996,NJ,34035,Confirmed,Suppressed,0-19,3
1996,NJ,34037,Confirmed,Male,0-19,5
1996,NJ,34037,Confirmed,Male,20+,7
1996,NJ,34037,Confirmed,Female,20+,6
1996,NJ,34037,Confirmed,Female,Suppressed,3
1996,NJ,34039,Confirmed,Male,0-19,8
1996,NJ,34039,Confirmed,Male,Suppressed,2
1996,NJ,34039,Confirmed,Suppressed,0-19,4
1996,NJ,34039,Confirmed,Suppressed,Suppressed,1
1996,NJ,34041,Confirmed,Male,0-19,15
1996,NJ,34041,Confirmed,Male,20+,35
1996,NJ,34041,Confirmed,Female,0-19,13
1996,NJ,34041,Confirmed,Female,20+,24
1996,NJ,Suppressed,Confirmed,Male,Suppressed,1
1996,NJ,Suppressed,Confirmed,Suppressed,0-19,1
1996,NJ,Suppressed,Confirmed,Suppressed,Suppressed,2
1996,NY,36005,Confirmed,Male,20+,14
1996,NY,36005,Confirmed,Male,Suppressed,2
1996,NY,36005,Confirmed,Female,0-19,5
1996,NY,36005,Confirmed,Female,20+,24
1996,NY,36005,Confirmed,Suppressed,20+,2
1996,NY,36021,Confirmed,Male,0-19,23
1996,NY,36021,Confirmed,Male,20+,57
1996,NY,36021,Confirmed,Female,0-19,20
1996,NY,36021,Confirmed,Female,20+,51
1996,NY,36027,Confirmed,Male,0-19,311
1996,NY,36027,Confirmed,Male,20+,639
1996,NY,36027,Confirmed,Male,Unknown,14
1996,NY,36027,Confirmed,Female,0-19,225
1996,NY,36027,Confirmed,Female,20+,620
1996,NY,36027,Confirmed,Female,Unknown,12
1996,NY,36029,Confirmed,Female,0-19,5
1996,NY,36039,Confirmed,Male,20+,6
1996,NY,36039,Confirmed,Female,20+,5
1996,NY,36039,Confirmed,Female,Suppressed,3
1996,NY,36047,Confirmed,Male,0-19,5
1996,NY,36047,Confirmed,Male,20+,25
1996,NY,36047,Confirmed,Male,Suppressed,1
1996,NY,36047,Confirmed,Female,20+,15
1996,NY,36047,Confirmed,Female,Suppressed,3
1996,NY,36059,Confirmed,Male,0-19,24
1996,NY,36059,Confirmed,Male,20+,57
1996,NY,36059,Confirmed,Female,0-19,20
1996,NY,36059,Confirmed,Female,20+,63
1996,NY,36061,Confirmed,Male,0-19,20
1996,NY,36061,Confirmed,Male,20+,80
1996,NY,36061,Confirmed,Male,Unknown,6
1996,NY,36061,Confirmed,Female,0-19,10
1996,NY,36061,Confirmed,Female,20+,75
1996,NY,36061,Confirmed,Female,Suppressed,1
1996,NY,36061,Confirmed,Suppressed,0-19,1
1996,NY,36061,Confirmed,Suppressed,Suppressed,3
1996,NY,36065,Confirmed,Suppressed,Suppressed,5
1996,NY,36071,Confirmed,Male,0-19,46
1996,NY,36071,Confirmed,Male,20+,82
1996,NY,36071,Confirmed,Male,Suppressed,1
1996,NY,36071,Confirmed,Female,0-19,44
1996,NY,36071,Confirmed,Female,20+,94
1996,NY,36071,Confirmed,Female,Suppressed,1
1996,NY,36079,Confirmed,Male,0-19,75
1996,NY,36079,Confirmed,Male,20+,116
1996,NY,36079,Confirmed,Female,0-19,43
1996,NY,36079,Confirmed,Female,20+,102
1996,NY,36081,Confirmed,Male,0-19,6
1996,NY,36081,Confirmed,Male,20+,35
1996,NY,36081,Confirmed,Female,0-19,11
1996,NY,36081,Confirmed,Female,20+,33
1996,NY,36081,Confirmed,Female,Suppressed,1
1996,NY,36081,Confirmed,Suppressed,20+,1
1996,NY,36083,Confirmed,Male,20+,7
1996,NY,36083,Confirmed,Female,20+,5
1996,NY,36085,Confirmed,Male,20+,7
1996,NY,36085,Confirmed,Male,Suppressed,3
1996,NY,36085,Confirmed,Female,20+,10
1996,NY,36085,Confirmed,Female,Suppressed,2
1996,NY,36087,Confirmed,Male,0-19,8
1996,NY,36087,Confirmed,Male,20+,14
1996,NY,36087,Confirmed,Male,Suppressed,2
1996,NY,36087,Confirmed,Female,20+,19
1996,NY,36087,Confirmed,Female,Suppressed,2
1996,NY,36091,Confirmed,Suppressed,Suppressed,6
1996,NY,36103,Confirmed,Male,0-19,143
1996,NY,36103,Confirmed,Male,20+,440
1996,NY,36103,Confirmed,Male,Suppressed,3
1996,NY,36103,Confirmed,Female,0-19,144
1996,NY,36103,Confirmed,Female,20+,506
1996,NY,36103,Confirmed,Female,Unknown,9
1996,NY,36105,Confirmed,Female,20+,5
1996,NY,36105,Confirmed,Female,Suppressed,2
1996,NY,36105,Confirmed,Suppressed,20+,1
1996,NY,36109,Confirmed,Suppressed,Suppressed,6
1996,NY,36111,Confirmed,Male,20+,27
1996,NY,36111,Confirmed,Male,Suppressed,4
1996,NY,36111,Confirmed,Female,0-19,6
1996,NY,36111,Confirmed,Female,20+,24
1996,NY,36119,Confirmed,Male,0-19,93
1996,NY,36119,Confirmed,Male,20+,253
1996,NY,36119,Confirmed,Male,Suppressed,2
1996,NY,36119,Confirmed,Female,0-19,88
1996,NY,36119,Confirmed,Female,20+,260
1996,NY,Suppressed,Confirmed,Male,20+,14
1996,NY,Suppressed,Confirmed,Female,0-19,9
1996,NY,Suppressed,Confirmed,Suppressed,Suppressed,34
1996,OH,Suppressed,Confirmed,Female,20+,8
1996,OH,Suppressed,Confirmed,Suppressed,Suppressed,24
1996,OK,40109,Confirmed,Male,20+,5
1996,OK,40109,Confirmed,Male,Suppressed,1
1996,OK,40109,Confirmed,Suppressed,Suppressed,2
1996,OK,Suppressed,Confirmed,Male,20+,6
1996,OK,Suppressed,Confirmed,Suppressed,20+,3
1996,OK,Suppressed,Confirmed,Suppressed,Suppressed,25
1996,OR,Suppressed,Confirmed,Female,20+,7
1996,OR,Suppressed,Confirmed,Suppressed,Suppressed,12
1996,PA,42000,Confirmed,Male,Suppressed,6
1996,PA,42005,Confirmed,Male,20+,6
1996,PA,42005,Confirmed,Male,Suppressed,1
1996,PA,42005,Confirmed,Female,20+,8
1996,PA,42011,Confirmed,Male,0-19,10
1996,PA,42011,Confirmed,Male,20+,14
1996,PA,42011,Confirmed,Male,Suppressed,4
1996,PA,42011,Confirmed,Female,0-19,6
1996,PA,42011,Confirmed,Female,20+,23
1996,PA,42011,Confirmed,Female,Suppressed,1
1996,PA,42017,Confirmed,Male,0-19,56
1996,PA,42017,Confirmed,Male,20+,130
1996,PA,42017,Confirmed,Female,0-19,45
1996,PA,42017,Confirmed,Female,20+,155
1996,PA,42017,Confirmed,Female,Suppressed,1
1996,PA,42019,Confirmed,Suppressed,Suppressed,7
1996,PA,42025,Confirmed,Female,20+,5
1996,PA,42025,Confirmed,Female,Suppressed,2
1996,PA,42025,Confirmed,Suppressed,20+,1
1996,PA,42027,Confirmed,Male,0-19,22
1996,PA,42027,Confirmed,Male,20+,51
1996,PA,42027,Confirmed,Male,Suppressed,2
1996,PA,42027,Confirmed,Female,0-19,13
1996,PA,42027,Confirmed,Female,20+,37
1996,PA,42029,Confirmed,Male,0-19,127
1996,PA,42029,Confirmed,Male,20+,237
1996,PA,42029,Confirmed,Male,Suppressed,2
1996,PA,42029,Confirmed,Female,0-19,86
1996,PA,42029,Confirmed,Female,20+,229
1996,PA,42029,Confirmed,Female,Suppressed,3
1996,PA,42029,Confirmed,Suppressed,20+,4
1996,PA,42041,Confirmed,Male,20+,6
1996,PA,42041,Confirmed,Suppressed,20+,2
1996,PA,42041,Confirmed,Suppressed,Suppressed,1
1996,PA,42043,Confirmed,Female,20+,5
1996,PA,42043,Confirmed,Suppressed,Suppressed,4
1996,PA,42045,Confirmed,Male,0-19,100
1996,PA,42045,Confirmed,Male,20+,196
1996,PA,42045,Confirmed,Male,Unknown,8
1996,PA,42045,Confirmed,Female,0-19,71
1996,PA,42045,Confirmed,Female,20+,182
1996,PA,42045,Confirmed,Female,Unknown,7
1996,PA,42045,Confirmed,Suppressed,Unknown,1
1996,PA,42047,Confirmed,Female,Suppressed,5
1996,PA,42049,Confirmed,Male,0-19,6
1996,PA,42049,Confirmed,Male,20+,7
1996,PA,42049,Confirmed,Female,Suppressed,5
1996,PA,42063,Confirmed,Female,20+,5
1996,PA,42063,Confirmed,Female,Suppressed,4
1996,PA,42063,Confirmed,Suppressed,Suppressed,2
1996,PA,42071,Confirmed,Male,0-19,11
1996,PA,42071,Confirmed,Male,20+,17
1996,PA,42071,Confirmed,Male,Suppressed,1
1996,PA,42071,Confirmed,Female,20+,14
1996,PA,42071,Confirmed,Female,Suppressed,4
1996,PA,42077,Confirmed,Male,0-19,5
1996,PA,42077,Confirmed,Male,20+,14
1996,PA,42077,Confirmed,Female,20+,18
1996,PA,42077,Confirmed,Female,Suppressed,4
1996,PA,42085,Confirmed,Suppressed,Suppressed,8
1996,PA,42091,Confirmed,Male,0-19,71
1996,PA,42091,Confirmed,Male,20+,133
1996,PA,42091,Confirmed,Female,0-19,52
1996,PA,42091,Confirmed,Female,20+,137
1996,PA,42095,Confirmed,Male,0-19,18
1996,PA,42095,Confirmed,Male,20+,28
1996,PA,42095,Confirmed,Male,Suppressed,2
1996,PA,42095,Confirmed,Female,0-19,12
1996,PA,42095,Confirmed,Female,20+,44
1996,PA,42095,Confirmed,Female,Suppressed,2
1996,PA,42101,Confirmed,Male,0-19,39
1996,PA,42101,Confirmed,Male,20+,66
1996,PA,42101,Confirmed,Male,Suppressed,3
1996,PA,42101,Confirmed,Female,0-19,24
1996,PA,42101,Confirmed,Female,20+,69
1996,PA,42101,Confirmed,Female,Suppressed,4
1996,PA,42101,Confirmed,Suppressed,Suppressed,4
1996,PA,42107,Confirmed,Suppressed,Suppressed,6
1996,PA,42125,Confirmed,Suppressed,Suppressed,6
1996,PA,42129,Confirmed,Suppressed,Suppressed,6
1996,PA,42133,Confirmed,Male,0-19,5
1996,PA,42133,Confirmed,Male,20+,7
1996,PA,42133,Confirmed,Female,20+,10
1996,PA,42133,Confirmed,Female,Suppressed,3
1996,PA,Suppressed,Confirmed,Male,0-19,4
1996,PA,Suppressed,Confirmed,Female,20+,10
1996,PA,Suppressed,Confirmed,Suppressed,Suppressed,42
1996,RI,44003,Confirmed,Male,0-19,13
1996,RI,44003,Confirmed,Male,20+,26
1996,RI,44003,Confirmed,Female,0-19,7
1996,RI,44003,Confirmed,Female,20+,26
1996,RI,44003,Confirmed,Female,Suppressed,1
1996,RI,44005,Confirmed,Male,0-19,5
1996,RI,44005,Confirmed,Male,20+,8
1996,RI,44005,Confirmed,Female,20+,9
1996,RI,44005,Confirmed,Female,Suppressed,5
1996,RI,44007,Confirmed,Male,0-19,11
1996,RI,44007,Confirmed,Male,20+,13
1996,RI,44007,Confirmed,Female,0-19,12
1996,RI,44007,Confirmed,Female,20+,20
1996,RI,44007,Confirmed,Female,Suppressed,1
1996,RI,44009,Confirmed,Male,0-19,49
1996,RI,44009,Confirmed,Male,20+,145
1996,RI,44009,Confirmed,Female,0-19,39
1996,RI,44009,Confirmed,Female,20+,133
1996,RI,44009,Confirmed,Female,Suppressed,4
1996,RI,Suppressed,Confirmed,Male,20+,2
1996,RI,Suppressed,Confirmed,Male,Suppressed,1
1996,RI,Suppressed,Confirmed,Suppressed,20+,3
1996,RI,Suppressed,Confirmed,Suppressed,Suppressed,1
1996,SC,Suppressed,Confirmed,Suppressed,20+,6
1996,Suppressed,Unknown,Confirmed,Female,20+,1
1996,Suppressed,Suppressed,Confirmed,Female,Suppressed,15
1996,Suppressed,Suppressed,Confirmed,Suppressed,20+,30
1996,Suppressed,Suppressed,Confirmed,Suppressed,Suppressed,11
1996,TN,Suppressed,Confirmed,Male,20+,5
1996,TN,Suppressed,Confirmed,Suppressed,Suppressed,19
1996,TX,48201,Confirmed,Suppressed,Suppressed,5
1996,TX,48439,Confirmed,Male,20+,14
1996,TX,48439,Confirmed,Male,Suppressed,3
1996,TX,48439,Confirmed,Female,20+,26
1996,TX,48439,Confirmed,Female,Unknown,5
1996,TX,48439,Confirmed,Female,Suppressed,3
1996,TX,48439,Confirmed,Suppressed,Unknown,1
1996,TX,Suppressed,Confirmed,Male,Suppressed,3
1996,TX,Suppressed,Confirmed,Female,20+,24
1996,TX,Suppressed,Confirmed,Suppressed,Suppressed,13
1996,VA,51059,Confirmed,Female,20+,8
1996,VA,51059,Confirmed,Female,Suppressed,3
1996,VA,51059,Confirmed,Suppressed,Suppressed,6
1996,VA,Suppressed,Confirmed,Male,0-19,12
1996,VA,Suppressed,Confirmed,Female,20+,7
1996,VA,Suppressed,Confirmed,Suppressed,Suppressed,21
1996,VT,50007,Confirmed,Suppressed,Suppressed,8
1996,VT,Suppressed,Confirmed,Suppressed,20+,7
1996,VT,Suppressed,Confirmed,Suppressed,Suppressed,8
1996,WA,53033,Confirmed,Male,Suppressed,6
1996,WA,Suppressed,Confirmed,Suppressed,20+,5
1996,WA,Suppressed,Confirmed,Suppressed,Suppressed,7
1996,WI,55005,Confirmed,Male,0-19,5
1996,WI,55005,Confirmed,Male,20+,14
1996,WI,55005,Confirmed,Female,20+,6
1996,WI,55005,Confirmed,Female,Suppressed,3
1996,WI,55013,Confirmed,Male,20+,8
1996,WI,55013,Confirmed,Male,Suppressed,3
1996,WI,55013,Confirmed,Female,20+,9
1996,WI,55013,Confirmed,Female,Suppressed,3
1996,WI,55017,Confirmed,Male,0-19,5
1996,WI,55017,Confirmed,Male,20+,14
1996,WI,55017,Confirmed,Female,20+,16
1996,WI,55017,Confirmed,Female,Suppressed,4
1996,WI,55019,Confirmed,Male,20+,13
1996,WI,55019,Confirmed,Male,Suppressed,1
1996,WI,55019,Confirmed,Female,20+,8
1996,WI,55025,Confirmed,Female,Suppressed,6
1996,WI,55025,Confirmed,Suppressed,Suppressed,5
1996,WI,55031,Confirmed,Female,20+,6
1996,WI,55031,Confirmed,Suppressed,Suppressed,4
1996,WI,55033,Confirmed,Male,20+,10
1996,WI,55033,Confirmed,Male,Suppressed,3
1996,WI,55033,Confirmed,Suppressed,Suppressed,3
1996,WI,55035,Confirmed,Male,0-19,5
1996,WI,55035,Confirmed,Male,20+,15
1996,WI,55035,Confirmed,Female,0-19,5
1996,WI,55035,Confirmed,Female,20+,17
1996,WI,55063,Confirmed,Male,20+,10
1996,WI,55063,Confirmed,Male,Suppressed,2
1996,WI,55063,Confirmed,Female,Suppressed,7
1996,WI,55081,Confirmed,Male,Suppressed,5
1996,WI,55085,Confirmed,Suppressed,Suppressed,5
1996,WI,55095,Confirmed,Male,20+,8
1996,WI,55095,Confirmed,Male,Suppressed,1
1996,WI,55095,Confirmed,Female,0-19,5
1996,WI,55095,Confirmed,Female,Suppressed,2
1996,WI,55107,Confirmed,Suppressed,Suppressed,7
1996,WI,55109,Confirmed,Male,20+,6
1996,WI,55109,Confirmed,Male,Suppressed,3
1996,WI,55109,Confirmed,Female,20+,5
1996,WI,55113,Confirmed,Male,20+,6
1996,WI,55113,Confirmed,Male,Suppressed,1
1996,WI,55113,Confirmed,Suppressed,Suppressed,5
1996,WI,55123,Confirmed,Suppressed,Suppressed,6
1996,WI,55125,Confirmed,Male,20+,8
1996,WI,55125,Confirmed,Suppressed,Suppressed,2
1996,WI,55129,Confirmed,Male,0-19,10
1996,WI,55129,Confirmed,Male,20+,11
1996,WI,55129,Confirmed,Female,20+,10
1996,WI,55129,Confirmed,Female,Suppressed,4
1996,WI,55133,Confirmed,Suppressed,Suppressed,5
1996,WI,55139,Confirmed,Male,Suppressed,5
1996,WI,55141,Confirmed,Suppressed,Suppressed,6
1996,WI,Suppressed,Confirmed,Male,20+,11
1996,WI,Suppressed,Confirmed,Female,0-19,9
1996,WI,Suppressed,Confirmed,Suppressed,Suppressed,40
1996,WV,Suppressed,Confirmed,Female,20+,6
1997,AL,Suppressed,Confirmed,Suppressed,Suppressed,11
1997,AR,Suppressed,Confirmed,Male,20+,10
1997,AR,Suppressed,Confirmed,Suppressed,20+,14
1997,CA,06007,Confirmed,Male,20+,17
1997,CA,06007,Confirmed,Male,Suppressed,3
1997,CA,06007,Confirmed,Female,20+,30
1997,CA,06007,Confirmed,Female,Suppressed,3
1997,CA,06013,Confirmed,Suppressed,Suppressed,6
1997,CA,06023,Confirmed,Male,20+,8
1997,CA,06023,Confirmed,Male,Suppressed,3
1997,CA,06023,Confirmed,Female,20+,5
1997,CA,06023,Confirmed,Female,Suppressed,3
1997,CA,06037,Confirmed,Male,20+,5
1997,CA,06037,Confirmed,Suppressed,Suppressed,1
1997,CA,06061,Confirmed,Suppressed,Suppressed,5
1997,CA,06067,Confirmed,Suppressed,Suppressed,5
1997,CA,06097,Confirmed,Female,Suppressed,5
1997,CA,06097,Confirmed,Suppressed,Suppressed,5
1997,CA,Suppressed,Confirmed,Male,20+,9
1997,CA,Suppressed,Confirmed,Female,0-19,5
1997,CA,Suppressed,Confirmed,Suppressed,Suppressed,36
1997,CT,09001,Confirmed,Male,0-19,84
1997,CT,09001,Confirmed,Male,20+,178
1997,CT,09001,Confirmed,Male,Suppressed,4
1997,CT,09001,Confirmed,Female,0-19,51
1997,CT,09001,Confirmed,Female,20+,142
1997,CT,09001,Confirmed,Suppressed,20+,3
1997,CT,09003,Confirmed,Male,0-19,22
1997,CT,09003,Confirmed,Male,20+,38
1997,CT,09003,Confirmed,Male,Suppressed,2
1997,CT,09003,Confirmed,Female,0-19,15
1997,CT,09003,Confirmed,Female,20+,40
1997,CT,09005,Confirmed,Male,0-19,36
1997,CT,09005,Confirmed,Male,20+,59
1997,CT,09005,Confirmed,Male,Suppressed,3
1997,CT,09005,Confirmed,Female,0-19,20
1997,CT,09005,Confirmed,Female,20+,67
1997,CT,09005,Confirmed,Female,Suppressed,2
1997,CT,09007,Confirmed,Male,0-19,61
1997,CT,09007,Confirmed,Male,20+,85
1997,CT,09007,Confirmed,Male,Suppressed,3
1997,CT,09007,Confirmed,Female,0-19,29
1997,CT,09007,Confirmed,Female,20+,80
1997,CT,09007,Confirmed,Female,Suppressed,4
1997,CT,09009,Confirmed,Male,0-19,54
1997,CT,09009,Confirmed,Male,20+,80
1997,CT,09009,Confirmed,Female,0-19,34
1997,CT,09009,Confirmed,Female,20+,62
1997,CT,09009,Confirmed,Female,Unknown,5
1997,CT,09011,Confirmed,Male,0-19,65
1997,CT,09011,Confirmed,Male,20+,161
1997,CT,09011,Confirmed,Female,0-19,50
1997,CT,09011,Confirmed,Female,20+,119
1997,CT,09011,Confirmed,Suppressed,20+,1
1997,CT,09013,Confirmed,Male,0-19,45
1997,CT,09013,Confirmed,Male,20+,85
1997,CT,09013,Confirmed,Female,0-19,29
1997,CT,09013,Confirmed,Female,20+,63
1997,CT,09013,Confirmed,Female,Suppressed,1
1997,CT,09013,Confirmed,Suppressed,0-19,1
1997,CT,09015,Confirmed,Male,0-19,31
1997,CT,09015,Confirmed,Male,20+,102
1997,CT,09015,Confirmed,Male,Suppressed,3
1997,CT,09015,Confirmed,Female,0-19,21
1997,CT,09015,Confirmed,Female,20+,77
1997,CT,09015,Confirmed,Female,Suppressed,1
1997,CT,09015,Confirmed,Suppressed,20+,1
1997,CT,09015,Confirmed,Suppressed,Suppressed,1
1997,CT,Unknown,Confirmed,Male,0-19,22
1997,CT,Unknown,Confirmed,Male,20+,66
1997,CT,Unknown,Confirmed,Male,Unknown,8
1997,CT,Unknown,Confirmed,Female,0-19,12
1997,CT,Unknown,Confirmed,Female,20+,63
1997,CT,Unknown,Confirmed,Female,Unknown,5
1997,CT,Unknown,Confirmed,Suppressed,20+,1
1997,DC,11001,Confirmed,Suppressed,20+,7
1997,DE,10001,Confirmed,Male,0-19,6
1997,DE,10001,Confirmed,Male,20+,8
1997,DE,10001,Confirmed,Female,Suppressed,5
1997,DE,10001,Confirmed,Suppressed,20+,4
1997,DE,10003,Confirmed,Male,0-19,11
1997,DE,10003,Confirmed,Male,20+,26
1997,DE,10003,Confirmed,Female,0-19,6
1997,DE,10003,Confirmed,Female,20+,28
1997,DE,10003,Confirmed,Female,Suppressed,1
1997,DE,10005,Confirmed,Female,20+,7
1997,DE,10005,Confirmed,Female,Suppressed,2
1997,DE,10005,Confirmed,Suppressed,20+,4
1997,DE,10005,Confirmed,Suppressed,Suppressed,1
1997,FL,12091,Confirmed,Suppressed,Suppressed,5
1997,FL,12103,Confirmed,Suppressed,Suppressed,6
1997,FL,Suppressed,Confirmed,Male,20+,10
1997,FL,Suppressed,Confirmed,Suppressed,Suppressed,35
1997,GA,Unknown,Confirmed,Suppressed,20+,6
1997,IA,Suppressed,Confirmed,Suppressed,20+,6
1997,IL,Suppressed,Confirmed,Suppressed,Suppressed,9
1997,IN,Suppressed,Confirmed,Male,0-19,8
1997,IN,Suppressed,Confirmed,Female,20+,12
1997,IN,Suppressed,Confirmed,Suppressed,Suppressed,13
1997,KY,Suppressed,Confirmed,Suppressed,Suppressed,15
1997,LA,Suppressed,Confirmed,Female,20+,8
1997,LA,Suppressed,Confirmed,Suppressed,Suppressed,5
1997,MA,25001,Confirmed,Male,20+,22
1997,MA,25001,Confirmed,Male,Suppressed,4
1997,MA,25001,Confirmed,Female,0-19,7
1997,MA,25001,Confirmed,Female,20+,17
1997,MA,25001,Confirmed,Female,Suppressed,2
1997,MA,25005,Confirmed,Male,20+,9
1997,MA,25005,Confirmed,Male,Suppressed,2
1997,MA,25005,Confirmed,Female,20+,8
1997,MA,25005,Confirmed,Female,Suppressed,3
1997,MA,25007,Confirmed,Suppressed,20+,5
1997,MA,25009,Confirmed,Male,Suppressed,7
1997,MA,25009,Confirmed,Female,20+,18
1997,MA,25009,Confirmed,Female,Suppressed,5
1997,MA,25009,Confirmed,Suppressed,20+,1
1997,MA,25013,Confirmed,Male,0-19,5
1997,MA,25013,Confirmed,Male,Suppressed,4
1997,MA,25013,Confirmed,Female,20+,6
1997,MA,25017,Confirmed,Male,20+,14
1997,MA,25017,Confirmed,Male,Suppressed,2
1997,MA,25017,Confirmed,Female,20+,13
1997,MA,25017,Confirmed,Female,Suppressed,3
1997,MA,25019,Confirmed,Male,20+,18
1997,MA,25019,Confirmed,Male,Suppressed,3
1997,MA,25019,Confirmed,Female,20+,19
1997,MA,25019,Confirmed,Female,Suppressed,3
1997,MA,25021,Confirmed,Male,20+,7
1997,MA,25021,Confirmed,Male,Suppressed,3
1997,MA,25021,Confirmed,Female,20+,5
1997,MA,25021,Confirmed,Female,Suppressed,2
1997,MA,25023,Confirmed,Male,0-19,8
1997,MA,25023,Confirmed,Male,20+,6
1997,MA,25023,Confirmed,Male,Suppressed,2
1997,MA,25023,Confirmed,Female,0-19,8
1997,MA,25023,Confirmed,Female,20+,16
1997,MA,25023,Confirmed,Suppressed,20+,1
1997,MA,25027,Confirmed,Male,20+,6
1997,MA,25027,Confirmed,Male,Suppressed,4
1997,MA,25027,Confirmed,Female,20+,9
1997,MA,25027,Confirmed,Female,Suppressed,3
1997,MA,Suppressed,Confirmed,Male,20+,4
1997,MA,Suppressed,Confirmed,Male,Suppressed,2
1997,MA,Suppressed,Confirmed,Suppressed,20+,5
1997,MD,24003,Confirmed,Male,0-19,9
1997,MD,24003,Confirmed,Male,20+,19
1997,MD,24003,Confirmed,Female,0-19,7
1997,MD,24003,Confirmed,Female,20+,15
1997,MD,24005,Confirmed,Male,Suppressed,6
1997,MD,24005,Confirmed,Female,20+,5
1997,MD,24005,Confirmed,Female,Suppressed,2
1997,MD,24009,Confirmed,Male,0-19,12
1997,MD,24009,Confirmed,Male,20+,6
1997,MD,24009,Confirmed,Female,20+,7
1997,MD,24009,Confirmed,Female,Suppressed,3
1997,MD,24011,Confirmed,Male,20+,7
1997,MD,24011,Confirmed,Male,Suppressed,4
1997,MD,24011,Confirmed,Female,Suppressed,7
1997,MD,24013,Confirmed,Male,0-19,10
1997,MD,24013,Confirmed,Male,Suppressed,4
1997,MD,24013,Confirmed,Suppressed,0-19,1
1997,MD,24013,Confirmed,Suppressed,Suppressed,3
1997,MD,24015,Confirmed,Male,20+,6
1997,MD,24015,Confirmed,Male,Suppressed,2
1997,MD,24015,Confirmed,Suppressed,Suppressed,4
1997,MD,24017,Confirmed,Male,20+,8
1997,MD,24017,Confirmed,Male,Suppressed,2
1997,MD,24017,Confirmed,Female,0-19,7
1997,MD,24017,Confirmed,Female,20+,7
1997,MD,24017,Confirmed,Female,Suppressed,1
1997,MD,24021,Confirmed,Suppressed,Suppressed,6
1997,MD,24025,Confirmed,Male,0-19,18
1997,MD,24025,Confirmed,Male,20+,16
1997,MD,24025,Confirmed,Female,0-19,10
1997,MD,24025,Confirmed,Female,20+,17
1997,MD,24027,Confirmed,Male,0-19,13
1997,MD,24027,Confirmed,Male,20+,15
1997,MD,24027,Confirmed,Female,0-19,8
1997,MD,24027,Confirmed,Female,20+,16
1997,MD,24029,Confirmed,Male,0-19,6
1997,MD,24029,Confirmed,Male,20+,8
1997,MD,24029,Confirmed,Female,0-19,5
1997,MD,24029,Confirmed,Female,20+,5
1997,MD,24031,Confirmed,Male,0-19,14
1997,MD,24031,Confirmed,Male,20+,10
1997,MD,24031,Confirmed,Female,0-19,10
1997,MD,24031,Confirmed,Female,20+,7
1997,MD,24031,Confirmed,Suppressed,0-19,1
1997,MD,24033,Confirmed,Male,0-19,15
1997,MD,24033,Confirmed,Male,20+,19
1997,MD,24033,Confirmed,Female,0-19,8
1997,MD,24033,Confirmed,Female,20+,25
1997,MD,24035,Confirmed,Male,0-19,9
1997,MD,24035,Confirmed,Male,20+,7
1997,MD,24035,Confirmed,Female,0-19,5
1997,MD,24035,Confirmed,Female,20+,11
1997,MD,24041,Confirmed,Male,20+,6
1997,MD,24041,Confirmed,Male,Suppressed,1
1997,MD,24041,Confirmed,Female,20+,6
1997,MD,24047,Confirmed,Female,20+,7
1997,MD,24047,Confirmed,Female,Suppressed,4
1997,MD,24047,Confirmed,Suppressed,20+,3
1997,MD,24047,Confirmed,Suppressed,Suppressed,1
1997,MD,24510,Confirmed,Suppressed,Suppressed,5
1997,MD,Suppressed,Confirmed,Male,20+,4
1997,MD,Suppressed,Confirmed,Female,0-19,1
1997,MD,Suppressed,Confirmed,Suppressed,Suppressed,8
1997,ME,23005,Confirmed,Female,Suppressed,5
1997,ME,23031,Confirmed,Male,Suppressed,7
1997,ME,23031,Confirmed,Female,Suppressed,5
1997,ME,Suppressed,Confirmed,Male,Suppressed,5
1997,ME,Suppressed,Confirmed,Suppressed,Suppressed,12
1997,MI,26081,Confirmed,Suppressed,Suppressed,5
1997,MI,Suppressed,Confirmed,Male,20+,5
1997,MI,Suppressed,Confirmed,Suppressed,Suppressed,17
1997,MN,27003,Confirmed,Male,0-19,7
1997,MN,27003,Confirmed,Male,20+,7
1997,MN,27003,Confirmed,Female,Suppressed,5
1997,MN,27025,Confirmed,Suppressed,Suppressed,10
1997,MN,27035,Confirmed,Male,0-19,6
1997,MN,27035,Confirmed,Male,20+,11
1997,MN,27035,Confirmed,Female,0-19,6
1997,MN,27035,Confirmed,Female,20+,6
1997,MN,27037,Confirmed,Male,20+,8
1997,MN,27037,Confirmed,Male,Suppressed,3
1997,MN,27037,Confirmed,Suppressed,Suppressed,3
1997,MN,27053,Confirmed,Male,0-19,8
1997,MN,27053,Confirmed,Male,20+,13
1997,MN,27053,Confirmed,Female,20+,7
1997,MN,27053,Confirmed,Female,Suppressed,3
1997,MN,27059,Confirmed,Suppressed,Suppressed,5
1997,MN,27065,Confirmed,Suppressed,Suppressed,9
1997,MN,27109,Confirmed,Suppressed,Suppressed,5
1997,MN,27115,Confirmed,Male,20+,6
1997,MN,27115,Confirmed,Male,Suppressed,4
1997,MN,27115,Confirmed,Female,20+,7
1997,MN,27115,Confirmed,Female,Suppressed,1
1997,MN,27123,Confirmed,Male,0-19,7
1997,MN,27123,Confirmed,Male,20+,21
1997,MN,27123,Confirmed,Female,0-19,5
1997,MN,27123,Confirmed,Female,20+,9
1997,MN,27137,Confirmed,Suppressed,Suppressed,6
1997,MN,27163,Confirmed,Male,20+,13
1997,MN,27163,Confirmed,Male,Suppressed,4
1997,MN,27163,Confirmed,Female,0-19,9
1997,MN,27163,Confirmed,Female,Suppressed,2
1997,MN,Suppressed,Confirmed,Male,20+,9
1997,MN,Suppressed,Confirmed,Female,0-19,4
1997,MN,Suppressed,Confirmed,Suppressed,Suppressed,27
1997,MO,Suppressed,Confirmed,Male,0-19,7
1997,MO,Suppressed,Confirmed,Female,20+,10
1997,MO,Suppressed,Confirmed,Suppressed,Suppressed,11
1997,MS,28049,Confirmed,Suppressed,Suppressed,6
1997,MS,Suppressed,Confirmed,Male,20+,6
1997,MS,Suppressed,Confirmed,Suppressed,Suppressed,15
1997,NC,37173,Confirmed,Male,Suppressed,6
1997,NC,37183,Confirmed,Suppressed,Suppressed,5
1997,NC,Suppressed,Confirmed,Female,20+,11
1997,NC,Suppressed,Confirmed,Suppressed,Suppressed,12
1997,NH,33003,Confirmed,Female,20+,5
1997,NH,33003,Confirmed,Female,Suppressed,1
1997,NH,33011,Confirmed,Male,Suppressed,5
1997,NH,33015,Confirmed,Suppressed,Suppressed,6
1997,NH,Suppressed,Confirmed,Female,20+,8
1997,NH,Suppressed,Confirmed,Suppressed,20+,3
1997,NH,Suppressed,Confirmed,Suppressed,Suppressed,11
1997,NJ,34001,Confirmed,Male,0-19,9
1997,NJ,34001,Confirmed,Male,20+,20
1997,NJ,34001,Confirmed,Female,0-19,5
1997,NJ,34001,Confirmed,Female,20+,32
1997,NJ,34001,Confirmed,Suppressed,20+,1
1997,NJ,34003,Confirmed,Male,0-19,5
1997,NJ,34003,Confirmed,Male,20+,6
1997,NJ,34003,Confirmed,Female,20+,8
1997,NJ,34003,Confirmed,Female,Suppressed,3
1997,NJ,34003,Confirmed,Suppressed,20+,1
1997,NJ,34005,Confirmed,Male,0-19,32
1997,NJ,34005,Confirmed,Male,20+,32
1997,NJ,34005,Confirmed,Female,0-19,10
1997,NJ,34005,Confirmed,Female,20+,43
1997,NJ,34005,Confirmed,Unknown,20+,6
1997,NJ,34005,Confirmed,Unknown,Suppressed,3
1997,NJ,34007,Confirmed,Male,0-19,6
1997,NJ,34007,Confirmed,Male,20+,11
1997,NJ,34007,Confirmed,Female,0-19,5
1997,NJ,34007,Confirmed,Female,20+,16
1997,NJ,34007,Confirmed,Suppressed,0-19,1
1997,NJ,34009,Confirmed,Male,20+,13
1997,NJ,34009,Confirmed,Male,Suppressed,4
1997,NJ,34009,Confirmed,Female,0-19,5
1997,NJ,34009,Confirmed,Female,20+,19
1997,NJ,34009,Confirmed,Suppressed,0-19,1
1997,NJ,34009,Confirmed,Suppressed,Suppressed,1
1997,NJ,34011,Confirmed,Male,20+,8
1997,NJ,34011,Confirmed,Male,Suppressed,3
1997,NJ,34011,Confirmed,Female,20+,12
1997,NJ,34011,Confirmed,Unknown,20+,7
1997,NJ,34013,Confirmed,Female,Suppressed,7
1997,NJ,34015,Confirmed,Male,0-19,10
1997,NJ,34015,Confirmed,Male,20+,17
1997,NJ,34015,Confirmed,Female,0-19,6
1997,NJ,34015,Confirmed,Female,20+,29
1997,NJ,34015,Confirmed,Suppressed,20+,2
1997,NJ,34015,Confirmed,Suppressed,Suppressed,1
1997,NJ,34017,Confirmed,Suppressed,20+,6
1997,NJ,34019,Confirmed,Male,0-19,91
1997,NJ,34019,Confirmed,Male,20+,175
1997,NJ,34019,Confirmed,Male,Suppressed,1
1997,NJ,34019,Confirmed,Female,0-19,45
1997,NJ,34019,Confirmed,Female,20+,174
1997,NJ,34019,Confirmed,Female,Suppressed,1
1997,NJ,34019,Confirmed,Suppressed,20+,3
1997,NJ,34019,Confirmed,Suppressed,Suppressed,1
1997,NJ,34021,Confirmed,Male,0-19,17
1997,NJ,34021,Confirmed,Male,20+,30
1997,NJ,34021,Confirmed,Female,0-19,5
1997,NJ,34021,Confirmed,Female,20+,25
1997,NJ,34021,Confirmed,Unknown,20+,6
1997,NJ,34021,Confirmed,Unknown,Suppressed,2
1997,NJ,34023,Confirmed,Male,0-19,14
1997,NJ,34023,Confirmed,Male,20+,24
1997,NJ,34023,Confirmed,Female,0-19,13
1997,NJ,34023,Confirmed,Female,20+,27
1997,NJ,34023,Confirmed,Suppressed,20+,1
1997,NJ,34023,Confirmed,Suppressed,Suppressed,1
1997,NJ,34025,Confirmed,Male,0-19,25
1997,NJ,34025,Confirmed,Male,20+,31
1997,NJ,34025,Confirmed,Female,0-19,13
1997,NJ,34025,Confirmed,Female,20+,34
1997,NJ,34025,Confirmed,Female,Suppressed,1
1997,NJ,34025,Confirmed,Suppressed,20+,1
1997,NJ,34027,Confirmed,Male,0-19,35
1997,NJ,34027,Confirmed,Male,20+,124
1997,NJ,34027,Confirmed,Female,0-19,27
1997,NJ,34027,Confirmed,Female,20+,140
1997,NJ,34027,Confirmed,Suppressed,20+,2
1997,NJ,34027,Confirmed,Suppressed,Suppressed,2
1997,NJ,34029,Confirmed,Male,0-19,22
1997,NJ,34029,Confirmed,Male,20+,23
1997,NJ,34029,Confirmed,Female,0-19,12
1997,NJ,34029,Confirmed,Female,20+,39
1997,NJ,34029,Confirmed,Suppressed,20+,4
1997,NJ,34029,Confirmed,Suppressed,Suppressed,2
1997,NJ,34033,Confirmed,Male,0-19,13
1997,NJ,34033,Confirmed,Male,20+,17
1997,NJ,34033,Confirmed,Female,20+,13
1997,NJ,34033,Confirmed,Female,Suppressed,3
1997,NJ,34033,Confirmed,Suppressed,0-19,1
1997,NJ,34035,Confirmed,Male,0-19,46
1997,NJ,34035,Confirmed,Male,20+,68
1997,NJ,34035,Confirmed,Female,0-19,37
1997,NJ,34035,Confirmed,Female,20+,73
1997,NJ,34035,Confirmed,Unknown,20+,5
1997,NJ,34035,Confirmed,Unknown,Suppressed,3
1997,NJ,34037,Confirmed,Male,20+,12
1997,NJ,34037,Confirmed,Male,Suppressed,2
1997,NJ,34037,Confirmed,Female,20+,10
1997,NJ,34037,Confirmed,Female,Suppressed,2
1997,NJ,34039,Confirmed,Suppressed,0-19,7
1997,NJ,34041,Confirmed,Male,0-19,21
1997,NJ,34041,Confirmed,Male,20+,38
1997,NJ,34041,Confirmed,Female,0-19,17
1997,NJ,34041,Confirmed,Female,20+,38
1997,NJ,34041,Confirmed,Suppressed,0-19,1
1997,NJ,Suppressed,Confirmed,Female,20+,1
1997,NJ,Suppressed,Confirmed,Suppressed,20+,8
1997,NJ,Suppressed,Confirmed,Suppressed,Suppressed,6
1997,NY,36001,Confirmed,Suppressed,20+,6
1997,NY,36005,Confirmed,Male,20+,6
1997,NY,36005,Confirmed,Male,Suppressed,2
1997,NY,36005,Confirmed,Female,20+,12
1997,NY,36005,Confirmed,Female,Suppressed,1
1997,NY,36021,Confirmed,Male,0-19,12
1997,NY,36021,Confirmed,Male,20+,59
1997,NY,36021,Confirmed,Female,0-19,14
1997,NY,36021,Confirmed,Female,20+,50
1997,NY,36027,Confirmed,Male,0-19,183
1997,NY,36027,Confirmed,Male,20+,340
1997,NY,36027,Confirmed,Male,Unknown,5
1997,NY,36027,Confirmed,Female,0-19,144
1997,NY,36027,Confirmed,Female,20+,358
1997,NY,36027,Confirmed,Female,Unknown,13
1997,NY,36039,Confirmed,Female,20+,8
1997,NY,36039,Confirmed,Female,Suppressed,2
1997,NY,36039,Confirmed,Suppressed,20+,3
1997,NY,36039,Confirmed,Suppressed,Suppressed,1
1997,NY,36047,Confirmed,Male,20+,14
1997,NY,36047,Confirmed,Male,Suppressed,4
1997,NY,36047,Confirmed,Female,20+,13
1997,NY,36047,Confirmed,Female,Suppressed,4
1997,NY,36059,Confirmed,Male,0-19,14
1997,NY,36059,Confirmed,Male,20+,34
1997,NY,36059,Confirmed,Female,0-19,14
1997,NY,36059,Confirmed,Female,20+,58
1997,NY,36059,Confirmed,Female,Suppressed,1
1997,NY,36061,Confirmed,Male,20+,32
1997,NY,36061,Confirmed,Male,Suppressed,8
1997,NY,36061,Confirmed,Female,0-19,5
1997,NY,36061,Confirmed,Female,20+,23
1997,NY,36071,Confirmed,Male,0-19,45
1997,NY,36071,Confirmed,Male,20+,80
1997,NY,36071,Confirmed,Female,0-19,33
1997,NY,36071,Confirmed,Female,20+,107
1997,NY,36079,Confirmed,Male,0-19,33
1997,NY,36079,Confirmed,Male,20+,53
1997,NY,36079,Confirmed,Female,0-19,22
1997,NY,36079,Confirmed,Female,20+,43
1997,NY,36081,Confirmed,Male,0-19,5
1997,NY,36081,Confirmed,Male,20+,12
1997,NY,36081,Confirmed,Male,Suppressed,1
1997,NY,36081,Confirmed,Female,20+,25
1997,NY,36081,Confirmed,Female,Suppressed,1
1997,NY,36083,Confirmed,Female,20+,5
1997,NY,36083,Confirmed,Suppressed,Suppressed,4
1997,NY,36085,Confirmed,Suppressed,20+,8
1997,NY,36087,Confirmed,Male,0-19,15
1997,NY,36087,Confirmed,Male,20+,26
1997,NY,36087,Confirmed,Female,0-19,13
1997,NY,36087,Confirmed,Female,20+,28
1997,NY,36087,Confirmed,Female,Suppressed,1
1997,NY,36103,Confirmed,Male,0-19,91
1997,NY,36103,Confirmed,Male,20+,316
1997,NY,36103,Confirmed,Male,Suppressed,1
1997,NY,36103,Confirmed,Female,0-19,91
1997,NY,36103,Confirmed,Female,20+,342
1997,NY,36103,Confirmed,Female,Suppressed,1
1997,NY,36111,Confirmed,Male,0-19,16
1997,NY,36111,Confirmed,Male,20+,40
1997,NY,36111,Confirmed,Female,0-19,16
1997,NY,36111,Confirmed,Female,20+,35
1997,NY,36111,Confirmed,Female,Suppressed,1
1997,NY,36119,Confirmed,Male,0-19,44
1997,NY,36119,Confirmed,Male,20+,114
1997,NY,36119,Confirmed,Male,Suppressed,1
1997,NY,36119,Confirmed,Female,0-19,35
1997,NY,36119,Confirmed,Female,20+,99
1997,NY,Suppressed,Confirmed,Male,20+,20
1997,NY,Suppressed,Confirmed,Male,Suppressed,20
1997,NY,Suppressed,Confirmed,Suppressed,20+,35
1997,NY,Suppressed,Confirmed,Suppressed,Suppressed,6
1997,OH,Suppressed,Confirmed,Female,20+,15
1997,OH,Suppressed,Confirmed,Suppressed,Suppressed,25
1997,OK,40109,Confirmed,Female,20+,8
1997,OK,40109,Confirmed,Female,Suppressed,1
1997,OK,40109,Confirmed,Suppressed,Suppressed,4
1997,OK,Suppressed,Confirmed,Male,0-19,5
1997,OK,Suppressed,Confirmed,Female,20+,11
1997,OK,Suppressed,Confirmed,Suppressed,Suppressed,16
1997,OR,41029,Confirmed,Male,20+,5
1997,OR,41029,Confirmed,Male,Suppressed,1
1997,OR,Suppressed,Confirmed,Female,20+,5
1997,OR,Suppressed,Confirmed,Suppressed,20+,5
1997,OR,Suppressed,Confirmed,Suppressed,Suppressed,4
1997,PA,42001,Confirmed,Suppressed,Suppressed,5
1997,PA,42003,Confirmed,Male,20+,5
1997,PA,42003,Confirmed,Suppressed,Suppressed,3
1997,PA,42011,Confirmed,Male,0-19,16
1997,PA,42011,Confirmed,Male,20+,25
1997,PA,42011,Confirmed,Female,0-19,5
1997,PA,42011,Confirmed,Female,20+,31
1997,PA,42011,Confirmed,Female,Suppressed,3
1997,PA,42011,Confirmed,Suppressed,20+,1
1997,PA,42013,Confirmed,Suppressed,Suppressed,5
1997,PA,42017,Confirmed,Male,0-19,68
1997,PA,42017,Confirmed,Male,20+,118
1997,PA,42017,Confirmed,Female,0-19,50
1997,PA,42017,Confirmed,Female,20+,140
1997,PA,42019,Confirmed,Suppressed,Suppressed,7
1997,PA,42023,Confirmed,Female,Suppressed,6
1997,PA,42029,Confirmed,Male,0-19,101
1997,PA,42029,Confirmed,Male,20+,203
1997,PA,42029,Confirmed,Male,Unknown,12
1997,PA,42029,Confirmed,Female,0-19,70
1997,PA,42029,Confirmed,Female,20+,180
1997,PA,42029,Confirmed,Female,Unknown,8
1997,PA,42029,Confirmed,Suppressed,20+,1
1997,PA,42033,Confirmed,Male,20+,6
1997,PA,42033,Confirmed,Male,Suppressed,2
1997,PA,42033,Confirmed,Female,20+,6
1997,PA,42033,Confirmed,Female,Suppressed,1
1997,PA,42041,Confirmed,Suppressed,Suppressed,6
1997,PA,42043,Confirmed,Male,20+,7
1997,PA,42043,Confirmed,Male,Suppressed,1
1997,PA,42043,Confirmed,Suppressed,Suppressed,4
1997,PA,42045,Confirmed,Male,0-19,73
1997,PA,42045,Confirmed,Male,20+,155
1997,PA,42045,Confirmed,Male,Unknown,14
1997,PA,42045,Confirmed,Female,0-19,51
1997,PA,42045,Confirmed,Female,20+,127
1997,PA,42045,Confirmed,Female,Unknown,8
1997,PA,42047,Confirmed,Female,Suppressed,5
1997,PA,42047,Confirmed,Suppressed,Suppressed,5
1997,PA,42049,Confirmed,Male,Suppressed,5
1997,PA,42071,Confirmed,Male,0-19,7
1997,PA,42071,Confirmed,Male,20+,16
1997,PA,42071,Confirmed,Female,20+,10
1997,PA,42071,Confirmed,Female,Suppressed,3
1997,PA,42075,Confirmed,Suppressed,Suppressed,5
1997,PA,42077,Confirmed,Male,20+,6
1997,PA,42077,Confirmed,Male,Suppressed,1
1997,PA,42077,Confirmed,Female,20+,5
1997,PA,42077,Confirmed,Female,Suppressed,3
1997,PA,42085,Confirmed,Suppressed,Suppressed,7
1997,PA,42091,Confirmed,Male,0-19,53
1997,PA,42091,Confirmed,Male,20+,84
1997,PA,42091,Confirmed,Female,0-19,33
1997,PA,42091,Confirmed,Female,20+,85
1997,PA,42095,Confirmed,Male,20+,11
1997,PA,42095,Confirmed,Male,Suppressed,3
1997,PA,42095,Confirmed,Female,0-19,5
1997,PA,42095,Confirmed,Female,20+,8
1997,PA,42095,Confirmed,Female,Suppressed,1
1997,PA,42101,Confirmed,Male,0-19,31
1997,PA,42101,Confirmed,Male,20+,54
1997,PA,42101,Confirmed,Male,Suppressed,1
1997,PA,42101,Confirmed,Female,0-19,21
1997,PA,42101,Confirmed,Female,20+,67
1997,PA,42101,Confirmed,Female,Suppressed,1
1997,PA,42101,Confirmed,Suppressed,0-19,1
1997,PA,42129,Confirmed,Female,20+,5
1997,PA,42129,Confirmed,Female,Suppressed,2
1997,PA,42129,Confirmed,Suppressed,20+,2
1997,PA,42129,Confirmed,Suppressed,Suppressed,1
1997,PA,42133,Confirmed,Male,0-19,7
1997,PA,42133,Confirmed,Male,20+,14
1997,PA,42133,Confirmed,Female,20+,17
1997,PA,Suppressed,Confirmed,Male,20+,15
1997,PA,Suppressed,Confirmed,Female,0-19,3
1997,PA,Suppressed,Confirmed,Suppressed,Suppressed,61
1997,RI,44003,Confirmed,Male,0-19,8
1997,RI,44003,Confirmed,Male,20+,36
1997,RI,44003,Confirmed,Female,0-19,5
1997,RI,44003,Confirmed,Female,20+,24
1997,RI,44005,Confirmed,Male,0-19,5
1997,RI,44005,Confirmed,Male,20+,8
1997,RI,44005,Confirmed,Female,20+,5
1997,RI,44005,Confirmed,Female,Suppressed,3
1997,RI,44007,Confirmed,Male,0-19,14
1997,RI,44007,Confirmed,Male,20+,27
1997,RI,44007,Confirmed,Female,0-19,14
1997,RI,44007,Confirmed,Female,20+,24
1997,RI,44009,Confirmed,Male,0-19,50
1997,RI,44009,Confirmed,Male,20+,91
1997,RI,44009,Confirmed,Female,0-19,29
1997,RI,44009,Confirmed,Female,20+,92
1997,RI,Suppressed,Confirmed,Female,20+,2
1997,RI,Suppressed,Confirmed,Female,Suppressed,1
1997,RI,Suppressed,Confirmed,Suppressed,20+,1
1997,RI,Suppressed,Confirmed,Suppressed,Suppressed,3
1997,Suppressed,Suppressed,Confirmed,Male,Suppressed,7
1997,Suppressed,Suppressed,Confirmed,Suppressed,0-19,12
1997,Suppressed,Suppressed,Confirmed,Suppressed,Suppressed,30
1997,TN,Suppressed,Confirmed,Female,20+,7
1997,TN,Suppressed,Confirmed,Suppressed,Suppressed,38
1997,TX,48439,Confirmed,Female,20+,22
1997,TX,48439,Confirmed,Suppressed,Suppressed,4
1997,TX,Suppressed,Confirmed,Female,20+,12
1997,TX,Suppressed,Confirmed,Suppressed,20+,4
1997,TX,Suppressed,Confirmed,Suppressed,Suppressed,18
1997,VA,51059,Confirmed,Male,Suppressed,5
1997,VA,51107,Confirmed,Male,Suppressed,5
1997,VA,51153,Confirmed,Male,Suppressed,5
1997,VA,Suppressed,Confirmed,Male,20+,14
1997,VA,Suppressed,Confirmed,Suppressed,Suppressed,38
1997,VT,Suppressed,Confirmed,Suppressed,20+,8
1997,WA,Suppressed,Confirmed,Female,20+,5
1997,WA,Suppressed,Confirmed,Suppressed,Suppressed,6
1997,WI,55005,Confirmed,Male,0-19,7
1997,WI,55005,Confirmed,Male,20+,8
1997,WI,55005,Confirmed,Female,0-19,8
1997,WI,55005,Confirmed,Female,Suppressed,3
1997,WI,55013,Confirmed,Male,0-19,5
1997,WI,55013,Confirmed,Male,20+,8
1997,WI,55013,Confirmed,Female,20+,6
1997,WI,55013,Confirmed,Female,Suppressed,2
1997,WI,55017,Confirmed,Male,0-19,13
1997,WI,55017,Confirmed,Male,20+,9
1997,WI,55017,Confirmed,Female,0-19,8
1997,WI,55017,Confirmed,Female,20+,5
1997,WI,55019,Confirmed,Male,0-19,5
1997,WI,55019,Confirmed,Male,20+,9
1997,WI,55019,Confirmed,Female,20+,8
1997,WI,55019,Confirmed,Female,Suppressed,4
1997,WI,55025,Confirmed,Male,20+,7
1997,WI,55025,Confirmed,Male,Suppressed,4
1997,WI,55025,Confirmed,Female,20+,7
1997,WI,55025,Confirmed,Female,Suppressed,4
1997,WI,55031,Confirmed,Suppressed,Suppressed,6
1997,WI,55033,Confirmed,Male,0-19,10
1997,WI,55033,Confirmed,Male,Suppressed,3
1997,WI,55033,Confirmed,Female,Suppressed,6
1997,WI,55035,Confirmed,Male,0-19,19
1997,WI,55035,Confirmed,Male,Suppressed,4
1997,WI,55035,Confirmed,Female,0-19,8
1997,WI,55035,Confirmed,Female,20+,5
1997,WI,55049,Confirmed,Male,20+,5
1997,WI,55049,Confirmed,Male,Suppressed,4
1997,WI,55049,Confirmed,Suppressed,Suppressed,4
1997,WI,55053,Confirmed,Suppressed,Suppressed,5
1997,WI,55063,Confirmed,Male,0-19,6
1997,WI,55063,Confirmed,Male,20+,11
1997,WI,55063,Confirmed,Female,20+,7
1997,WI,55063,Confirmed,Female,Suppressed,3
1997,WI,55073,Confirmed,Male,Suppressed,6
1997,WI,55081,Confirmed,Male,0-19,5
1997,WI,55081,Confirmed,Male,Suppressed,2
1997,WI,55081,Confirmed,Female,0-19,6
1997,WI,55081,Confirmed,Female,20+,6
1997,WI,55085,Confirmed,Male,Suppressed,6
1997,WI,55093,Confirmed,Suppressed,Suppressed,6
1997,WI,55095,Confirmed,Male,0-19,6
1997,WI,55095,Confirmed,Male,20+,6
1997,WI,55095,Confirmed,Female,20+,7
1997,WI,55095,Confirmed,Female,Suppressed,2
1997,WI,55097,Confirmed,Male,Suppressed,6
1997,WI,55097,Confirmed,Female,Suppressed,7
1997,WI,55103,Confirmed,Female,Suppressed,7
1997,WI,55107,Confirmed,Male,0-19,8
1997,WI,55107,Confirmed,Male,Suppressed,2
1997,WI,55107,Confirmed,Suppressed,Suppressed,3
1997,WI,55109,Confirmed,Suppressed,Suppressed,7
1997,WI,55111,Confirmed,Male,20+,8
1997,WI,55111,Confirmed,Male,Suppressed,4
1997,WI,55111,Confirmed,Suppressed,20+,4
1997,WI,55111,Confirmed,Suppressed,Suppressed,2
1997,WI,55113,Confirmed,Male,0-19,5
1997,WI,55113,Confirmed,Male,Suppressed,2
1997,WI,55113,Confirmed,Suppressed,Suppressed,2
1997,WI,55119,Confirmed,Suppressed,Suppressed,7
1997,WI,55121,Confirmed,Female,Suppressed,5
1997,WI,55129,Confirmed,Male,0-19,10
1997,WI,55129,Confirmed,Male,20+,9
1997,WI,55129,Confirmed,Female,0-19,5
1997,WI,55129,Confirmed,Female,20+,7
1997,WI,55141,Confirmed,Female,20+,7
1997,WI,55141,Confirmed,Female,Suppressed,1
1997,WI,55141,Confirmed,Suppressed,Suppressed,7
1997,WI,Suppressed,Confirmed,Male,0-19,4
1997,WI,Suppressed,Confirmed,Female,20+,7
1997,WI,Suppressed,Confirmed,Suppressed,Suppressed,50
1997,WV,Suppressed,Confirmed,Female,20+,8
1998,AL,Suppressed,Confirmed,Female,20+,6
1998,AL,Suppressed,Confirmed,Suppressed,Suppressed,15
1998,CA,06001,Confirmed,Suppressed,Suppressed,6
1998,CA,06007,Confirmed,Male,20+,5
1998,CA,06007,Confirmed,Female,20+,5
1998,CA,06007,Confirmed,Female,Suppressed,2
1998,CA,06007,Confirmed,Suppressed,20+,1
1998,CA,06023,Confirmed,Male,20+,10
1998,CA,06023,Confirmed,Male,Suppressed,1
1998,CA,06023,Confirmed,Female,20+,8
1998,CA,06023,Confirmed,Female,Suppressed,1
1998,CA,06041,Confirmed,Female,Suppressed,5
1998,CA,06045,Confirmed,Male,20+,6
1998,CA,06045,Confirmed,Male,Suppressed,1
1998,CA,06045,Confirmed,Female,20+,5
1998,CA,06045,Confirmed,Female,Suppressed,4
1998,CA,06075,Confirmed,Female,Suppressed,6
1998,CA,06085,Confirmed,Suppressed,Suppressed,6
1998,CA,06097,Confirmed,Male,Suppressed,7
1998,CA,06097,Confirmed,Female,20+,6
1998,CA,06097,Confirmed,Female,Suppressed,2
1998,CA,Suppressed,Confirmed,Male,20+,10
1998,CA,Suppressed,Confirmed,Female,Suppressed,4
1998,CA,Suppressed,Confirmed,Suppressed,Suppressed,34
1998,CT,09001,Confirmed,Male,0-19,149
1998,CT,09001,Confirmed,Male,20+,317
1998,CT,09001,Confirmed,Male,Suppressed,1
1998,CT,09001,Confirmed,Female,0-19,93
1998,CT,09001,Confirmed,Female,20+,248
1998,CT,09001,Confirmed,Female,Unknown,6
1998,CT,09003,Confirmed,Male,0-19,33
1998,CT,09003,Confirmed,Male,20+,61
1998,CT,09003,Confirmed,Male,Suppressed,1
1998,CT,09003,Confirmed,Female,0-19,27
1998,CT,09003,Confirmed,Female,20+,72
1998,CT,09003,Confirmed,Female,Suppressed,1
1998,CT,09005,Confirmed,Male,0-19,45
1998,CT,09005,Confirmed,Male,20+,128
1998,CT,09005,Confirmed,Male,Suppressed,3
1998,CT,09005,Confirmed,Female,0-19,29
1998,CT,09005,Confirmed,Female,20+,125
1998,CT,09005,Confirmed,Female,Suppressed,1
1998,CT,09007,Confirmed,Male,0-19,52
1998,CT,09007,Confirmed,Male,20+,97
1998,CT,09007,Confirmed,Male,Suppressed,2
1998,CT,09007,Confirmed,Female,0-19,54
1998,CT,09007,Confirmed,Female,20+,103
1998,CT,09007,Confirmed,Female,Suppressed,3
1998,CT,09009,Confirmed,Male,0-19,79
1998,CT,09009,Confirmed,Male,20+,122
1998,CT,09009,Confirmed,Male,Unknown,6
1998,CT,09009,Confirmed,Female,0-19,60
1998,CT,09009,Confirmed,Female,20+,117
1998,CT,09009,Confirmed,Female,Unknown,6
1998,CT,09009,Confirmed,Suppressed,20+,2
1998,CT,09009,Confirmed,Suppressed,Suppressed,1
1998,CT,09011,Confirmed,Male,0-19,135
1998,CT,09011,Confirmed,Male,20+,191
1998,CT,09011,Confirmed,Male,Suppressed,4
1998,CT,09011,Confirmed,Female,0-19,90
1998,CT,09011,Confirmed,Female,20+,188
1998,CT,09011,Confirmed,Female,Suppressed,1
1998,CT,09011,Confirmed,Suppressed,20+,1
1998,CT,09013,Confirmed,Male,0-19,49
1998,CT,09013,Confirmed,Male,20+,101
1998,CT,09013,Confirmed,Male,Suppressed,1
1998,CT,09013,Confirmed,Female,0-19,53
1998,CT,09013,Confirmed,Female,20+,88
1998,CT,09013,Confirmed,Suppressed,20+,1
1998,CT,09015,Confirmed,Male,0-19,57
1998,CT,09015,Confirmed,Male,20+,133
1998,CT,09015,Confirmed,Male,Suppressed,3
1998,CT,09015,Confirmed,Female,0-19,48
1998,CT,09015,Confirmed,Female,20+,133
1998,CT,09015,Confirmed,Female,Suppressed,1
1998,CT,Unknown,Confirmed,Male,0-19,15
1998,CT,Unknown,Confirmed,Male,20+,45
1998,CT,Unknown,Confirmed,Male,Unknown,5
1998,CT,Unknown,Confirmed,Female,0-19,14
1998,CT,Unknown,Confirmed,Female,20+,27
1998,CT,Unknown,Confirmed,Female,Suppressed,4
1998,CT,Unknown,Confirmed,Suppressed,20+,2
1998,DE,10001,Confirmed,Female,20+,7
1998,DE,10001,Confirmed,Female,Suppressed,2
1998,DE,10001,Confirmed,Suppressed,20+,4
1998,DE,10001,Confirmed,Suppressed,Suppressed,3
1998,DE,10003,Confirmed,Male,0-19,9
1998,DE,10003,Confirmed,Male,20+,17
1998,DE,10003,Confirmed,Female,0-19,5
1998,DE,10003,Confirmed,Female,20+,21
1998,DE,10003,Confirmed,Suppressed,20+,1
1998,DE,10005,Confirmed,Male,20+,5
1998,DE,10005,Confirmed,Male,Suppressed,1
1998,DE,10005,Confirmed,Suppressed,20+,1
1998,DE,Suppressed,Confirmed,Female,0-19,1
1998,FL,12061,Confirmed,Suppressed,Suppressed,6
1998,FL,12069,Confirmed,Suppressed,Suppressed,5
1998,FL,12071,Confirmed,Suppressed,Suppressed,5
1998,FL,12099,Confirmed,Suppressed,Suppressed,5
1998,FL,12103,Confirmed,Female,20+,6
1998,FL,12103,Confirmed,Female,Suppressed,2
1998,FL,12103,Confirmed,Suppressed,20+,3
1998,FL,Suppressed,Confirmed,Male,20+,5
1998,FL,Suppressed,Confirmed,Female,Suppressed,3
1998,FL,Suppressed,Confirmed,Suppressed,Suppressed,31
1998,IA,Suppressed,Confirmed,Male,20+,9
1998,IA,Suppressed,Confirmed,Suppressed,20+,5
1998,IA,Suppressed,Confirmed,Suppressed,Suppressed,9
1998,IL,Suppressed,Confirmed,Female,20+,5
1998,IL,Suppressed,Confirmed,Suppressed,Suppressed,9
1998,IN,Suppressed,Confirmed,Male,20+,6
1998,IN,Suppressed,Confirmed,Suppressed,Suppressed,33
1998,KS,Suppressed,Confirmed,Suppressed,20+,11
1998,KY,Unknown,Confirmed,Male,20+,9
1998,KY,Unknown,Confirmed,Male,Suppressed,2
1998,KY,Unknown,Confirmed,Suppressed,20+,3
1998,KY,Unknown,Confirmed,Suppressed,Suppressed,1
1998,KY,Suppressed,Confirmed,Male,Suppressed,4
1998,KY,Suppressed,Confirmed,Suppressed,20+,5
1998,KY,Suppressed,Confirmed,Suppressed,Suppressed,3
1998,LA,Suppressed,Confirmed,Male,20+,8
1998,LA,Suppressed,Confirmed,Suppressed,20+,5
1998,MA,25001,Confirmed,Male,0-19,38
1998,MA,25001,Confirmed,Male,20+,41
1998,MA,25001,Confirmed,Female,0-19,18
1998,MA,25001,Confirmed,Female,20+,47
1998,MA,25001,Confirmed,Female,Suppressed,1
1998,MA,25003,Confirmed,Male,0-19,5
1998,MA,25003,Confirmed,Male,Suppressed,3
1998,MA,25003,Confirmed,Suppressed,Suppressed,4
1998,MA,25005,Confirmed,Male,20+,17
1998,MA,25005,Confirmed,Male,Suppressed,4
1998,MA,25005,Confirmed,Female,0-19,8
1998,MA,25005,Confirmed,Female,20+,11
1998,MA,25007,Confirmed,Male,20+,8
1998,MA,25007,Confirmed,Male,Suppressed,2
1998,MA,25007,Confirmed,Female,20+,15
1998,MA,25007,Confirmed,Female,Suppressed,8
1998,MA,25009,Confirmed,Male,0-19,10
1998,MA,25009,Confirmed,Male,20+,23
1998,MA,25009,Confirmed,Male,Suppressed,3
1998,MA,25009,Confirmed,Female,0-19,12
1998,MA,25009,Confirmed,Female,20+,29
1998,MA,25009,Confirmed,Female,Suppressed,1
1998,MA,25013,Confirmed,Male,0-19,5
1998,MA,25013,Confirmed,Male,20+,13
1998,MA,25013,Confirmed,Female,20+,14
1998,MA,25013,Confirmed,Female,Suppressed,3
1998,MA,25015,Confirmed,Male,0-19,5
1998,MA,25015,Confirmed,Male,20+,5
1998,MA,25015,Confirmed,Female,20+,6
1998,MA,25015,Confirmed,Female,Suppressed,3
1998,MA,25017,Confirmed,Male,0-19,14
1998,MA,25017,Confirmed,Male,20+,28
1998,MA,25017,Confirmed,Female,0-19,6
1998,MA,25017,Confirmed,Female,20+,25
1998,MA,25019,Confirmed,Male,0-19,10
1998,MA,25019,Confirmed,Male,20+,39
1998,MA,25019,Confirmed,Female,0-19,8
1998,MA,25019,Confirmed,Female,20+,49
1998,MA,25019,Confirmed,Female,Suppressed,2
1998,MA,25021,Confirmed,Male,0-19,6
1998,MA,25021,Confirmed,Male,20+,11
1998,MA,25021,Confirmed,Female,20+,16
1998,MA,25021,Confirmed,Female,Suppressed,4
1998,MA,25023,Confirmed,Male,0-19,21
1998,MA,25023,Confirmed,Male,20+,17
1998,MA,25023,Confirmed,Female,0-19,16
1998,MA,25023,Confirmed,Female,20+,23
1998,MA,25023,Confirmed,Female,Suppressed,1
1998,MA,25025,Confirmed,Female,20+,5
1998,MA,25025,Confirmed,Suppressed,20+,4
1998,MA,25027,Confirmed,Male,0-19,6
1998,MA,25027,Confirmed,Male,20+,12
1998,MA,25027,Confirmed,Female,20+,9
1998,MA,25027,Confirmed,Female,Suppressed,4
1998,MA,Suppressed,Confirmed,Female,20+,1
1998,MD,24003,Confirmed,Male,0-19,14
1998,MD,24003,Confirmed,Male,20+,23
1998,MD,24003,Confirmed,Female,0-19,6
1998,MD,24003,Confirmed,Female,20+,17
1998,MD,24005,Confirmed,Male,0-19,12
1998,MD,24005,Confirmed,Male,20+,25
1998,MD,24005,Confirmed,Male,Suppressed,1
1998,MD,24005,Confirmed,Female,0-19,14
1998,MD,24005,Confirmed,Female,20+,25
1998,MD,24009,Confirmed,Male,0-19,5
1998,MD,24009,Confirmed,Male,20+,8
1998,MD,24009,Confirmed,Suppressed,0-19,4
1998,MD,24009,Confirmed,Suppressed,Suppressed,2
1998,MD,24011,Confirmed,Male,20+,9
1998,MD,24011,Confirmed,Male,Suppressed,2
1998,MD,24011,Confirmed,Suppressed,20+,2
1998,MD,24011,Confirmed,Suppressed,Suppressed,4
1998,MD,24013,Confirmed,Male,0-19,12
1998,MD,24013,Confirmed,Male,20+,14
1998,MD,24013,Confirmed,Female,20+,7
1998,MD,24013,Confirmed,Female,Suppressed,2
1998,MD,24015,Confirmed,Male,20+,7
1998,MD,24015,Confirmed,Male,Suppressed,2
1998,MD,24015,Confirmed,Female,0-19,5
1998,MD,24015,Confirmed,Female,Suppressed,2
1998,MD,24017,Confirmed,Male,0-19,8
1998,MD,24017,Confirmed,Male,20+,17
1998,MD,24017,Confirmed,Female,0-19,5
1998,MD,24017,Confirmed,Female,20+,14
1998,MD,24021,Confirmed,Male,20+,5
1998,MD,24021,Confirmed,Male,Suppressed,2
1998,MD,24021,Confirmed,Female,20+,6
1998,MD,24021,Confirmed,Female,Suppressed,3
1998,MD,24025,Confirmed,Male,0-19,12
1998,MD,24025,Confirmed,Male,20+,28
1998,MD,24025,Confirmed,Female,0-19,10
1998,MD,24025,Confirmed,Female,20+,32
1998,MD,24027,Confirmed,Male,0-19,12
1998,MD,24027,Confirmed,Male,20+,13
1998,MD,24027,Confirmed,Male,Suppressed,1
1998,MD,24027,Confirmed,Female,0-19,10
1998,MD,24027,Confirmed,Female,20+,8
1998,MD,24029,Confirmed,Male,0-19,7
1998,MD,24029,Confirmed,Male,20+,21
1998,MD,24029,Confirmed,Female,0-19,5
1998,MD,24029,Confirmed,Female,20+,14
1998,MD,24031,Confirmed,Male,0-19,13
1998,MD,24031,Confirmed,Male,20+,15
1998,MD,24031,Confirmed,Female,0-19,15
1998,MD,24031,Confirmed,Female,20+,9
1998,MD,24033,Confirmed,Male,0-19,11
1998,MD,24033,Confirmed,Male,20+,22
1998,MD,24033,Confirmed,Female,0-19,9
1998,MD,24033,Confirmed,Female,20+,21
1998,MD,24035,Confirmed,Male,20+,11
1998,MD,24035,Confirmed,Male,Suppressed,4
1998,MD,24035,Confirmed,Female,20+,14
1998,MD,24035,Confirmed,Female,Suppressed,2
1998,MD,24037,Confirmed,Suppressed,Suppressed,6
1998,MD,24039,Confirmed,Male,20+,5
1998,MD,24039,Confirmed,Male,Suppressed,1
1998,MD,24039,Confirmed,Suppressed,20+,1
1998,MD,24041,Confirmed,Male,0-19,5
1998,MD,24041,Confirmed,Male,20+,8
1998,MD,24041,Confirmed,Female,20+,7
1998,MD,24041,Confirmed,Female,Suppressed,2
1998,MD,24047,Confirmed,Female,Suppressed,5
1998,MD,Suppressed,Confirmed,Male,20+,1
1998,MD,Suppressed,Confirmed,Female,0-19,3
1998,MD,Suppressed,Confirmed,Suppressed,Suppressed,12
1998,ME,23005,Confirmed,Male,20+,5
1998,ME,23005,Confirmed,Male,Suppressed,1
1998,ME,23005,Confirmed,Suppressed,20+,4
1998,ME,23005,Confirmed,Suppressed,Suppressed,3
1998,ME,23031,Confirmed,Male,0-19,10
1998,ME,23031,Confirmed,Male,20+,14
1998,ME,23031,Confirmed,Female,20+,11
1998,ME,23031,Confirmed,Female,Suppressed,2
1998,ME,23031,Confirmed,Suppressed,20+,1
1998,ME,Suppressed,Confirmed,Male,0-19,2
1998,ME,Suppressed,Confirmed,Female,20+,7
1998,ME,Suppressed,Confirmed,Suppressed,Suppressed,18
1998,MI,Suppressed,Confirmed,Female,20+,10
1998,MN,27001,Confirmed,Female,Suppressed,5
1998,MN,27003,Confirmed,Male,0-19,5
1998,MN,27003,Confirmed,Male,20+,15
1998,MN,27003,Confirmed,Female,Suppressed,5
1998,MN,27013,Confirmed,Suppressed,Suppressed,5
1998,MN,27025,Confirmed,Suppressed,Suppressed,8
1998,MN,27035,Confirmed,Male,0-19,5
1998,MN,27035,Confirmed,Male,Suppressed,3
1998,MN,27035,Confirmed,Female,20+,9
1998,MN,27035,Confirmed,Female,Suppressed,3
1998,MN,27037,Confirmed,Male,0-19,7
1998,MN,27037,Confirmed,Male,Suppressed,4
1998,MN,27037,Confirmed,Female,20+,5
1998,MN,27037,Confirmed,Female,Suppressed,2
1998,MN,27053,Confirmed,Male,0-19,7
1998,MN,27053,Confirmed,Male,20+,16
1998,MN,27053,Confirmed,Female,0-19,6
1998,MN,27053,Confirmed,Female,20+,8
1998,MN,27055,Confirmed,Suppressed,Suppressed,5
1998,MN,27065,Confirmed,Suppressed,Suppressed,6
1998,MN,27109,Confirmed,Male,Suppressed,5
1998,MN,27115,Confirmed,Male,20+,6
1998,MN,27115,Confirmed,Male,Suppressed,2
1998,MN,27115,Confirmed,Suppressed,Suppressed,3
1998,MN,27123,Confirmed,Male,20+,21
1998,MN,27123,Confirmed,Male,Suppressed,4
1998,MN,27123,Confirmed,Female,20+,10
1998,MN,27123,Confirmed,Female,Suppressed,3
1998,MN,27141,Confirmed,Male,20+,5
1998,MN,27141,Confirmed,Male,Suppressed,3
1998,MN,27163,Confirmed,Male,0-19,8
1998,MN,27163,Confirmed,Male,20+,12
1998,MN,27163,Confirmed,Female,0-19,6
1998,MN,27163,Confirmed,Female,20+,9
1998,MN,Suppressed,Confirmed,Male,20+,5
1998,MN,Suppressed,Confirmed,Female,0-19,4
1998,MN,Suppressed,Confirmed,Suppressed,Suppressed,26
1998,MO,Suppressed,Confirmed,Male,20+,5
1998,MO,Suppressed,Confirmed,Suppressed,20+,5
1998,MS,Suppressed,Confirmed,Female,Suppressed,5
1998,MS,Suppressed,Confirmed,Suppressed,Suppressed,10
1998,NC,37133,Confirmed,Female,Suppressed,6
1998,NC,37141,Confirmed,Suppressed,Suppressed,5
1998,NC,37183,Confirmed,Female,Suppressed,5
1998,NC,Suppressed,Confirmed,Male,20+,15
1998,NC,Suppressed,Confirmed,Suppressed,Suppressed,29
1998,NH,33011,Confirmed,Male,20+,5
1998,NH,33011,Confirmed,Male,Suppressed,2
1998,NH,33011,Confirmed,Female,20+,6
1998,NH,33011,Confirmed,Female,Suppressed,2
1998,NH,33013,Confirmed,Female,20+,5
1998,NH,33013,Confirmed,Female,Suppressed,1
1998,NH,33013,Confirmed,Suppressed,20+,1
1998,NH,33015,Confirmed,Female,20+,5
1998,NH,33015,Confirmed,Suppressed,20+,4
1998,NH,33015,Confirmed,Suppressed,Suppressed,2
1998,NH,Suppressed,Confirmed,Male,20+,3
1998,NH,Suppressed,Confirmed,Female,Suppressed,3
1998,NH,Suppressed,Confirmed,Suppressed,Suppressed,6
1998,NJ,34001,Confirmed,Male,20+,36
1998,NJ,34001,Confirmed,Male,Suppressed,3
1998,NJ,34001,Confirmed,Female,20+,33
1998,NJ,34001,Confirmed,Female,Suppressed,4
1998,NJ,34003,Confirmed,Male,20+,10
1998,NJ,34003,Confirmed,Male,Suppressed,1
1998,NJ,34003,Confirmed,Female,20+,10
1998,NJ,34005,Confirmed,Male,0-19,31
1998,NJ,34005,Confirmed,Male,20+,19
1998,NJ,34005,Confirmed,Male,Suppressed,1
1998,NJ,34005,Confirmed,Female,0-19,22
1998,NJ,34005,Confirmed,Female,20+,16
1998,NJ,34007,Confirmed,Male,0-19,5
1998,NJ,34007,Confirmed,Male,Suppressed,1
1998,NJ,34007,Confirmed,Female,20+,5
1998,NJ,34007,Confirmed,Female,Suppressed,1
1998,NJ,34009,Confirmed,Male,20+,5
1998,NJ,34009,Confirmed,Male,Suppressed,3
1998,NJ,34009,Confirmed,Female,20+,7
1998,NJ,34009,Confirmed,Female,Suppressed,3
1998,NJ,34011,Confirmed,Male,20+,14
1998,NJ,34011,Confirmed,Male,Suppressed,4
1998,NJ,34011,Confirmed,Female,0-19,6
1998,NJ,34011,Confirmed,Female,20+,27
1998,NJ,34013,Confirmed,Male,0-19,9
1998,NJ,34013,Confirmed,Male,Suppressed,3
1998,NJ,34013,Confirmed,Female,20+,9
1998,NJ,34015,Confirmed,Male,0-19,24
1998,NJ,34015,Confirmed,Male,20+,32
1998,NJ,34015,Confirmed,Female,0-19,9
1998,NJ,34015,Confirmed,Female,20+,38
1998,NJ,34019,Confirmed,Male,0-19,72
1998,NJ,34019,Confirmed,Male,20+,195
1998,NJ,34019,Confirmed,Male,Unknown,6
1998,NJ,34019,Confirmed,Female,0-19,66
1998,NJ,34019,Confirmed,Female,20+,196
1998,NJ,34019,Confirmed,Female,Suppressed,1
1998,NJ,34021,Confirmed,Male,0-19,15
1998,NJ,34021,Confirmed,Male,20+,33
1998,NJ,34021,Confirmed,Female,0-19,14
1998,NJ,34021,Confirmed,Female,20+,29
1998,NJ,34023,Confirmed,Male,0-19,19
1998,NJ,34023,Confirmed,Male,20+,26
1998,NJ,34023,Confirmed,Female,0-19,16
1998,NJ,34023,Confirmed,Female,20+,14
1998,NJ,34025,Confirmed,Male,0-19,14
1998,NJ,34025,Confirmed,Male,20+,20
1998,NJ,34025,Confirmed,Female,0-19,14
1998,NJ,34025,Confirmed,Female,20+,27
1998,NJ,34027,Confirmed,Male,0-19,36
1998,NJ,34027,Confirmed,Male,20+,120
1998,NJ,34027,Confirmed,Male,Suppressed,3
1998,NJ,34027,Confirmed,Female,0-19,24
1998,NJ,34027,Confirmed,Female,20+,108
1998,NJ,34029,Confirmed,Male,0-19,24
1998,NJ,34029,Confirmed,Male,20+,33
1998,NJ,34029,Confirmed,Female,0-19,17
1998,NJ,34029,Confirmed,Female,20+,35
1998,NJ,34029,Confirmed,Suppressed,0-19,1
1998,NJ,34031,Confirmed,Male,20+,6
1998,NJ,34031,Confirmed,Male,Suppressed,1
1998,NJ,34031,Confirmed,Female,Suppressed,6
1998,NJ,34031,Confirmed,Suppressed,Suppressed,2
1998,NJ,34033,Confirmed,Male,20+,5
1998,NJ,34033,Confirmed,Male,Suppressed,3
1998,NJ,34033,Confirmed,Female,20+,8
1998,NJ,34033,Confirmed,Female,Suppressed,1
1998,NJ,34035,Confirmed,Male,0-19,35
1998,NJ,34035,Confirmed,Male,20+,49
1998,NJ,34035,Confirmed,Female,0-19,30
1998,NJ,34035,Confirmed,Female,20+,53
1998,NJ,34035,Confirmed,Suppressed,0-19,2
1998,NJ,34037,Confirmed,Male,20+,12
1998,NJ,34037,Confirmed,Male,Suppressed,3
1998,NJ,34037,Confirmed,Female,20+,7
1998,NJ,34037,Confirmed,Female,Suppressed,4
1998,NJ,34039,Confirmed,Male,20+,9
1998,NJ,34039,Confirmed,Male,Suppressed,1
1998,NJ,34039,Confirmed,Female,20+,7
1998,NJ,34041,Confirmed,Male,0-19,16
1998,NJ,34041,Confirmed,Male,20+,44
1998,NJ,34041,Confirmed,Female,0-19,10
1998,NJ,34041,Confirmed,Female,20+,23
1998,NJ,Suppressed,Confirmed,Male,0-19,1
1998,NJ,Suppressed,Confirmed,Male,Suppressed,3
1998,NJ,Suppressed,Confirmed,Suppressed,Suppressed,1
1998,NV,Suppressed,Confirmed,Suppressed,20+,6
1998,NY,36001,Confirmed,Male,0-19,5
1998,NY,36001,Confirmed,Male,20+,7
1998,NY,36001,Confirmed,Female,20+,11
1998,NY,36001,Confirmed,Female,Suppressed,2
1998,NY,36005,Confirmed,Male,20+,6
1998,NY,36005,Confirmed,Male,Suppressed,2
1998,NY,36005,Confirmed,Female,0-19,5
1998,NY,36005,Confirmed,Female,20+,8
1998,NY,36005,Confirmed,Suppressed,20+,1
1998,NY,36021,Confirmed,Male,0-19,39
1998,NY,36021,Confirmed,Male,20+,79
1998,NY,36021,Confirmed,Female,0-19,30
1998,NY,36021,Confirmed,Female,20+,96
1998,NY,36027,Confirmed,Male,0-19,306
1998,NY,36027,Confirmed,Male,20+,519
1998,NY,36027,Confirmed,Female,0-19,198
1998,NY,36027,Confirmed,Female,20+,513
1998,NY,36027,Confirmed,Female,Suppressed,1
1998,NY,36029,Confirmed,Suppressed,Suppressed,7
1998,NY,36039,Confirmed,Male,0-19,6
1998,NY,36039,Confirmed,Male,20+,6
1998,NY,36039,Confirmed,Female,0-19,5
1998,NY,36039,Confirmed,Female,20+,5
1998,NY,36045,Confirmed,Suppressed,Suppressed,6
1998,NY,36047,Confirmed,Male,0-19,5
1998,NY,36047,Confirmed,Male,20+,10
1998,NY,36047,Confirmed,Male,Suppressed,1
1998,NY,36047,Confirmed,Female,20+,10
1998,NY,36047,Confirmed,Female,Suppressed,1
1998,NY,36055,Confirmed,Suppressed,Suppressed,7
1998,NY,36059,Confirmed,Male,0-19,26
1998,NY,36059,Confirmed,Male,20+,42
1998,NY,36059,Confirmed,Female,0-19,10
1998,NY,36059,Confirmed,Female,20+,32
1998,NY,36061,Confirmed,Male,0-19,7
1998,NY,36061,Confirmed,Male,20+,51
1998,NY,36061,Confirmed,Female,20+,37
1998,NY,36061,Confirmed,Female,Suppressed,4
1998,NY,36061,Confirmed,Suppressed,20+,2
1998,NY,36063,Confirmed,Suppressed,Suppressed,5
1998,NY,36071,Confirmed,Male,0-19,67
1998,NY,36071,Confirmed,Male,20+,122
1998,NY,36071,Confirmed,Female,0-19,65
1998,NY,36071,Confirmed,Female,20+,154
1998,NY,36075,Confirmed,Female,20+,5
1998,NY,36079,Confirmed,Male,0-19,43
1998,NY,36079,Confirmed,Male,20+,73
1998,NY,36079,Confirmed,Female,0-19,42
1998,NY,36079,Confirmed,Female,20+,71
1998,NY,36081,Confirmed,Male,0-19,5
1998,NY,36081,Confirmed,Male,20+,20
1998,NY,36081,Confirmed,Male,Suppressed,1
1998,NY,36081,Confirmed,Female,0-19,5
1998,NY,36081,Confirmed,Female,20+,33
1998,NY,36081,Confirmed,Female,Suppressed,1
1998,NY,36083,Confirmed,Suppressed,Suppressed,7
1998,NY,36085,Confirmed,Male,20+,7
1998,NY,36085,Confirmed,Male,Suppressed,1
1998,NY,36085,Confirmed,Female,20+,7
1998,NY,36085,Confirmed,Female,Suppressed,1
1998,NY,36087,Confirmed,Male,0-19,17
1998,NY,36087,Confirmed,Male,20+,34
1998,NY,36087,Confirmed,Female,0-19,16
1998,NY,36087,Confirmed,Female,20+,31
1998,NY,36087,Confirmed,Female,Suppressed,1
1998,NY,36093,Confirmed,Suppressed,Suppressed,7
1998,NY,36103,Confirmed,Male,0-19,130
1998,NY,36103,Confirmed,Male,20+,341
1998,NY,36103,Confirmed,Male,Suppressed,2
1998,NY,36103,Confirmed,Female,0-19,105
1998,NY,36103,Confirmed,Female,20+,337
1998,NY,36103,Confirmed,Female,Suppressed,1
1998,NY,36105,Confirmed,Suppressed,Suppressed,6
1998,NY,36109,Confirmed,Suppressed,Suppressed,5
1998,NY,36111,Confirmed,Male,0-19,17
1998,NY,36111,Confirmed,Male,20+,52
1998,NY,36111,Confirmed,Male,Suppressed,1
1998,NY,36111,Confirmed,Female,0-19,30
1998,NY,36111,Confirmed,Female,20+,65
1998,NY,36119,Confirmed,Male,0-19,138
1998,NY,36119,Confirmed,Male,20+,178
1998,NY,36119,Confirmed,Male,Unknown,8
1998,NY,36119,Confirmed,Female,0-19,90
1998,NY,36119,Confirmed,Female,20+,141
1998,NY,36119,Confirmed,Female,Unknown,8
1998,NY,Suppressed,Confirmed,Male,0-19,5
1998,NY,Suppressed,Confirmed,Female,20+,13
1998,NY,Suppressed,Confirmed,Suppressed,Suppressed,18
1998,OH,39089,Confirmed,Suppressed,Suppressed,5
1998,OH,39153,Confirmed,Suppressed,Suppressed,5
1998,OH,Suppressed,Confirmed,Male,20+,7
1998,OH,Suppressed,Confirmed,Suppressed,Suppressed,30
1998,OK,Suppressed,Confirmed,Female,20+,7
1998,OK,Suppressed,Confirmed,Suppressed,Suppressed,6
1998,OR,41067,Confirmed,Suppressed,Suppressed,6
1998,OR,Suppressed,Confirmed,Suppressed,Suppressed,12
1998,PA,42003,Confirmed,Male,20+,12
1998,PA,42003,Confirmed,Male,Suppressed,1
1998,PA,42003,Confirmed,Suppressed,20+,4
1998,PA,42003,Confirmed,Suppressed,Suppressed,2
1998,PA,42005,Confirmed,Suppressed,Suppressed,6
1998,PA,42011,Confirmed,Male,0-19,10
1998,PA,42011,Confirmed,Male,20+,57
1998,PA,42011,Confirmed,Male,Suppressed,1
1998,PA,42011,Confirmed,Female,0-19,17
1998,PA,42011,Confirmed,Female,20+,50
1998,PA,42011,Confirmed,Suppressed,20+,1
1998,PA,42017,Confirmed,Male,0-19,71
1998,PA,42017,Confirmed,Male,20+,161
1998,PA,42017,Confirmed,Female,0-19,61
1998,PA,42017,Confirmed,Female,20+,154
1998,PA,42017,Confirmed,Female,Suppressed,1
1998,PA,42019,Confirmed,Male,20+,6
1998,PA,42019,Confirmed,Male,Suppressed,1
1998,PA,42019,Confirmed,Female,Suppressed,5
1998,PA,42023,Confirmed,Male,Suppressed,7
1998,PA,42023,Confirmed,Female,20+,6
1998,PA,42023,Confirmed,Female,Suppressed,2
1998,PA,42027,Confirmed,Suppressed,Suppressed,5
1998,PA,42029,Confirmed,Male,0-19,137
1998,PA,42029,Confirmed,Male,20+,263
1998,PA,42029,Confirmed,Male,Suppressed,3
1998,PA,42029,Confirmed,Female,0-19,87
1998,PA,42029,Confirmed,Female,20+,242
1998,PA,42029,Confirmed,Female,Suppressed,3
1998,PA,42029,Confirmed,Suppressed,0-19,4
1998,PA,42029,Confirmed,Suppressed,Suppressed,1
1998,PA,42033,Confirmed,Male,0-19,5
1998,PA,42033,Confirmed,Male,20+,20
1998,PA,42033,Confirmed,Female,20+,10
1998,PA,42033,Confirmed,Female,Suppressed,3
1998,PA,42041,Confirmed,Male,20+,9
1998,PA,42041,Confirmed,Male,Suppressed,2
1998,PA,42041,Confirmed,Suppressed,20+,3
1998,PA,42041,Confirmed,Suppressed,Suppressed,2
1998,PA,42043,Confirmed,Male,Suppressed,5
1998,PA,42045,Confirmed,Male,0-19,29
1998,PA,42045,Confirmed,Male,20+,79
1998,PA,42045,Confirmed,Male,Unknown,8
1998,PA,42045,Confirmed,Female,0-19,31
1998,PA,42045,Confirmed,Female,20+,91
1998,PA,42045,Confirmed,Female,Suppressed,3
1998,PA,42047,Confirmed,Male,0-19,8
1998,PA,42047,Confirmed,Male,Suppressed,4
1998,PA,42047,Confirmed,Female,20+,5
1998,PA,42047,Confirmed,Female,Suppressed,3
1998,PA,42049,Confirmed,Suppressed,Suppressed,6
1998,PA,42065,Confirmed,Male,Suppressed,5
1998,PA,42071,Confirmed,Male,0-19,5
1998,PA,42071,Confirmed,Male,20+,18
1998,PA,42071,Confirmed,Male,Suppressed,1
1998,PA,42071,Confirmed,Female,20+,14
1998,PA,42071,Confirmed,Female,Suppressed,2
1998,PA,42075,Confirmed,Suppressed,Suppressed,8
1998,PA,42077,Confirmed,Male,0-19,8
1998,PA,42077,Confirmed,Male,20+,25
1998,PA,42077,Confirmed,Male,Suppressed,3
1998,PA,42077,Confirmed,Female,0-19,12
1998,PA,42077,Confirmed,Female,20+,27
1998,PA,42077,Confirmed,Female,Suppressed,1
1998,PA,42079,Confirmed,Female,20+,5
1998,PA,42079,Confirmed,Female,Suppressed,1
1998,PA,42079,Confirmed,Suppressed,Suppressed,4
1998,PA,42085,Confirmed,Male,20+,8
1998,PA,42085,Confirmed,Suppressed,20+,2
1998,PA,42085,Confirmed,Suppressed,Suppressed,1
1998,PA,42089,Confirmed,Female,20+,10
1998,PA,42089,Confirmed,Suppressed,Suppressed,2
1998,PA,42091,Confirmed,Male,0-19,74
1998,PA,42091,Confirmed,Male,20+,174
1998,PA,42091,Confirmed,Male,Suppressed,1
1998,PA,42091,Confirmed,Female,0-19,41
1998,PA,42091,Confirmed,Female,20+,154
1998,PA,42091,Confirmed,Female,Suppressed,1
1998,PA,42095,Confirmed,Male,0-19,15
1998,PA,42095,Confirmed,Male,20+,31
1998,PA,42095,Confirmed,Male,Suppressed,3
1998,PA,42095,Confirmed,Female,0-19,18
1998,PA,42095,Confirmed,Female,20+,37
1998,PA,42095,Confirmed,Female,Suppressed,3
1998,PA,42101,Confirmed,Male,0-19,28
1998,PA,42101,Confirmed,Male,20+,47
1998,PA,42101,Confirmed,Female,0-19,15
1998,PA,42101,Confirmed,Female,20+,67
1998,PA,42101,Confirmed,Suppressed,0-19,1
1998,PA,42103,Confirmed,Female,20+,5
1998,PA,42103,Confirmed,Suppressed,Suppressed,1
1998,PA,42107,Confirmed,Suppressed,Suppressed,5
1998,PA,42125,Confirmed,Suppressed,Suppressed,5
1998,PA,42127,Confirmed,Suppressed,Suppressed,5
1998,PA,42129,Confirmed,Female,20+,6
1998,PA,42129,Confirmed,Suppressed,Suppressed,3
1998,PA,42133,Confirmed,Male,0-19,9
1998,PA,42133,Confirmed,Male,20+,41
1998,PA,42133,Confirmed,Female,0-19,9
1998,PA,42133,Confirmed,Female,20+,28
1998,PA,Suppressed,Confirmed,Male,0-19,5
1998,PA,Suppressed,Confirmed,Female,20+,15
1998,PA,Suppressed,Confirmed,Suppressed,Suppressed,44
1998,RI,44003,Confirmed,Male,0-19,15
1998,RI,44003,Confirmed,Male,20+,54
1998,RI,44003,Confirmed,Female,0-19,9
1998,RI,44003,Confirmed,Female,20+,46
1998,RI,44003,Confirmed,Suppressed,0-19,1
1998,RI,44005,Confirmed,Male,0-19,5
1998,RI,44005,Confirmed,Male,20+,10
1998,RI,44005,Confirmed,Female,20+,15
1998,RI,44005,Confirmed,Female,Suppressed,3
1998,RI,44007,Confirmed,Male,0-19,19
1998,RI,44007,Confirmed,Male,20+,31
1998,RI,44007,Confirmed,Female,0-19,16
1998,RI,44007,Confirmed,Female,20+,30
1998,RI,44009,Confirmed,Male,0-19,88
1998,RI,44009,Confirmed,Male,20+,202
1998,RI,44009,Confirmed,Male,Suppressed,2
1998,RI,44009,Confirmed,Female,0-19,73
1998,RI,44009,Confirmed,Female,20+,165
1998,RI,Suppressed,Confirmed,Female,20+,3
1998,RI,Suppressed,Confirmed,Suppressed,20+,2
1998,Suppressed,Unknown,Confirmed,Suppressed,Suppressed,1
1998,Suppressed,Suppressed,Confirmed,Male,Suppressed,12
1998,Suppressed,Suppressed,Confirmed,Suppressed,20+,46
1998,Suppressed,Suppressed,Confirmed,Suppressed,Suppressed,32
1998,TN,47037,Confirmed,Suppressed,Suppressed,6
1998,TN,Suppressed,Confirmed,Male,20+,5
1998,TN,Suppressed,Confirmed,Female,0-19,5
1998,TN,Suppressed,Confirmed,Suppressed,Suppressed,31
1998,TX,Suppressed,Confirmed,Female,20+,9
1998,TX,Suppressed,Confirmed,Suppressed,20+,7
1998,TX,Suppressed,Confirmed,Suppressed,Suppressed,16
1998,VA,51001,Confirmed,Suppressed,Suppressed,6
1998,VA,51059,Confirmed,Male,Suppressed,6
1998,VA,51059,Confirmed,Female,20+,8
1998,VA,51059,Confirmed,Female,Suppressed,1
1998,VA,51153,Confirmed,Suppressed,Suppressed,5
1998,VA,Suppressed,Confirmed,Male,20+,10
1998,VA,Suppressed,Confirmed,Female,Suppressed,3
1998,VA,Suppressed,Confirmed,Suppressed,Suppressed,34
1998,VT,Suppressed,Confirmed,Suppressed,Suppressed,7
1998,WI,55005,Confirmed,Male,20+,8
1998,WI,55005,Confirmed,Male,Suppressed,4
1998,WI,55005,Confirmed,Female,20+,5
1998,WI,55005,Confirmed,Female,Suppressed,4
1998,WI,55007,Confirmed,Suppressed,Suppressed,5
1998,WI,55011,Confirmed,Suppressed,Suppressed,5
1998,WI,55013,Confirmed,Male,20+,12
1998,WI,55013,Confirmed,Male,Suppressed,3
1998,WI,55013,Confirmed,Female,20+,5
1998,WI,55013,Confirmed,Female,Suppressed,2
1998,WI,55017,Confirmed,Male,20+,9
1998,WI,55017,Confirmed,Male,Suppressed,4
1998,WI,55017,Confirmed,Female,0-19,7
1998,WI,55017,Confirmed,Female,20+,6
1998,WI,55019,Confirmed,Male,20+,13
1998,WI,55019,Confirmed,Male,Suppressed,4
1998,WI,55019,Confirmed,Female,0-19,5
1998,WI,55019,Confirmed,Female,20+,6
1998,WI,55021,Confirmed,Suppressed,Suppressed,6
1998,WI,55025,Confirmed,Male,0-19,7
1998,WI,55025,Confirmed,Male,20+,10
1998,WI,55025,Confirmed,Suppressed,20+,3
1998,WI,55031,Confirmed,Male,20+,7
1998,WI,55031,Confirmed,Male,Suppressed,3
1998,WI,55031,Confirmed,Female,20+,8
1998,WI,55033,Confirmed,Male,0-19,8
1998,WI,55033,Confirmed,Male,20+,6
1998,WI,55033,Confirmed,Female,Suppressed,8
1998,WI,55035,Confirmed,Male,0-19,12
1998,WI,55035,Confirmed,Male,20+,35
1998,WI,55035,Confirmed,Male,Suppressed,1
1998,WI,55035,Confirmed,Female,0-19,17
1998,WI,55035,Confirmed,Female,20+,22
1998,WI,55035,Confirmed,Female,Suppressed,1
1998,WI,55049,Confirmed,Suppressed,Suppressed,7
1998,WI,55057,Confirmed,Female,Suppressed,5
1998,WI,55063,Confirmed,Male,0-19,6
1998,WI,55063,Confirmed,Male,20+,21
1998,WI,55063,Confirmed,Female,20+,11
1998,WI,55063,Confirmed,Female,Suppressed,2
1998,WI,55069,Confirmed,Male,Suppressed,5
1998,WI,55073,Confirmed,Male,20+,8
1998,WI,55073,Confirmed,Male,Suppressed,4
1998,WI,55073,Confirmed,Female,Suppressed,8
1998,WI,55081,Confirmed,Male,20+,6
1998,WI,55081,Confirmed,Male,Suppressed,4
1998,WI,55081,Confirmed,Female,20+,5
1998,WI,55081,Confirmed,Female,Suppressed,3
1998,WI,55085,Confirmed,Male,Suppressed,6
1998,WI,55085,Confirmed,Suppressed,Suppressed,5
1998,WI,55095,Confirmed,Male,20+,9
1998,WI,55095,Confirmed,Male,Suppressed,4
1998,WI,55095,Confirmed,Female,20+,8
1998,WI,55095,Confirmed,Female,Suppressed,3
1998,WI,55097,Confirmed,Male,0-19,8
1998,WI,55097,Confirmed,Male,20+,13
1998,WI,55097,Confirmed,Female,0-19,6
1998,WI,55097,Confirmed,Female,20+,17
1998,WI,55107,Confirmed,Male,Suppressed,7
1998,WI,55107,Confirmed,Female,20+,6
1998,WI,55107,Confirmed,Female,Suppressed,2
1998,WI,55109,Confirmed,Male,0-19,6
1998,WI,55109,Confirmed,Male,20+,6
1998,WI,55109,Confirmed,Female,0-19,5
1998,WI,55109,Confirmed,Female,20+,9
1998,WI,55111,Confirmed,Male,0-19,5
1998,WI,55111,Confirmed,Male,Suppressed,1
1998,WI,55111,Confirmed,Female,20+,5
1998,WI,55111,Confirmed,Female,Suppressed,1
1998,WI,55113,Confirmed,Male,0-19,5
1998,WI,55113,Confirmed,Male,Suppressed,4
1998,WI,55113,Confirmed,Suppressed,Suppressed,5
1998,WI,55119,Confirmed,Suppressed,Suppressed,5
1998,WI,55123,Confirmed,Male,0-19,5
1998,WI,55123,Confirmed,Male,Suppressed,4
1998,WI,55123,Confirmed,Suppressed,Suppressed,4
1998,WI,55125,Confirmed,Suppressed,Suppressed,5
1998,WI,55129,Confirmed,Male,20+,11
1998,WI,55129,Confirmed,Male,Suppressed,3
1998,WI,55129,Confirmed,Female,0-19,5
1998,WI,55129,Confirmed,Female,20+,11
1998,WI,55133,Confirmed,Suppressed,Suppressed,5
1998,WI,55141,Confirmed,Male,20+,13
1998,WI,55141,Confirmed,Male,Suppressed,4
1998,WI,55141,Confirmed,Female,20+,10
1998,WI,55141,Confirmed,Female,Suppressed,4
1998,WI,Suppressed,Confirmed,Male,0-19,5
1998,WI,Suppressed,Confirmed,Female,20+,6
1998,WI,Suppressed,Confirmed,Suppressed,Suppressed,55
1998,WV,Suppressed,Confirmed,Female,20+,9
1999,AL,01023,Confirmed,Suppressed,Suppressed,5
1999,AL,Suppressed,Confirmed,Suppressed,Suppressed,11
1999,AR,Suppressed,Confirmed,Suppressed,20+,6
1999,CA,06007,Confirmed,Male,20+,5
1999,CA,06007,Confirmed,Male,Suppressed,1
1999,CA,06007,Confirmed,Female,20+,9
1999,CA,06007,Confirmed,Female,Suppressed,2
1999,CA,06007,Confirmed,Suppressed,20+,1
1999,CA,06023,Confirmed,Male,20+,5
1999,CA,06023,Confirmed,Male,Suppressed,2
1999,CA,06023,Confirmed,Female,20+,7
1999,CA,06037,Confirmed,Male,Suppressed,5
1999,CA,06045,Confirmed,Female,Suppressed,5
1999,CA,06057,Confirmed,Suppressed,Suppressed,5
1999,CA,06073,Confirmed,Female,20+,8
1999,CA,06073,Confirmed,Female,Suppressed,2
1999,CA,06073,Confirmed,Suppressed,20+,4
1999,CA,06073,Confirmed,Suppressed,Suppressed,2
1999,CA,06097,Confirmed,Female,20+,7
1999,CA,06097,Confirmed,Female,Suppressed,3
1999,CA,06097,Confirmed,Suppressed,Suppressed,4
1999,CA,06105,Confirmed,Female,20+,7
1999,CA,06105,Confirmed,Female,Suppressed,1
1999,CA,06105,Confirmed,Suppressed,20+,4
1999,CA,06105,Confirmed,Suppressed,Suppressed,1
1999,CA,Suppressed,Confirmed,Male,20+,9
1999,CA,Suppressed,Confirmed,Female,Suppressed,2
1999,CA,Suppressed,Confirmed,Suppressed,20+,1
1999,CA,Suppressed,Confirmed,Suppressed,Suppressed,37
1999,CT,09001,Confirmed,Male,0-19,230
1999,CT,09001,Confirmed,Male,20+,367
1999,CT,09001,Confirmed,Male,Unknown,12
1999,CT,09001,Confirmed,Female,0-19,153
1999,CT,09001,Confirmed,Female,20+,309
1999,CT,09001,Confirmed,Female,Suppressed,3
1999,CT,09001,Confirmed,Suppressed,20+,3
1999,CT,09001,Confirmed,Suppressed,Suppressed,1
1999,CT,09003,Confirmed,Male,0-19,33
1999,CT,09003,Confirmed,Male,20+,49
1999,CT,09003,Confirmed,Female,0-19,26
1999,CT,09003,Confirmed,Female,20+,63
1999,CT,09003,Confirmed,Suppressed,20+,1
1999,CT,09005,Confirmed,Male,0-19,71
1999,CT,09005,Confirmed,Male,20+,147
1999,CT,09005,Confirmed,Male,Suppressed,4
1999,CT,09005,Confirmed,Female,0-19,44
1999,CT,09005,Confirmed,Female,20+,154
1999,CT,09005,Confirmed,Female,Unknown,5
1999,CT,09005,Confirmed,Suppressed,20+,1
1999,CT,09007,Confirmed,Male,0-19,32
1999,CT,09007,Confirmed,Male,20+,78
1999,CT,09007,Confirmed,Male,Unknown,5
1999,CT,09007,Confirmed,Female,0-19,17
1999,CT,09007,Confirmed,Female,20+,61
1999,CT,09007,Confirmed,Female,Suppressed,4
1999,CT,09009,Confirmed,Male,0-19,66
1999,CT,09009,Confirmed,Male,20+,97
1999,CT,09009,Confirmed,Female,0-19,60
1999,CT,09009,Confirmed,Female,20+,96
1999,CT,09009,Confirmed,Female,Suppressed,1
1999,CT,09009,Confirmed,Suppressed,0-19,1
1999,CT,09011,Confirmed,Male,0-19,74
1999,CT,09011,Confirmed,Male,20+,175
1999,CT,09011,Confirmed,Male,Suppressed,1
1999,CT,09011,Confirmed,Female,0-19,65
1999,CT,09011,Confirmed,Female,20+,153
1999,CT,09011,Confirmed,Suppressed,0-19,1
1999,CT,09013,Confirmed,Male,0-19,56
1999,CT,09013,Confirmed,Male,20+,43
1999,CT,09013,Confirmed,Female,0-19,32
1999,CT,09013,Confirmed,Female,20+,58
1999,CT,09013,Confirmed,Female,Suppressed,4
1999,CT,09013,Confirmed,Suppressed,20+,1
1999,CT,09015,Confirmed,Male,0-19,52
1999,CT,09015,Confirmed,Male,20+,113
1999,CT,09015,Confirmed,Female,0-19,19
1999,CT,09015,Confirmed,Female,20+,118
1999,CT,09015,Confirmed,Suppressed,0-19,1
1999,CT,09015,Confirmed,Suppressed,Suppressed,1
1999,CT,Unknown,Confirmed,Male,0-19,7
1999,CT,Unknown,Confirmed,Male,20+,16
1999,CT,Unknown,Confirmed,Male,Suppressed,4
1999,CT,Unknown,Confirmed,Female,0-19,6
1999,CT,Unknown,Confirmed,Female,20+,19
1999,CT,Unknown,Confirmed,Female,Suppressed,2
1999,DE,10001,Confirmed,Male,0-19,6
1999,DE,10001,Confirmed,Male,20+,11
1999,DE,10001,Confirmed,Male,Suppressed,1
1999,DE,10001,Confirmed,Female,20+,7
1999,DE,10001,Confirmed,Female,Suppressed,4
1999,DE,10003,Confirmed,Male,0-19,22
1999,DE,10003,Confirmed,Male,20+,46
1999,DE,10003,Confirmed,Female,0-19,14
1999,DE,10003,Confirmed,Female,20+,39
1999,DE,10005,Confirmed,Female,0-19,5
1999,DE,10005,Confirmed,Female,20+,6
1999,DE,10005,Confirmed,Suppressed,20+,4
1999,DE,10005,Confirmed,Suppressed,Suppressed,2
1999,FL,12099,Confirmed,Suppressed,Suppressed,5
1999,FL,12103,Confirmed,Suppressed,Suppressed,5
1999,FL,Suppressed,Confirmed,Female,20+,11
1999,FL,Suppressed,Confirmed,Suppressed,Suppressed,38
1999,IA,Suppressed,Confirmed,Female,20+,10
1999,IA,Suppressed,Confirmed,Suppressed,Suppressed,13
1999,IL,Suppressed,Confirmed,Male,20+,5
1999,IL,Suppressed,Confirmed,Male,Suppressed,6
1999,IL,Suppressed,Confirmed,Suppressed,20+,5
1999,IN,Suppressed,Confirmed,Male,20+,7
1999,IN,Suppressed,Confirmed,Suppressed,Suppressed,10
1999,KS,Suppressed,Confirmed,Female,20+,8
1999,KS,Suppressed,Confirmed,Suppressed,Suppressed,7
1999,KY,Suppressed,Confirmed,Male,20+,7
1999,KY,Suppressed,Confirmed,Suppressed,Suppressed,12
1999,LA,Suppressed,Confirmed,Male,20+,6
1999,MA,25001,Confirmed,Male,0-19,22
1999,MA,25001,Confirmed,Male,20+,33
1999,MA,25001,Confirmed,Male,Suppressed,1
1999,MA,25001,Confirmed,Female,0-19,14
1999,MA,25001,Confirmed,Female,20+,41
1999,MA,25001,Confirmed,Suppressed,20+,2
1999,MA,25003,Confirmed,Male,0-19,5
1999,MA,25003,Confirmed,Male,20+,11
1999,MA,25003,Confirmed,Female,20+,9
1999,MA,25003,Confirmed,Female,Suppressed,2
1999,MA,25005,Confirmed,Male,0-19,9
1999,MA,25005,Confirmed,Male,20+,11
1999,MA,25005,Confirmed,Male,Suppressed,1
1999,MA,25005,Confirmed,Female,0-19,7
1999,MA,25005,Confirmed,Female,20+,26
1999,MA,25007,Confirmed,Male,20+,17
1999,MA,25007,Confirmed,Male,Suppressed,4
1999,MA,25007,Confirmed,Female,20+,13
1999,MA,25007,Confirmed,Female,Suppressed,3
1999,MA,25009,Confirmed,Male,0-19,14
1999,MA,25009,Confirmed,Male,20+,50
1999,MA,25009,Confirmed,Female,0-19,13
1999,MA,25009,Confirmed,Female,20+,46
1999,MA,25013,Confirmed,Male,0-19,12
1999,MA,25013,Confirmed,Male,20+,15
1999,MA,25013,Confirmed,Female,0-19,7
1999,MA,25013,Confirmed,Female,20+,17
1999,MA,25015,Confirmed,Male,0-19,5
1999,MA,25015,Confirmed,Male,20+,9
1999,MA,25015,Confirmed,Female,20+,12
1999,MA,25015,Confirmed,Female,Suppressed,1
1999,MA,25017,Confirmed,Male,0-19,14
1999,MA,25017,Confirmed,Male,20+,23
1999,MA,25017,Confirmed,Female,0-19,15
1999,MA,25017,Confirmed,Female,20+,32
1999,MA,25017,Confirmed,Female,Suppressed,2
1999,MA,25019,Confirmed,Male,0-19,7
1999,MA,25019,Confirmed,Male,20+,24
1999,MA,25019,Confirmed,Female,0-19,5
1999,MA,25019,Confirmed,Female,20+,32
1999,MA,25021,Confirmed,Male,0-19,11
1999,MA,25021,Confirmed,Male,20+,17
1999,MA,25021,Confirmed,Female,0-19,7
1999,MA,25021,Confirmed,Female,20+,22
1999,MA,25023,Confirmed,Male,0-19,16
1999,MA,25023,Confirmed,Male,20+,35
1999,MA,25023,Confirmed,Male,Suppressed,1
1999,MA,25023,Confirmed,Female,0-19,15
1999,MA,25023,Confirmed,Female,20+,30
1999,MA,25025,Confirmed,Male,20+,9
1999,MA,25025,Confirmed,Male,Suppressed,1
1999,MA,25025,Confirmed,Suppressed,20+,3
1999,MA,25025,Confirmed,Suppressed,Suppressed,1
1999,MA,25027,Confirmed,Male,0-19,6
1999,MA,25027,Confirmed,Male,20+,12
1999,MA,25027,Confirmed,Female,0-19,8
1999,MA,25027,Confirmed,Female,20+,7
1999,MD,24003,Confirmed,Male,0-19,32
1999,MD,24003,Confirmed,Male,20+,35
1999,MD,24003,Confirmed,Female,0-19,16
1999,MD,24003,Confirmed,Female,20+,31
1999,MD,24003,Confirmed,Female,Suppressed,1
1999,MD,24005,Confirmed,Male,0-19,14
1999,MD,24005,Confirmed,Male,20+,19
1999,MD,24005,Confirmed,Female,0-19,7
1999,MD,24005,Confirmed,Female,20+,19
1999,MD,24009,Confirmed,Male,0-19,9
1999,MD,24009,Confirmed,Male,20+,24
1999,MD,24009,Confirmed,Female,0-19,5
1999,MD,24009,Confirmed,Female,20+,16
1999,MD,24011,Confirmed,Male,0-19,6
1999,MD,24011,Confirmed,Male,20+,6
1999,MD,24011,Confirmed,Male,Suppressed,1
1999,MD,24011,Confirmed,Female,0-19,6
1999,MD,24011,Confirmed,Female,20+,7
1999,MD,24013,Confirmed,Male,0-19,17
1999,MD,24013,Confirmed,Male,20+,23
1999,MD,24013,Confirmed,Female,0-19,7
1999,MD,24013,Confirmed,Female,20+,19
1999,MD,24015,Confirmed,Male,20+,13
1999,MD,24015,Confirmed,Male,Suppressed,4
1999,MD,24015,Confirmed,Female,20+,11
1999,MD,24015,Confirmed,Female,Suppressed,4
1999,MD,24017,Confirmed,Male,0-19,10
1999,MD,24017,Confirmed,Male,20+,14
1999,MD,24017,Confirmed,Male,Suppressed,1
1999,MD,24017,Confirmed,Female,0-19,11
1999,MD,24017,Confirmed,Female,20+,27
1999,MD,24021,Confirmed,Male,20+,10
1999,MD,24021,Confirmed,Male,Suppressed,2
1999,MD,24021,Confirmed,Female,0-19,5
1999,MD,24021,Confirmed,Female,20+,15
1999,MD,24025,Confirmed,Male,0-19,29
1999,MD,24025,Confirmed,Male,20+,24
1999,MD,24025,Confirmed,Female,0-19,8
1999,MD,24025,Confirmed,Female,20+,29
1999,MD,24027,Confirmed,Male,0-19,17
1999,MD,24027,Confirmed,Male,20+,28
1999,MD,24027,Confirmed,Female,0-19,17
1999,MD,24027,Confirmed,Female,20+,27
1999,MD,24029,Confirmed,Male,0-19,6
1999,MD,24029,Confirmed,Male,20+,7
1999,MD,24029,Confirmed,Suppressed,0-19,4
1999,MD,24029,Confirmed,Suppressed,Suppressed,3
1999,MD,24031,Confirmed,Male,0-19,19
1999,MD,24031,Confirmed,Male,20+,8
1999,MD,24031,Confirmed,Female,0-19,6
1999,MD,24031,Confirmed,Female,20+,22
1999,MD,24033,Confirmed,Male,0-19,11
1999,MD,24033,Confirmed,Male,20+,22
1999,MD,24033,Confirmed,Female,0-19,7
1999,MD,24033,Confirmed,Female,20+,28
1999,MD,24035,Confirmed,Male,0-19,13
1999,MD,24035,Confirmed,Male,20+,11
1999,MD,24035,Confirmed,Female,20+,13
1999,MD,24035,Confirmed,Female,Suppressed,3
1999,MD,24037,Confirmed,Male,20+,8
1999,MD,24037,Confirmed,Male,Suppressed,4
1999,MD,24037,Confirmed,Female,20+,16
1999,MD,24037,Confirmed,Female,Suppressed,2
1999,MD,24041,Confirmed,Male,20+,17
1999,MD,24041,Confirmed,Male,Suppressed,2
1999,MD,24041,Confirmed,Female,20+,12
1999,MD,24041,Confirmed,Female,Suppressed,2
1999,MD,Suppressed,Confirmed,Male,20+,8
1999,MD,Suppressed,Confirmed,Male,Suppressed,6
1999,MD,Suppressed,Confirmed,Suppressed,20+,11
1999,MD,Suppressed,Confirmed,Suppressed,Suppressed,2
1999,ME,23005,Confirmed,Suppressed,Suppressed,5
1999,ME,23031,Confirmed,Male,20+,6
1999,ME,23031,Confirmed,Male,Suppressed,2
1999,ME,23031,Confirmed,Female,20+,10
1999,ME,23031,Confirmed,Female,Suppressed,1
1999,ME,Suppressed,Confirmed,Male,Suppressed,2
1999,ME,Suppressed,Confirmed,Female,20+,10
1999,ME,Suppressed,Confirmed,Suppressed,Suppressed,4
1999,MI,Suppressed,Confirmed,Suppressed,Suppressed,7
1999,MN,27001,Confirmed,Male,Suppressed,7
1999,MN,27001,Confirmed,Female,20+,6
1999,MN,27001,Confirmed,Female,Suppressed,3
1999,MN,27003,Confirmed,Male,0-19,7
1999,MN,27003,Confirmed,Male,20+,8
1999,MN,27003,Confirmed,Female,0-19,6
1999,MN,27003,Confirmed,Female,20+,9
1999,MN,27021,Confirmed,Suppressed,Suppressed,5
1999,MN,27025,Confirmed,Suppressed,Suppressed,5
1999,MN,27035,Confirmed,Male,0-19,8
1999,MN,27035,Confirmed,Male,Suppressed,5
1999,MN,27035,Confirmed,Female,0-19,6
1999,MN,27035,Confirmed,Female,20+,9
1999,MN,27035,Confirmed,Female,Suppressed,1
1999,MN,27037,Confirmed,Male,0-19,5
1999,MN,27037,Confirmed,Male,Suppressed,3
1999,MN,27037,Confirmed,Suppressed,Suppressed,5
1999,MN,27053,Confirmed,Male,0-19,9
1999,MN,27053,Confirmed,Male,20+,11
1999,MN,27053,Confirmed,Female,0-19,7
1999,MN,27053,Confirmed,Female,20+,14
1999,MN,27065,Confirmed,Male,0-19,5
1999,MN,27065,Confirmed,Male,20+,5
1999,MN,27065,Confirmed,Suppressed,20+,2
1999,MN,27065,Confirmed,Suppressed,Suppressed,1
1999,MN,27095,Confirmed,Female,Suppressed,5
1999,MN,27115,Confirmed,Suppressed,Suppressed,7
1999,MN,27123,Confirmed,Male,0-19,12
1999,MN,27123,Confirmed,Male,20+,14
1999,MN,27123,Confirmed,Female,20+,6
1999,MN,27123,Confirmed,Female,Suppressed,3
1999,MN,27137,Confirmed,Suppressed,Suppressed,5
1999,MN,27139,Confirmed,Suppressed,Suppressed,6
1999,MN,27163,Confirmed,Male,0-19,10
1999,MN,27163,Confirmed,Male,20+,7
1999,MN,27163,Confirmed,Female,20+,6
1999,MN,Suppressed,Confirmed,Male,0-19,4
1999,MN,Suppressed,Confirmed,Female,20+,1
1999,MN,Suppressed,Confirmed,Suppressed,Suppressed,45
1999,MO,29031,Confirmed,Male,20+,6
1999,MO,29031,Confirmed,Female,20+,6
1999,MO,29031,Confirmed,Female,Suppressed,3
1999,MO,29201,Confirmed,Suppressed,Suppressed,6
1999,MO,Suppressed,Confirmed,Male,Suppressed,3
1999,MO,Suppressed,Confirmed,Female,20+,10
1999,MO,Suppressed,Confirmed,Suppressed,Suppressed,38
1999,NC,37051,Confirmed,Suppressed,Suppressed,8
1999,NC,37119,Confirmed,Suppressed,Suppressed,6
1999,NC,37133,Confirmed,Suppressed,Suppressed,9
1999,NC,37183,Confirmed,Female,Suppressed,5
1999,NC,Suppressed,Confirmed,Male,0-19,5
1999,NC,Suppressed,Confirmed,Female,20+,20
1999,NC,Suppressed,Confirmed,Suppressed,Suppressed,21
1999,NE,Suppressed,Confirmed,Male,20+,6
1999,NE,Suppressed,Confirmed,Suppressed,Suppressed,5
1999,NH,33015,Confirmed,Male,Suppressed,5
1999,NH,Suppressed,Confirmed,Suppressed,20+,7
1999,NH,Suppressed,Confirmed,Suppressed,Suppressed,15
1999,NJ,34001,Confirmed,Male,0-19,5
1999,NJ,34001,Confirmed,Male,20+,28
1999,NJ,34001,Confirmed,Female,20+,25
1999,NJ,34001,Confirmed,Female,Suppressed,3
1999,NJ,34001,Confirmed,Suppressed,Suppressed,1
1999,NJ,34003,Confirmed,Male,20+,6
1999,NJ,34003,Confirmed,Male,Suppressed,4
1999,NJ,34003,Confirmed,Female,20+,7
1999,NJ,34005,Confirmed,Male,0-19,16
1999,NJ,34005,Confirmed,Male,20+,17
1999,NJ,34005,Confirmed,Female,0-19,8
1999,NJ,34005,Confirmed,Female,20+,14
1999,NJ,34007,Confirmed,Female,20+,5
1999,NJ,34007,Confirmed,Suppressed,Suppressed,2
1999,NJ,34009,Confirmed,Male,0-19,5
1999,NJ,34009,Confirmed,Male,20+,7
1999,NJ,34009,Confirmed,Suppressed,20+,1
1999,NJ,34009,Confirmed,Suppressed,Suppressed,1
1999,NJ,34011,Confirmed,Female,20+,6
1999,NJ,34011,Confirmed,Female,Suppressed,3
1999,NJ,34011,Confirmed,Suppressed,20+,1
1999,NJ,34011,Confirmed,Suppressed,Suppressed,5
1999,NJ,34013,Confirmed,Male,20+,8
1999,NJ,34013,Confirmed,Male,Suppressed,1
1999,NJ,34013,Confirmed,Female,0-19,6
1999,NJ,34013,Confirmed,Female,Suppressed,3
1999,NJ,34013,Confirmed,Suppressed,20+,1
1999,NJ,34015,Confirmed,Male,0-19,15
1999,NJ,34015,Confirmed,Male,20+,19
1999,NJ,34015,Confirmed,Female,0-19,6
1999,NJ,34015,Confirmed,Female,20+,20
1999,NJ,34015,Confirmed,Female,Suppressed,1
1999,NJ,34015,Confirmed,Suppressed,Suppressed,1
1999,NJ,34019,Confirmed,Male,0-19,104
1999,NJ,34019,Confirmed,Male,20+,246
1999,NJ,34019,Confirmed,Female,0-19,70
1999,NJ,34019,Confirmed,Female,20+,197
1999,NJ,34019,Confirmed,Female,Suppressed,1
1999,NJ,34021,Confirmed,Male,0-19,16
1999,NJ,34021,Confirmed,Male,20+,26
1999,NJ,34021,Confirmed,Male,Suppressed,1
1999,NJ,34021,Confirmed,Female,0-19,12
1999,NJ,34021,Confirmed,Female,20+,18
1999,NJ,34021,Confirmed,Female,Suppressed,1
1999,NJ,34021,Confirmed,Suppressed,20+,1
1999,NJ,34023,Confirmed,Male,0-19,11
1999,NJ,34023,Confirmed,Male,20+,12
1999,NJ,34023,Confirmed,Female,0-19,12
1999,NJ,34023,Confirmed,Female,20+,20
1999,NJ,34023,Confirmed,Female,Suppressed,1
1999,NJ,34023,Confirmed,Suppressed,Suppressed,2
1999,NJ,34025,Confirmed,Male,0-19,12
1999,NJ,34025,Confirmed,Male,20+,20
1999,NJ,34025,Confirmed,Male,Suppressed,1
1999,NJ,34025,Confirmed,Female,0-19,11
1999,NJ,34025,Confirmed,Female,20+,16
1999,NJ,34027,Confirmed,Male,0-19,40
1999,NJ,34027,Confirmed,Male,20+,105
1999,NJ,34027,Confirmed,Female,0-19,28
1999,NJ,34027,Confirmed,Female,20+,91
1999,NJ,34027,Confirmed,Female,Suppressed,1
1999,NJ,34027,Confirmed,Suppressed,Suppressed,2
1999,NJ,34029,Confirmed,Male,0-19,19
1999,NJ,34029,Confirmed,Male,20+,39
1999,NJ,34029,Confirmed,Male,Suppressed,1
1999,NJ,34029,Confirmed,Female,0-19,8
1999,NJ,34029,Confirmed,Female,20+,27
1999,NJ,34029,Confirmed,Female,Suppressed,1
1999,NJ,34029,Confirmed,Suppressed,20+,1
1999,NJ,34031,Confirmed,Suppressed,Suppressed,5
1999,NJ,34033,Confirmed,Male,0-19,7
1999,NJ,34033,Confirmed,Male,20+,13
1999,NJ,34033,Confirmed,Female,0-19,6
1999,NJ,34033,Confirmed,Female,20+,13
1999,NJ,34033,Confirmed,Suppressed,Suppressed,3
1999,NJ,34035,Confirmed,Male,0-19,28
1999,NJ,34035,Confirmed,Male,20+,22
1999,NJ,34035,Confirmed,Female,0-19,23
1999,NJ,34035,Confirmed,Female,20+,24
1999,NJ,34035,Confirmed,Suppressed,Suppressed,1
1999,NJ,34037,Confirmed,Male,20+,9
1999,NJ,34037,Confirmed,Male,Suppressed,4
1999,NJ,34037,Confirmed,Female,20+,12
1999,NJ,34037,Confirmed,Female,Suppressed,2
1999,NJ,34037,Confirmed,Suppressed,Suppressed,1
1999,NJ,34039,Confirmed,Male,0-19,6
1999,NJ,34039,Confirmed,Suppressed,0-19,2
1999,NJ,34039,Confirmed,Suppressed,Suppressed,1
1999,NJ,34041,Confirmed,Male,0-19,19
1999,NJ,34041,Confirmed,Male,20+,39
1999,NJ,34041,Confirmed,Female,0-19,12
1999,NJ,34041,Confirmed,Female,20+,32
1999,NJ,34041,Confirmed,Suppressed,0-19,1
1999,NJ,Suppressed,Confirmed,Male,0-19,3
1999,NJ,Suppressed,Confirmed,Female,20+,3
1999,NJ,Suppressed,Confirmed,Suppressed,Suppressed,3
1999,NY,36001,Confirmed,Female,0-19,5
1999,NY,36001,Confirmed,Female,20+,7
1999,NY,36001,Confirmed,Suppressed,Suppressed,3
1999,NY,36005,Confirmed,Male,20+,8
1999,NY,36005,Confirmed,Male,Suppressed,2
1999,NY,36005,Confirmed,Female,20+,7
1999,NY,36005,Confirmed,Female,Suppressed,2
1999,NY,36021,Confirmed,Male,0-19,67
1999,NY,36021,Confirmed,Male,20+,129
1999,NY,36021,Confirmed,Male,Suppressed,1
1999,NY,36021,Confirmed,Female,0-19,45
1999,NY,36021,Confirmed,Female,20+,151
1999,NY,36021,Confirmed,Female,Suppressed,1
1999,NY,36027,Confirmed,Male,0-19,225
1999,NY,36027,Confirmed,Male,20+,494
1999,NY,36027,Confirmed,Male,Suppressed,1
1999,NY,36027,Confirmed,Female,0-19,201
1999,NY,36027,Confirmed,Female,20+,462
1999,NY,36027,Confirmed,Female,Suppressed,2
1999,NY,36029,Confirmed,Male,20+,5
1999,NY,36029,Confirmed,Male,Suppressed,2
1999,NY,36029,Confirmed,Suppressed,Suppressed,3
1999,NY,36039,Confirmed,Male,0-19,5
1999,NY,36039,Confirmed,Male,20+,9
1999,NY,36039,Confirmed,Female,0-19,5
1999,NY,36039,Confirmed,Female,20+,12
1999,NY,36047,Confirmed,Male,20+,5
1999,NY,36047,Confirmed,Male,Suppressed,3
1999,NY,36047,Confirmed,Female,20+,13
1999,NY,36047,Confirmed,Female,Suppressed,2
1999,NY,36059,Confirmed,Male,0-19,15
1999,NY,36059,Confirmed,Male,20+,43
1999,NY,36059,Confirmed,Female,0-19,10
1999,NY,36059,Confirmed,Female,20+,39
1999,NY,36061,Confirmed,Male,0-19,5
1999,NY,36061,Confirmed,Male,20+,33
1999,NY,36061,Confirmed,Female,20+,21
1999,NY,36061,Confirmed,Female,Suppressed,5
1999,NY,36061,Confirmed,Suppressed,0-19,2
1999,NY,36067,Confirmed,Female,20+,5
1999,NY,36067,Confirmed,Female,Suppressed,2
1999,NY,36067,Confirmed,Suppressed,20+,1
1999,NY,36067,Confirmed,Suppressed,Suppressed,1
1999,NY,36071,Confirmed,Male,0-19,102
1999,NY,36071,Confirmed,Male,20+,125
1999,NY,36071,Confirmed,Female,0-19,76
1999,NY,36071,Confirmed,Female,20+,157
1999,NY,36079,Confirmed,Male,0-19,43
1999,NY,36079,Confirmed,Male,20+,58
1999,NY,36079,Confirmed,Female,0-19,31
1999,NY,36079,Confirmed,Female,20+,40
1999,NY,36079,Confirmed,Female,Suppressed,2
1999,NY,36081,Confirmed,Male,20+,7
1999,NY,36081,Confirmed,Female,20+,11
1999,NY,36081,Confirmed,Female,Suppressed,3
1999,NY,36083,Confirmed,Male,0-19,6
1999,NY,36083,Confirmed,Male,20+,8
1999,NY,36083,Confirmed,Female,20+,9
1999,NY,36083,Confirmed,Female,Suppressed,1
1999,NY,36085,Confirmed,Suppressed,Suppressed,7
1999,NY,36087,Confirmed,Male,0-19,13
1999,NY,36087,Confirmed,Male,20+,14
1999,NY,36087,Confirmed,Male,Suppressed,2
1999,NY,36087,Confirmed,Female,0-19,8
1999,NY,36087,Confirmed,Female,20+,16
1999,NY,36087,Confirmed,Female,Suppressed,1
1999,NY,36093,Confirmed,Suppressed,Suppressed,6
1999,NY,36103,Confirmed,Male,0-19,115
1999,NY,36103,Confirmed,Male,20+,318
1999,NY,36103,Confirmed,Female,0-19,79
1999,NY,36103,Confirmed,Female,20+,334
1999,NY,36103,Confirmed,Female,Suppressed,1
1999,NY,36109,Confirmed,Suppressed,Suppressed,6
1999,NY,36111,Confirmed,Male,0-19,23
1999,NY,36111,Confirmed,Male,20+,50
1999,NY,36111,Confirmed,Male,Suppressed,2
1999,NY,36111,Confirmed,Female,0-19,24
1999,NY,36111,Confirmed,Female,20+,51
1999,NY,36119,Confirmed,Male,0-19,94
1999,NY,36119,Confirmed,Male,20+,185
1999,NY,36119,Confirmed,Female,0-19,78
1999,NY,36119,Confirmed,Female,20+,196
1999,NY,Suppressed,Confirmed,Male,20+,17
1999,NY,Suppressed,Confirmed,Female,0-19,1
1999,NY,Suppressed,Confirmed,Suppressed,Suppressed,23
1999,OH,39035,Confirmed,Suppressed,Suppressed,6
1999,OH,Suppressed,Confirmed,Male,0-19,6
1999,OH,Suppressed,Confirmed,Female,20+,13
1999,OH,Suppressed,Confirmed,Suppressed,Suppressed,22
1999,OK,Suppressed,Confirmed,Male,20+,5
1999,OR,Suppressed,Confirmed,Male,20+,8
1999,OR,Suppressed,Confirmed,Suppressed,20+,6
1999,PA,42001,Confirmed,Male,0-19,5
1999,PA,42001,Confirmed,Male,20+,5
1999,PA,42001,Confirmed,Suppressed,0-19,4
1999,PA,42001,Confirmed,Suppressed,Suppressed,1
1999,PA,42003,Confirmed,Male,20+,5
1999,PA,42003,Confirmed,Male,Suppressed,4
1999,PA,42003,Confirmed,Female,Suppressed,5
1999,PA,42011,Confirmed,Male,0-19,21
1999,PA,42011,Confirmed,Male,20+,55
1999,PA,42011,Confirmed,Female,0-19,12
1999,PA,42011,Confirmed,Female,20+,51
1999,PA,42017,Confirmed,Male,0-19,76
1999,PA,42017,Confirmed,Male,20+,208
1999,PA,42017,Confirmed,Female,0-19,41
1999,PA,42017,Confirmed,Female,20+,197
1999,PA,42019,Confirmed,Male,20+,7
1999,PA,42019,Confirmed,Suppressed,Suppressed,1
1999,PA,42021,Confirmed,Female,20+,6
1999,PA,42021,Confirmed,Female,Suppressed,1
1999,PA,42021,Confirmed,Suppressed,Suppressed,1
1999,PA,42023,Confirmed,Suppressed,Suppressed,8
1999,PA,42027,Confirmed,Male,20+,9
1999,PA,42027,Confirmed,Male,Suppressed,2
1999,PA,42027,Confirmed,Suppressed,Suppressed,5
1999,PA,42029,Confirmed,Male,0-19,161
1999,PA,42029,Confirmed,Male,20+,272
1999,PA,42029,Confirmed,Male,Unknown,10
1999,PA,42029,Confirmed,Female,0-19,104
1999,PA,42029,Confirmed,Female,20+,319
1999,PA,42029,Confirmed,Female,Unknown,13
1999,PA,42029,Confirmed,Suppressed,20+,2
1999,PA,42033,Confirmed,Male,20+,25
1999,PA,42033,Confirmed,Male,Suppressed,1
1999,PA,42033,Confirmed,Female,20+,17
1999,PA,42033,Confirmed,Female,Suppressed,2
1999,PA,42037,Confirmed,Female,20+,5
1999,PA,42041,Confirmed,Male,20+,6
1999,PA,42041,Confirmed,Male,Suppressed,1
1999,PA,42041,Confirmed,Suppressed,Suppressed,5
1999,PA,42043,Confirmed,Male,Suppressed,5
1999,PA,42045,Confirmed,Male,0-19,22
1999,PA,42045,Confirmed,Male,20+,34
1999,PA,42045,Confirmed,Male,Suppressed,1
1999,PA,42045,Confirmed,Female,0-19,15
1999,PA,42045,Confirmed,Female,20+,32
1999,PA,42045,Confirmed,Suppressed,20+,1
1999,PA,42047,Confirmed,Male,0-19,8
1999,PA,42047,Confirmed,Male,20+,10
1999,PA,42047,Confirmed,Female,0-19,12
1999,PA,42047,Confirmed,Female,20+,5
1999,PA,42049,Confirmed,Suppressed,Suppressed,8
1999,PA,42055,Confirmed,Suppressed,Suppressed,8
1999,PA,42059,Confirmed,Suppressed,Suppressed,5
1999,PA,42063,Confirmed,Suppressed,Suppressed,5
1999,PA,42071,Confirmed,Male,0-19,8
1999,PA,42071,Confirmed,Male,20+,9
1999,PA,42071,Confirmed,Female,20+,9
1999,PA,42071,Confirmed,Female,Suppressed,4
1999,PA,42075,Confirmed,Male,Suppressed,5
1999,PA,42075,Confirmed,Female,Suppressed,6
1999,PA,42077,Confirmed,Male,20+,6
1999,PA,42077,Confirmed,Male,Suppressed,3
1999,PA,42077,Confirmed,Female,20+,9
1999,PA,42077,Confirmed,Female,Suppressed,3
1999,PA,42085,Confirmed,Male,20+,6
1999,PA,42085,Confirmed,Suppressed,Suppressed,1
1999,PA,42091,Confirmed,Male,0-19,77
1999,PA,42091,Confirmed,Male,20+,145
1999,PA,42091,Confirmed,Female,0-19,53
1999,PA,42091,Confirmed,Female,20+,160
1999,PA,42091,Confirmed,Female,Suppressed,1
1999,PA,42095,Confirmed,Male,0-19,6
1999,PA,42095,Confirmed,Male,20+,11
1999,PA,42095,Confirmed,Female,20+,6
1999,PA,42095,Confirmed,Female,Suppressed,2
1999,PA,42097,Confirmed,Female,20+,6
1999,PA,42097,Confirmed,Suppressed,20+,3
1999,PA,42101,Confirmed,Male,0-19,45
1999,PA,42101,Confirmed,Male,20+,68
1999,PA,42101,Confirmed,Male,Suppressed,1
1999,PA,42101,Confirmed,Female,0-19,18
1999,PA,42101,Confirmed,Female,20+,81
1999,PA,42101,Confirmed,Female,Suppressed,2
1999,PA,42107,Confirmed,Female,Suppressed,6
1999,PA,42133,Confirmed,Male,0-19,17
1999,PA,42133,Confirmed,Male,20+,44
1999,PA,42133,Confirmed,Female,0-19,14
1999,PA,42133,Confirmed,Female,20+,35
1999,PA,Suppressed,Confirmed,Male,20+,10
1999,PA,Suppressed,Confirmed,Female,0-19,5
1999,PA,Suppressed,Confirmed,Suppressed,Suppressed,52
1999,RI,44003,Confirmed,Male,0-19,14
1999,RI,44003,Confirmed,Male,20+,25
1999,RI,44003,Confirmed,Female,0-19,7
1999,RI,44003,Confirmed,Female,20+,33
1999,RI,44005,Confirmed,Male,0-19,5
1999,RI,44005,Confirmed,Male,20+,8
1999,RI,44005,Confirmed,Female,20+,15
1999,RI,44005,Confirmed,Female,Suppressed,2
1999,RI,44007,Confirmed,Male,0-19,11
1999,RI,44007,Confirmed,Male,20+,26
1999,RI,44007,Confirmed,Female,0-19,5
1999,RI,44007,Confirmed,Female,20+,31
1999,RI,44009,Confirmed,Male,0-19,51
1999,RI,44009,Confirmed,Male,20+,136
1999,RI,44009,Confirmed,Female,0-19,50
1999,RI,44009,Confirmed,Female,20+,115
1999,RI,44009,Confirmed,Female,Suppressed,2
1999,RI,Suppressed,Confirmed,Male,20+,4
1999,RI,Suppressed,Confirmed,Male,Suppressed,3
1999,RI,Suppressed,Confirmed,Suppressed,20+,3
1999,SC,Suppressed,Confirmed,Suppressed,Suppressed,6
1999,Suppressed,51059,Confirmed,Suppressed,Suppressed,1
1999,Suppressed,Suppressed,Confirmed,Male,Suppressed,4
1999,Suppressed,Suppressed,Confirmed,Suppressed,20+,36
1999,Suppressed,Suppressed,Confirmed,Suppressed,Suppressed,19
1999,TN,47037,Confirmed,Male,20+,5
1999,TN,47037,Confirmed,Female,20+,15
1999,TN,Suppressed,Confirmed,Male,20+,8
1999,TN,Suppressed,Confirmed,Female,Suppressed,1
1999,TN,Suppressed,Confirmed,Suppressed,20+,4
1999,TN,Suppressed,Confirmed,Suppressed,Suppressed,26
1999,TX,48113,Confirmed,Female,20+,7
1999,TX,48113,Confirmed,Female,Suppressed,1
1999,TX,48113,Confirmed,Suppressed,20+,3
1999,TX,48113,Confirmed,Suppressed,Suppressed,1
1999,TX,48201,Confirmed,Suppressed,Suppressed,7
1999,TX,48439,Confirmed,Female,20+,5
1999,TX,Suppressed,Confirmed,Male,20+,11
1999,TX,Suppressed,Confirmed,Female,Suppressed,3
1999,TX,Suppressed,Confirmed,Suppressed,Suppressed,34
1999,VA,51037,Confirmed,Suppressed,Suppressed,5
1999,VA,51059,Confirmed,Male,0-19,5
1999,VA,51059,Confirmed,Male,20+,6
1999,VA,51059,Confirmed,Female,0-19,6
1999,VA,51059,Confirmed,Female,20+,10
1999,VA,51107,Confirmed,Male,0-19,10
1999,VA,51107,Confirmed,Male,20+,6
1999,VA,51107,Confirmed,Female,0-19,10
1999,VA,51107,Confirmed,Female,Suppressed,3
1999,VA,Suppressed,Confirmed,Male,20+,8
1999,VA,Suppressed,Confirmed,Female,0-19,2
1999,VA,Suppressed,Confirmed,Suppressed,Suppressed,50
1999,VT,50007,Confirmed,Suppressed,Suppressed,5
1999,VT,Suppressed,Confirmed,Suppressed,20+,8
1999,VT,Suppressed,Confirmed,Suppressed,Suppressed,13
1999,WA,53033,Confirmed,Suppressed,Suppressed,7
1999,WI,55005,Confirmed,Male,Suppressed,5
1999,WI,55005,Confirmed,Female,20+,6
1999,WI,55005,Confirmed,Female,Suppressed,4
1999,WI,55013,Confirmed,Male,20+,13
1999,WI,55013,Confirmed,Male,Suppressed,1
1999,WI,55013,Confirmed,Female,20+,9
1999,WI,55013,Confirmed,Female,Suppressed,2
1999,WI,55017,Confirmed,Female,20+,5
1999,WI,55017,Confirmed,Female,Suppressed,4
1999,WI,55017,Confirmed,Suppressed,20+,4
1999,WI,55019,Confirmed,Male,20+,6
1999,WI,55019,Confirmed,Male,Suppressed,2
1999,WI,55019,Confirmed,Suppressed,Suppressed,5
1999,WI,55021,Confirmed,Male,20+,6
1999,WI,55025,Confirmed,Male,0-19,5
1999,WI,55025,Confirmed,Male,Suppressed,4
1999,WI,55025,Confirmed,Female,20+,7
1999,WI,55025,Confirmed,Female,Suppressed,2
1999,WI,55031,Confirmed,Female,20+,6
1999,WI,55031,Confirmed,Female,Suppressed,1
1999,WI,55031,Confirmed,Suppressed,20+,3
1999,WI,55031,Confirmed,Suppressed,Suppressed,2
1999,WI,55033,Confirmed,Female,Suppressed,6
1999,WI,55033,Confirmed,Suppressed,Suppressed,7
1999,WI,55035,Confirmed,Male,0-19,12
1999,WI,55035,Confirmed,Male,20+,19
1999,WI,55035,Confirmed,Female,0-19,6
1999,WI,55035,Confirmed,Female,20+,16
1999,WI,55039,Confirmed,Suppressed,Suppressed,7
1999,WI,55053,Confirmed,Male,20+,7
1999,WI,55053,Confirmed,Female,20+,5
1999,WI,55053,Confirmed,Female,Suppressed,2
1999,WI,55063,Confirmed,Male,0-19,13
1999,WI,55063,Confirmed,Male,20+,7
1999,WI,55063,Confirmed,Female,0-19,5
1999,WI,55063,Confirmed,Female,20+,8
1999,WI,55063,Confirmed,Suppressed,20+,1
1999,WI,55081,Confirmed,Male,20+,6
1999,WI,55081,Confirmed,Male,Suppressed,2
1999,WI,55081,Confirmed,Female,Suppressed,7
1999,WI,55085,Confirmed,Male,20+,5
1999,WI,55093,Confirmed,Suppressed,Suppressed,6
1999,WI,55095,Confirmed,Male,20+,7
1999,WI,55095,Confirmed,Male,Suppressed,4
1999,WI,55095,Confirmed,Female,0-19,9
1999,WI,55095,Confirmed,Female,20+,9
1999,WI,55097,Confirmed,Male,0-19,6
1999,WI,55097,Confirmed,Male,20+,18
1999,WI,55097,Confirmed,Female,0-19,5
1999,WI,55097,Confirmed,Female,20+,10
1999,WI,55109,Confirmed,Male,0-19,5
1999,WI,55109,Confirmed,Suppressed,0-19,2
1999,WI,55111,Confirmed,Female,20+,6
1999,WI,55111,Confirmed,Female,Suppressed,1
1999,WI,55111,Confirmed,Suppressed,Suppressed,4
1999,WI,55113,Confirmed,Male,20+,8
1999,WI,55113,Confirmed,Male,Suppressed,3
1999,WI,55113,Confirmed,Female,Suppressed,5
1999,WI,55121,Confirmed,Male,Suppressed,7
1999,WI,55123,Confirmed,Suppressed,Suppressed,6
1999,WI,55129,Confirmed,Male,0-19,6
1999,WI,55129,Confirmed,Male,Suppressed,4
1999,WI,55129,Confirmed,Female,0-19,5
1999,WI,55129,Confirmed,Female,20+,5
1999,WI,55133,Confirmed,Suppressed,Suppressed,7
1999,WI,55135,Confirmed,Female,Suppressed,5
1999,WI,55135,Confirmed,Suppressed,Suppressed,5
1999,WI,55141,Confirmed,Male,20+,8
1999,WI,55141,Confirmed,Female,0-19,5
1999,WI,55141,Confirmed,Female,20+,7
1999,WI,Suppressed,Confirmed,Male,20+,11
1999,WI,Suppressed,Confirmed,Female,0-19,5
1999,WI,Suppressed,Confirmed,Suppressed,Suppressed,53
1999,WV,Suppressed,Confirmed,Female,20+,7
1999,WV,Suppressed,Confirmed,Suppressed,Suppressed,13
2000,AL,Suppressed,Confirmed,Suppressed,20+,5
2000,AR,Suppressed,Confirmed,Suppressed,20+,7
2000,CA,06023,Confirmed,Male,20+,6
2000,CA,06023,Confirmed,Male,Suppressed,1
2000,CA,06023,Confirmed,Suppressed,Suppressed,3
2000,CA,06045,Confirmed,Suppressed,Suppressed,7
2000,CA,06057,Confirmed,Female,20+,5
2000,CA,06057,Confirmed,Suppressed,20+,3
2000,CA,06057,Confirmed,Suppressed,Suppressed,1
2000,CA,06073,Confirmed,Female,Suppressed,5
2000,CA,06087,Confirmed,Suppressed,Suppressed,5
2000,CA,06097,Confirmed,Suppressed,Suppressed,8
2000,CA,Suppressed,Confirmed,Male,20+,6
2000,CA,Suppressed,Confirmed,Female,0-19,5
2000,CA,Suppressed,Confirmed,Suppressed,Suppressed,41
2000,CT,09001,Confirmed,Male,0-19,263
2000,CT,09001,Confirmed,Male,20+,444
2000,CT,09001,Confirmed,Male,Suppressed,4
2000,CT,09001,Confirmed,Female,0-19,199
2000,CT,09001,Confirmed,Female,20+,421
2000,CT,09001,Confirmed,Female,Unknown,7
2000,CT,09001,Confirmed,Suppressed,20+,3
2000,CT,09001,Confirmed,Suppressed,Suppressed,1
2000,CT,09003,Confirmed,Male,0-19,47
2000,CT,09003,Confirmed,Male,20+,85
2000,CT,09003,Confirmed,Female,0-19,27
2000,CT,09003,Confirmed,Female,20+,70
2000,CT,09003,Confirmed,Suppressed,0-19,2
2000,CT,09005,Confirmed,Male,0-19,58
2000,CT,09005,Confirmed,Male,20+,169
2000,CT,09005,Confirmed,Male,Suppressed,3
2000,CT,09005,Confirmed,Female,0-19,43
2000,CT,09005,Confirmed,Female,20+,179
2000,CT,09005,Confirmed,Female,Suppressed,1
2000,CT,09005,Confirmed,Suppressed,20+,3
2000,CT,09005,Confirmed,Suppressed,Suppressed,1
2000,CT,09007,Confirmed,Male,0-19,23
2000,CT,09007,Confirmed,Male,20+,66
2000,CT,09007,Confirmed,Female,0-19,18
2000,CT,09007,Confirmed,Female,20+,80
2000,CT,09007,Confirmed,Female,Suppressed,4
2000,CT,09009,Confirmed,Male,0-19,98
2000,CT,09009,Confirmed,Male,20+,146
2000,CT,09009,Confirmed,Female,0-19,60
2000,CT,09009,Confirmed,Female,20+,134
2000,CT,09009,Confirmed,Female,Suppressed,1
2000,CT,09009,Confirmed,Suppressed,20+,2
2000,CT,09009,Confirmed,Suppressed,Suppressed,1
2000,CT,09011,Confirmed,Male,0-19,97
2000,CT,09011,Confirmed,Male,20+,137
2000,CT,09011,Confirmed,Male,Suppressed,1
2000,CT,09011,Confirmed,Female,0-19,71
2000,CT,09011,Confirmed,Female,20+,132
2000,CT,09011,Confirmed,Suppressed,20+,1
2000,CT,09013,Confirmed,Male,0-19,50
2000,CT,09013,Confirmed,Male,20+,60
2000,CT,09013,Confirmed,Male,Suppressed,1
2000,CT,09013,Confirmed,Female,0-19,35
2000,CT,09013,Confirmed,Female,20+,55
2000,CT,09015,Confirmed,Male,0-19,72
2000,CT,09015,Confirmed,Male,20+,127
2000,CT,09015,Confirmed,Male,Suppressed,1
2000,CT,09015,Confirmed,Female,0-19,54
2000,CT,09015,Confirmed,Female,20+,99
2000,CT,09015,Confirmed,Female,Suppressed,1
2000,CT,09015,Confirmed,Suppressed,20+,3
2000,CT,09015,Confirmed,Suppressed,Suppressed,2
2000,CT,Unknown,Confirmed,Male,0-19,19
2000,CT,Unknown,Confirmed,Male,20+,32
2000,CT,Unknown,Confirmed,Male,Unknown,8
2000,CT,Unknown,Confirmed,Female,0-19,12
2000,CT,Unknown,Confirmed,Female,20+,29
2000,CT,Unknown,Confirmed,Female,Unknown,10
2000,CT,Unknown,Confirmed,Suppressed,Unknown,1
2000,DC,11001,Confirmed,Male,20+,6
2000,DC,11001,Confirmed,Male,Suppressed,1
2000,DC,11001,Confirmed,Suppressed,20+,4
2000,DE,10001,Confirmed,Male,0-19,5
2000,DE,10001,Confirmed,Male,20+,10
2000,DE,10001,Confirmed,Female,20+,6
2000,DE,10001,Confirmed,Female,Suppressed,4
2000,DE,10003,Confirmed,Male,0-19,19
2000,DE,10003,Confirmed,Male,20+,40
2000,DE,10003,Confirmed,Male,Suppressed,2
2000,DE,10003,Confirmed,Female,0-19,15
2000,DE,10003,Confirmed,Female,20+,45
2000,DE,10005,Confirmed,Male,20+,13
2000,DE,10005,Confirmed,Male,Suppressed,2
2000,DE,10005,Confirmed,Suppressed,20+,4
2000,DE,10005,Confirmed,Suppressed,Suppressed,2
2000,FL,12025,Confirmed,Male,20+,5
2000,FL,12025,Confirmed,Male,Suppressed,1
2000,FL,12025,Confirmed,Suppressed,20+,2
2000,FL,12025,Confirmed,Suppressed,Suppressed,1
2000,FL,12103,Confirmed,Male,20+,5
2000,FL,12103,Confirmed,Male,Suppressed,1
2000,FL,12103,Confirmed,Suppressed,20+,4
2000,FL,Suppressed,Confirmed,Male,0-19,6
2000,FL,Suppressed,Confirmed,Female,20+,8
2000,FL,Suppressed,Confirmed,Suppressed,Suppressed,21
2000,IA,19113,Confirmed,Female,Suppressed,5
2000,IA,Suppressed,Confirmed,Male,20+,9
2000,IA,Suppressed,Confirmed,Suppressed,Suppressed,20
2000,IL,17031,Confirmed,Suppressed,Suppressed,5
2000,IL,Suppressed,Confirmed,Male,20+,10
2000,IL,Suppressed,Confirmed,Female,0-19,8
2000,IL,Suppressed,Confirmed,Suppressed,Suppressed,12
2000,IN,18097,Confirmed,Suppressed,Suppressed,5
2000,IN,Suppressed,Confirmed,Male,20+,5
2000,IN,Suppressed,Confirmed,Suppressed,Suppressed,13
2000,KS,Suppressed,Confirmed,Suppressed,Suppressed,13
2000,KY,Suppressed,Confirmed,Male,Suppressed,8
2000,LA,Suppressed,Confirmed,Male,Suppressed,5
2000,MA,25001,Confirmed,Male,0-19,19
2000,MA,25001,Confirmed,Male,20+,53
2000,MA,25001,Confirmed,Male,Suppressed,1
2000,MA,25001,Confirmed,Female,0-19,19
2000,MA,25001,Confirmed,Female,20+,53
2000,MA,25001,Confirmed,Female,Suppressed,3
2000,MA,25001,Confirmed,Unknown,20+,5
2000,MA,25001,Confirmed,Unknown,Suppressed,1
2000,MA,25003,Confirmed,Male,0-19,11
2000,MA,25003,Confirmed,Male,20+,13
2000,MA,25003,Confirmed,Male,Suppressed,1
2000,MA,25003,Confirmed,Female,0-19,10
2000,MA,25003,Confirmed,Female,20+,14
2000,MA,25003,Confirmed,Female,Suppressed,2
2000,MA,25005,Confirmed,Male,0-19,15
2000,MA,25005,Confirmed,Male,20+,24
2000,MA,25005,Confirmed,Male,Suppressed,1
2000,MA,25005,Confirmed,Female,0-19,10
2000,MA,25005,Confirmed,Female,20+,23
2000,MA,25005,Confirmed,Suppressed,20+,1
2000,MA,25007,Confirmed,Male,20+,16
2000,MA,25007,Confirmed,Male,Suppressed,2
2000,MA,25007,Confirmed,Female,20+,19
2000,MA,25007,Confirmed,Female,Suppressed,1
2000,MA,25007,Confirmed,Suppressed,20+,1
2000,MA,25009,Confirmed,Male,0-19,37
2000,MA,25009,Confirmed,Male,20+,76
2000,MA,25009,Confirmed,Male,Suppressed,1
2000,MA,25009,Confirmed,Female,0-19,22
2000,MA,25009,Confirmed,Female,20+,61
2000,MA,25009,Confirmed,Female,Suppressed,1
2000,MA,25009,Confirmed,Unknown,20+,5
2000,MA,25009,Confirmed,Unknown,Suppressed,1
2000,MA,25011,Confirmed,Male,20+,5
2000,MA,25011,Confirmed,Male,Suppressed,1
2000,MA,25011,Confirmed,Suppressed,20+,2
2000,MA,25011,Confirmed,Suppressed,Suppressed,1
2000,MA,25013,Confirmed,Male,0-19,13
2000,MA,25013,Confirmed,Male,20+,20
2000,MA,25013,Confirmed,Female,0-19,14
2000,MA,25013,Confirmed,Female,20+,21
2000,MA,25013,Confirmed,Suppressed,0-19,3
2000,MA,25013,Confirmed,Suppressed,Suppressed,1
2000,MA,25015,Confirmed,Male,20+,14
2000,MA,25015,Confirmed,Male,Suppressed,4
2000,MA,25015,Confirmed,Female,20+,12
2000,MA,25015,Confirmed,Female,Suppressed,3
2000,MA,25015,Confirmed,Suppressed,20+,1
2000,MA,25017,Confirmed,Male,0-19,23
2000,MA,25017,Confirmed,Male,20+,46
2000,MA,25017,Confirmed,Male,Suppressed,3
2000,MA,25017,Confirmed,Female,0-19,10
2000,MA,25017,Confirmed,Female,20+,47
2000,MA,25019,Confirmed,Male,20+,18
2000,MA,25019,Confirmed,Male,Suppressed,2
2000,MA,25019,Confirmed,Female,20+,16
2000,MA,25019,Confirmed,Female,Suppressed,3
2000,MA,25021,Confirmed,Male,0-19,15
2000,MA,25021,Confirmed,Male,20+,22
2000,MA,25021,Confirmed,Female,0-19,12
2000,MA,25021,Confirmed,Female,20+,31
2000,MA,25023,Confirmed,Male,0-19,41
2000,MA,25023,Confirmed,Male,20+,49
2000,MA,25023,Confirmed,Male,Suppressed,2
2000,MA,25023,Confirmed,Female,0-19,17
2000,MA,25023,Confirmed,Female,20+,40
2000,MA,25023,Confirmed,Female,Suppressed,3
2000,MA,25025,Confirmed,Male,20+,13
2000,MA,25025,Confirmed,Female,20+,9
2000,MA,25025,Confirmed,Female,Suppressed,3
2000,MA,25027,Confirmed,Male,0-19,20
2000,MA,25027,Confirmed,Male,20+,35
2000,MA,25027,Confirmed,Male,Suppressed,1
2000,MA,25027,Confirmed,Female,0-19,12
2000,MA,25027,Confirmed,Female,20+,20
2000,MA,25027,Confirmed,Suppressed,0-19,1
2000,MA,Suppressed,Confirmed,Female,0-19,2
2000,MA,Suppressed,Confirmed,Female,Suppressed,1
2000,MA,Suppressed,Confirmed,Suppressed,Suppressed,4
2000,MD,24003,Confirmed,Male,0-19,21
2000,MD,24003,Confirmed,Male,20+,29
2000,MD,24003,Confirmed,Female,0-19,12
2000,MD,24003,Confirmed,Female,20+,21
2000,MD,24003,Confirmed,Female,Suppressed,1
2000,MD,24005,Confirmed,Male,0-19,7
2000,MD,24005,Confirmed,Male,20+,8
2000,MD,24005,Confirmed,Female,0-19,6
2000,MD,24005,Confirmed,Female,20+,7
2000,MD,24009,Confirmed,Male,0-19,5
2000,MD,24009,Confirmed,Male,20+,9
2000,MD,24009,Confirmed,Female,20+,9
2000,MD,24009,Confirmed,Female,Suppressed,4
2000,MD,24011,Confirmed,Male,20+,6
2000,MD,24011,Confirmed,Male,Suppressed,3
2000,MD,24011,Confirmed,Female,0-19,6
2000,MD,24011,Confirmed,Female,20+,6
2000,MD,24013,Confirmed,Male,0-19,7
2000,MD,24013,Confirmed,Male,20+,11
2000,MD,24013,Confirmed,Female,0-19,5
2000,MD,24013,Confirmed,Female,20+,7
2000,MD,24015,Confirmed,Male,0-19,10
2000,MD,24015,Confirmed,Male,20+,16
2000,MD,24015,Confirmed,Female,20+,14
2000,MD,24015,Confirmed,Female,Suppressed,2
2000,MD,24017,Confirmed,Male,20+,6
2000,MD,24017,Confirmed,Male,Suppressed,4
2000,MD,24017,Confirmed,Female,20+,14
2000,MD,24017,Confirmed,Female,Suppressed,3
2000,MD,24021,Confirmed,Male,0-19,6
2000,MD,24021,Confirmed,Male,20+,9
2000,MD,24021,Confirmed,Female,20+,8
2000,MD,24021,Confirmed,Female,Suppressed,3
2000,MD,24025,Confirmed,Male,0-19,11
2000,MD,24025,Confirmed,Male,20+,13
2000,MD,24025,Confirmed,Female,0-19,10
2000,MD,24025,Confirmed,Female,20+,8
2000,MD,24027,Confirmed,Male,0-19,24
2000,MD,24027,Confirmed,Male,20+,12
2000,MD,24027,Confirmed,Female,0-19,14
2000,MD,24027,Confirmed,Female,20+,14
2000,MD,24029,Confirmed,Male,20+,13
2000,MD,24029,Confirmed,Male,Suppressed,3
2000,MD,24029,Confirmed,Female,20+,16
2000,MD,24029,Confirmed,Female,Suppressed,2
2000,MD,24031,Confirmed,Male,0-19,26
2000,MD,24031,Confirmed,Male,20+,22
2000,MD,24031,Confirmed,Female,0-19,17
2000,MD,24031,Confirmed,Female,20+,14
2000,MD,24031,Confirmed,Female,Suppressed,1
2000,MD,24033,Confirmed,Male,0-19,11
2000,MD,24033,Confirmed,Male,20+,18
2000,MD,24033,Confirmed,Female,0-19,6
2000,MD,24033,Confirmed,Female,20+,14
2000,MD,24033,Confirmed,Suppressed,20+,1
2000,MD,24035,Confirmed,Male,0-19,7
2000,MD,24035,Confirmed,Male,20+,15
2000,MD,24035,Confirmed,Female,0-19,7
2000,MD,24035,Confirmed,Female,20+,6
2000,MD,24037,Confirmed,Male,Suppressed,5
2000,MD,24039,Confirmed,Female,Suppressed,7
2000,MD,24041,Confirmed,Male,0-19,5
2000,MD,24041,Confirmed,Male,20+,16
2000,MD,24041,Confirmed,Female,20+,14
2000,MD,24041,Confirmed,Female,Suppressed,2
2000,MD,24043,Confirmed,Female,Suppressed,7
2000,MD,24045,Confirmed,Suppressed,Suppressed,5
2000,MD,24047,Confirmed,Suppressed,Suppressed,10
2000,MD,24510,Confirmed,Female,20+,7
2000,MD,24510,Confirmed,Female,Suppressed,2
2000,MD,24510,Confirmed,Suppressed,20+,3
2000,MD,24510,Confirmed,Suppressed,Suppressed,2
2000,MD,Suppressed,Confirmed,Male,20+,1
2000,MD,Suppressed,Confirmed,Female,0-19,1
2000,MD,Suppressed,Confirmed,Suppressed,Suppressed,11
2000,ME,23005,Confirmed,Female,20+,8
2000,ME,23005,Confirmed,Female,Suppressed,2
2000,ME,23005,Confirmed,Suppressed,20+,2
2000,ME,23005,Confirmed,Suppressed,Suppressed,1
2000,ME,23031,Confirmed,Male,20+,15
2000,ME,23031,Confirmed,Male,Suppressed,2
2000,ME,23031,Confirmed,Female,20+,16
2000,ME,23031,Confirmed,Female,Suppressed,7
2000,ME,Suppressed,Confirmed,Male,20+,2
2000,ME,Suppressed,Confirmed,Female,Suppressed,1
2000,ME,Suppressed,Confirmed,Suppressed,20+,6
2000,ME,Suppressed,Confirmed,Suppressed,Suppressed,9
2000,MI,Suppressed,Confirmed,Female,20+,8
2000,MI,Suppressed,Confirmed,Suppressed,Suppressed,15
2000,MN,27001,Confirmed,Male,20+,5
2000,MN,27001,Confirmed,Male,Suppressed,1
2000,MN,27001,Confirmed,Female,Suppressed,5
2000,MN,27003,Confirmed,Male,0-19,15
2000,MN,27003,Confirmed,Male,20+,19
2000,MN,27003,Confirmed,Female,0-19,11
2000,MN,27003,Confirmed,Female,20+,13
2000,MN,27009,Confirmed,Suppressed,Suppressed,6
2000,MN,27021,Confirmed,Female,20+,5
2000,MN,27021,Confirmed,Suppressed,20+,3
2000,MN,27021,Confirmed,Suppressed,Suppressed,2
2000,MN,27025,Confirmed,Female,20+,5
2000,MN,27025,Confirmed,Female,Suppressed,4
2000,MN,27025,Confirmed,Suppressed,20+,4
2000,MN,27025,Confirmed,Suppressed,Suppressed,1
2000,MN,27035,Confirmed,Male,0-19,10
2000,MN,27035,Confirmed,Male,20+,14
2000,MN,27035,Confirmed,Female,0-19,5
2000,MN,27035,Confirmed,Female,20+,13
2000,MN,27037,Confirmed,Male,0-19,9
2000,MN,27037,Confirmed,Male,20+,6
2000,MN,27037,Confirmed,Female,20+,5
2000,MN,27037,Confirmed,Female,Suppressed,3
2000,MN,27053,Confirmed,Male,0-19,13
2000,MN,27053,Confirmed,Male,20+,24
2000,MN,27053,Confirmed,Female,0-19,9
2000,MN,27053,Confirmed,Female,20+,22
2000,MN,27055,Confirmed,Suppressed,Suppressed,6
2000,MN,27059,Confirmed,Suppressed,Suppressed,5
2000,MN,27065,Confirmed,Female,20+,6
2000,MN,27065,Confirmed,Female,Suppressed,1
2000,MN,27065,Confirmed,Suppressed,Suppressed,3
2000,MN,27095,Confirmed,Suppressed,Suppressed,7
2000,MN,27097,Confirmed,Suppressed,Suppressed,7
2000,MN,27109,Confirmed,Male,Suppressed,5
2000,MN,27115,Confirmed,Male,20+,6
2000,MN,27115,Confirmed,Male,Suppressed,2
2000,MN,27115,Confirmed,Female,Suppressed,5
2000,MN,27123,Confirmed,Male,0-19,16
2000,MN,27123,Confirmed,Male,20+,22
2000,MN,27123,Confirmed,Female,0-19,8
2000,MN,27123,Confirmed,Female,20+,8
2000,MN,27137,Confirmed,Suppressed,Suppressed,7
2000,MN,27139,Confirmed,Suppressed,Suppressed,5
2000,MN,27141,Confirmed,Male,20+,8
2000,MN,27141,Confirmed,Male,Suppressed,2
2000,MN,27141,Confirmed,Female,Suppressed,5
2000,MN,27141,Confirmed,Suppressed,Suppressed,1
2000,MN,27145,Confirmed,Male,20+,6
2000,MN,27145,Confirmed,Male,Suppressed,2
2000,MN,27145,Confirmed,Suppressed,Suppressed,3
2000,MN,27163,Confirmed,Male,0-19,14
2000,MN,27163,Confirmed,Male,20+,12
2000,MN,27163,Confirmed,Female,20+,8
2000,MN,27163,Confirmed,Female,Suppressed,3
2000,MN,27169,Confirmed,Male,Suppressed,7
2000,MN,Suppressed,Confirmed,Male,20+,8
2000,MN,Suppressed,Confirmed,Female,0-19,4
2000,MN,Suppressed,Confirmed,Suppressed,Suppressed,31
2000,MO,Suppressed,Confirmed,Male,0-19,8
2000,MO,Suppressed,Confirmed,Female,20+,12
2000,MO,Suppressed,Confirmed,Suppressed,Suppressed,27
2000,NC,37133,Confirmed,Male,20+,5
2000,NC,37133,Confirmed,Male,Suppressed,3
2000,NC,37183,Confirmed,Male,Suppressed,5
2000,NC,37183,Confirmed,Female,0-19,7
2000,NC,37183,Confirmed,Female,Suppressed,1
2000,NC,Suppressed,Confirmed,Male,Suppressed,2
2000,NC,Suppressed,Confirmed,Female,20+,13
2000,NC,Suppressed,Confirmed,Suppressed,Suppressed,11
2000,NH,33011,Confirmed,Male,0-19,6
2000,NH,33011,Confirmed,Male,20+,6
2000,NH,33011,Confirmed,Suppressed,Suppressed,2
2000,NH,33013,Confirmed,Male,Suppressed,7
2000,NH,33015,Confirmed,Male,0-19,12
2000,NH,33015,Confirmed,Male,20+,8
2000,NH,33015,Confirmed,Female,20+,8
2000,NH,33015,Confirmed,Female,Suppressed,3
2000,NH,33017,Confirmed,Male,Suppressed,6
2000,NH,Suppressed,Confirmed,Male,20+,2
2000,NH,Suppressed,Confirmed,Female,Suppressed,1
2000,NH,Suppressed,Confirmed,Suppressed,20+,8
2000,NH,Suppressed,Confirmed,Suppressed,Suppressed,15
2000,NJ,34001,Confirmed,Male,0-19,9
2000,NJ,34001,Confirmed,Male,20+,40
2000,NJ,34001,Confirmed,Female,0-19,11
2000,NJ,34001,Confirmed,Female,20+,29
2000,NJ,34001,Confirmed,Suppressed,20+,1
2000,NJ,34003,Confirmed,Male,0-19,9
2000,NJ,34003,Confirmed,Male,20+,42
2000,NJ,34003,Confirmed,Female,0-19,16
2000,NJ,34003,Confirmed,Female,20+,37
2000,NJ,34005,Confirmed,Female,0-19,8
2000,NJ,34005,Confirmed,Female,20+,7
2000,NJ,34005,Confirmed,Suppressed,20+,3
2000,NJ,34005,Confirmed,Suppressed,Suppressed,4
2000,NJ,34007,Confirmed,Female,20+,6
2000,NJ,34007,Confirmed,Suppressed,20+,3
2000,NJ,34007,Confirmed,Suppressed,Suppressed,2
2000,NJ,34009,Confirmed,Male,20+,9
2000,NJ,34009,Confirmed,Suppressed,20+,4
2000,NJ,34009,Confirmed,Suppressed,Suppressed,2
2000,NJ,34011,Confirmed,Male,0-19,10
2000,NJ,34011,Confirmed,Male,20+,11
2000,NJ,34011,Confirmed,Female,20+,9
2000,NJ,34011,Confirmed,Female,Suppressed,2
2000,NJ,34013,Confirmed,Male,0-19,10
2000,NJ,34013,Confirmed,Male,20+,19
2000,NJ,34013,Confirmed,Female,0-19,6
2000,NJ,34013,Confirmed,Female,20+,22
2000,NJ,34013,Confirmed,Female,Suppressed,1
2000,NJ,34015,Confirmed,Male,0-19,18
2000,NJ,34015,Confirmed,Male,20+,24
2000,NJ,34015,Confirmed,Male,Suppressed,1
2000,NJ,34015,Confirmed,Female,0-19,21
2000,NJ,34015,Confirmed,Female,20+,37
2000,NJ,34017,Confirmed,Male,20+,5
2000,NJ,34017,Confirmed,Female,20+,8
2000,NJ,34017,Confirmed,Suppressed,20+,1
2000,NJ,34019,Confirmed,Male,0-19,63
2000,NJ,34019,Confirmed,Male,20+,204
2000,NJ,34019,Confirmed,Male,Unknown,8
2000,NJ,34019,Confirmed,Female,0-19,69
2000,NJ,34019,Confirmed,Female,20+,187
2000,NJ,34019,Confirmed,Female,Unknown,7
2000,NJ,34021,Confirmed,Male,0-19,12
2000,NJ,34021,Confirmed,Male,20+,29
2000,NJ,34021,Confirmed,Female,0-19,12
2000,NJ,34021,Confirmed,Female,20+,29
2000,NJ,34021,Confirmed,Female,Suppressed,1
2000,NJ,34023,Confirmed,Male,0-19,22
2000,NJ,34023,Confirmed,Male,20+,40
2000,NJ,34023,Confirmed,Female,0-19,13
2000,NJ,34023,Confirmed,Female,20+,41
2000,NJ,34025,Confirmed,Male,0-19,33
2000,NJ,34025,Confirmed,Male,20+,64
2000,NJ,34025,Confirmed,Female,0-19,28
2000,NJ,34025,Confirmed,Female,20+,64
2000,NJ,34025,Confirmed,Female,Suppressed,1
2000,NJ,34025,Confirmed,Suppressed,20+,1
2000,NJ,34027,Confirmed,Male,0-19,90
2000,NJ,34027,Confirmed,Male,20+,187
2000,NJ,34027,Confirmed,Female,0-19,44
2000,NJ,34027,Confirmed,Female,20+,137
2000,NJ,34027,Confirmed,Suppressed,20+,2
2000,NJ,34027,Confirmed,Suppressed,Suppressed,1
2000,NJ,34029,Confirmed,Male,0-19,17
2000,NJ,34029,Confirmed,Male,20+,37
2000,NJ,34029,Confirmed,Female,0-19,13
2000,NJ,34029,Confirmed,Female,20+,24
2000,NJ,34029,Confirmed,Suppressed,20+,1
2000,NJ,34031,Confirmed,Male,20+,8
2000,NJ,34031,Confirmed,Male,Suppressed,3
2000,NJ,34031,Confirmed,Female,0-19,5
2000,NJ,34031,Confirmed,Female,20+,13
2000,NJ,34031,Confirmed,Female,Suppressed,1
2000,NJ,34033,Confirmed,Male,0-19,5
2000,NJ,34033,Confirmed,Male,20+,15
2000,NJ,34033,Confirmed,Female,20+,17
2000,NJ,34033,Confirmed,Female,Suppressed,4
2000,NJ,34035,Confirmed,Male,0-19,33
2000,NJ,34035,Confirmed,Male,20+,53
2000,NJ,34035,Confirmed,Female,0-19,21
2000,NJ,34035,Confirmed,Female,20+,44
2000,NJ,34035,Confirmed,Suppressed,0-19,1
2000,NJ,34037,Confirmed,Male,0-19,26
2000,NJ,34037,Confirmed,Male,20+,50
2000,NJ,34037,Confirmed,Female,0-19,18
2000,NJ,34037,Confirmed,Female,20+,46
2000,NJ,34039,Confirmed,Male,20+,7
2000,NJ,34039,Confirmed,Male,Suppressed,2
2000,NJ,34039,Confirmed,Female,0-19,5
2000,NJ,34039,Confirmed,Female,20+,5
2000,NJ,34041,Confirmed,Male,0-19,33
2000,NJ,34041,Confirmed,Male,20+,51
2000,NJ,34041,Confirmed,Female,0-19,31
2000,NJ,34041,Confirmed,Female,20+,34
2000,NY,36001,Confirmed,Male,0-19,11
2000,NY,36001,Confirmed,Male,20+,16
2000,NY,36001,Confirmed,Female,0-19,7
2000,NY,36001,Confirmed,Female,20+,23
2000,NY,36005,Confirmed,Male,0-19,5
2000,NY,36005,Confirmed,Male,20+,6
2000,NY,36005,Confirmed,Suppressed,20+,3
2000,NY,36021,Confirmed,Male,0-19,85
2000,NY,36021,Confirmed,Male,20+,224
2000,NY,36021,Confirmed,Female,0-19,58
2000,NY,36021,Confirmed,Female,20+,228
2000,NY,36027,Confirmed,Male,0-19,182
2000,NY,36027,Confirmed,Male,20+,392
2000,NY,36027,Confirmed,Male,Suppressed,4
2000,NY,36027,Confirmed,Female,0-19,154
2000,NY,36027,Confirmed,Female,20+,350
2000,NY,36027,Confirmed,Female,Suppressed,4
2000,NY,36039,Confirmed,Male,0-19,11
2000,NY,36039,Confirmed,Male,20+,37
2000,NY,36039,Confirmed,Male,Suppressed,1
2000,NY,36039,Confirmed,Female,0-19,10
2000,NY,36039,Confirmed,Female,20+,37
2000,NY,36039,Confirmed,Female,Suppressed,1
2000,NY,36047,Confirmed,Male,0-19,5
2000,NY,36047,Confirmed,Male,Suppressed,3
2000,NY,36047,Confirmed,Female,0-19,5
2000,NY,36047,Confirmed,Female,20+,8
2000,NY,36059,Confirmed,Male,0-19,18
2000,NY,36059,Confirmed,Male,20+,24
2000,NY,36059,Confirmed,Female,0-19,10
2000,NY,36059,Confirmed,Female,20+,33
2000,NY,36059,Confirmed,Female,Suppressed,1
2000,NY,36061,Confirmed,Male,0-19,6
2000,NY,36061,Confirmed,Male,20+,45
2000,NY,36061,Confirmed,Female,0-19,6
2000,NY,36061,Confirmed,Female,20+,50
2000,NY,36065,Confirmed,Male,Suppressed,5
2000,NY,36067,Confirmed,Male,0-19,5
2000,NY,36067,Confirmed,Male,Suppressed,3
2000,NY,36067,Confirmed,Suppressed,0-19,2
2000,NY,36071,Confirmed,Male,0-19,136
2000,NY,36071,Confirmed,Male,20+,211
2000,NY,36071,Confirmed,Male,Suppressed,2
2000,NY,36071,Confirmed,Female,0-19,92
2000,NY,36071,Confirmed,Female,20+,167
2000,NY,36071,Confirmed,Female,Suppressed,1
2000,NY,36071,Confirmed,Suppressed,20+,2
2000,NY,36079,Confirmed,Male,0-19,63
2000,NY,36079,Confirmed,Male,20+,96
2000,NY,36079,Confirmed,Male,Suppressed,2
2000,NY,36079,Confirmed,Female,0-19,47
2000,NY,36079,Confirmed,Female,20+,78
2000,NY,36079,Confirmed,Female,Suppressed,4
2000,NY,36081,Confirmed,Male,20+,5
2000,NY,36081,Confirmed,Male,Suppressed,1
2000,NY,36081,Confirmed,Female,20+,11
2000,NY,36081,Confirmed,Female,Suppressed,3
2000,NY,36081,Confirmed,Suppressed,Suppressed,1
2000,NY,36083,Confirmed,Male,0-19,12
2000,NY,36083,Confirmed,Male,20+,21
2000,NY,36083,Confirmed,Female,0-19,10
2000,NY,36083,Confirmed,Female,20+,25
2000,NY,36085,Confirmed,Female,20+,8
2000,NY,36085,Confirmed,Suppressed,20+,3
2000,NY,36085,Confirmed,Suppressed,Suppressed,3
2000,NY,36087,Confirmed,Male,0-19,27
2000,NY,36087,Confirmed,Male,20+,22
2000,NY,36087,Confirmed,Female,0-19,8
2000,NY,36087,Confirmed,Female,20+,13
2000,NY,36091,Confirmed,Male,20+,7
2000,NY,36091,Confirmed,Suppressed,20+,3
2000,NY,36091,Confirmed,Suppressed,Suppressed,1
2000,NY,36093,Confirmed,Suppressed,20+,5
2000,NY,36103,Confirmed,Male,0-19,87
2000,NY,36103,Confirmed,Male,20+,234
2000,NY,36103,Confirmed,Female,0-19,55
2000,NY,36103,Confirmed,Female,20+,205
2000,NY,36105,Confirmed,Female,20+,5
2000,NY,36105,Confirmed,Female,Suppressed,1
2000,NY,36105,Confirmed,Suppressed,20+,4
2000,NY,36105,Confirmed,Suppressed,Suppressed,4
2000,NY,36109,Confirmed,Suppressed,20+,7
2000,NY,36111,Confirmed,Male,0-19,37
2000,NY,36111,Confirmed,Male,20+,65
2000,NY,36111,Confirmed,Female,0-19,39
2000,NY,36111,Confirmed,Female,20+,73
2000,NY,36119,Confirmed,Male,0-19,50
2000,NY,36119,Confirmed,Male,20+,98
2000,NY,36119,Confirmed,Male,Suppressed,1
2000,NY,36119,Confirmed,Female,0-19,33
2000,NY,36119,Confirmed,Female,20+,98
2000,NY,Suppressed,Confirmed,Male,20+,14
2000,NY,Suppressed,Confirmed,Male,Suppressed,8
2000,NY,Suppressed,Confirmed,Suppressed,20+,26
2000,NY,Suppressed,Confirmed,Suppressed,Suppressed,17
2000,OH,39017,Confirmed,Male,Suppressed,5
2000,OH,39035,Confirmed,Suppressed,Suppressed,8
2000,OH,39061,Confirmed,Suppressed,Suppressed,5
2000,OH,Suppressed,Confirmed,Female,20+,14
2000,OH,Suppressed,Confirmed,Suppressed,Suppressed,29
2000,OR,Suppressed,Confirmed,Suppressed,20+,11
2000,PA,42001,Confirmed,Male,0-19,5
2000,PA,42001,Confirmed,Male,20+,8
2000,PA,42001,Confirmed,Female,20+,10
2000,PA,42001,Confirmed,Female,Suppressed,1
2000,PA,42003,Confirmed,Female,20+,5
2000,PA,42003,Confirmed,Female,Suppressed,1
2000,PA,42003,Confirmed,Suppressed,20+,3
2000,PA,42003,Confirmed,Suppressed,Suppressed,1
2000,PA,42009,Confirmed,Suppressed,Suppressed,5
2000,PA,42011,Confirmed,Male,0-19,7
2000,PA,42011,Confirmed,Male,20+,13
2000,PA,42011,Confirmed,Male,Suppressed,2
2000,PA,42011,Confirmed,Female,0-19,10
2000,PA,42011,Confirmed,Female,20+,18
2000,PA,42011,Confirmed,Female,Suppressed,1
2000,PA,42013,Confirmed,Female,Suppressed,5
2000,PA,42017,Confirmed,Male,0-19,86
2000,PA,42017,Confirmed,Male,20+,191
2000,PA,42017,Confirmed,Female,0-19,55
2000,PA,42017,Confirmed,Female,20+,169
2000,PA,42017,Confirmed,Female,Suppressed,3
2000,PA,42017,Confirmed,Suppressed,20+,1
2000,PA,42017,Confirmed,Suppressed,Suppressed,1
2000,PA,42023,Confirmed,Male,Suppressed,7
2000,PA,42027,Confirmed,Suppressed,Suppressed,5
2000,PA,42029,Confirmed,Male,0-19,104
2000,PA,42029,Confirmed,Male,20+,188
2000,PA,42029,Confirmed,Male,Suppressed,3
2000,PA,42029,Confirmed,Female,0-19,67
2000,PA,42029,Confirmed,Female,20+,201
2000,PA,42029,Confirmed,Female,Suppressed,3
2000,PA,42033,Confirmed,Male,0-19,11
2000,PA,42033,Confirmed,Male,20+,9
2000,PA,42033,Confirmed,Female,20+,10
2000,PA,42033,Confirmed,Female,Suppressed,2
2000,PA,42041,Confirmed,Male,Suppressed,5
2000,PA,42041,Confirmed,Female,Suppressed,7
2000,PA,42043,Confirmed,Male,0-19,5
2000,PA,42043,Confirmed,Male,20+,5
2000,PA,42043,Confirmed,Female,20+,5
2000,PA,42043,Confirmed,Female,Suppressed,1
2000,PA,42045,Confirmed,Male,20+,10
2000,PA,42045,Confirmed,Male,Suppressed,3
2000,PA,42045,Confirmed,Female,20+,7
2000,PA,42045,Confirmed,Female,Suppressed,2
2000,PA,42047,Confirmed,Male,0-19,8
2000,PA,42047,Confirmed,Male,20+,5
2000,PA,42047,Confirmed,Female,20+,6
2000,PA,42047,Confirmed,Female,Suppressed,4
2000,PA,42049,Confirmed,Female,Suppressed,5
2000,PA,42069,Confirmed,Suppressed,Suppressed,7
2000,PA,42071,Confirmed,Male,0-19,10
2000,PA,42071,Confirmed,Male,Suppressed,7
2000,PA,42071,Confirmed,Female,20+,11
2000,PA,42071,Confirmed,Female,Suppressed,7
2000,PA,42075,Confirmed,Male,20+,7
2000,PA,42075,Confirmed,Male,Suppressed,2
2000,PA,42075,Confirmed,Female,Suppressed,5
2000,PA,42077,Confirmed,Male,0-19,10
2000,PA,42077,Confirmed,Male,20+,12
2000,PA,42077,Confirmed,Male,Suppressed,1
2000,PA,42077,Confirmed,Female,0-19,7
2000,PA,42077,Confirmed,Female,20+,22
2000,PA,42077,Confirmed,Female,Suppressed,2
2000,PA,42089,Confirmed,Male,0-19,6
2000,PA,42089,Confirmed,Male,20+,9
2000,PA,42089,Confirmed,Suppressed,Suppressed,4
2000,PA,42091,Confirmed,Male,0-19,65
2000,PA,42091,Confirmed,Male,20+,152
2000,PA,42091,Confirmed,Female,0-19,49
2000,PA,42091,Confirmed,Female,20+,143
2000,PA,42091,Confirmed,Female,Suppressed,1
2000,PA,42095,Confirmed,Male,0-19,14
2000,PA,42095,Confirmed,Male,20+,21
2000,PA,42095,Confirmed,Female,0-19,6
2000,PA,42095,Confirmed,Female,20+,28
2000,PA,42095,Confirmed,Female,Suppressed,1
2000,PA,42101,Confirmed,Male,0-19,22
2000,PA,42101,Confirmed,Male,20+,57
2000,PA,42101,Confirmed,Male,Suppressed,1
2000,PA,42101,Confirmed,Female,0-19,24
2000,PA,42101,Confirmed,Female,20+,61
2000,PA,42103,Confirmed,Female,20+,5
2000,PA,42103,Confirmed,Female,Suppressed,3
2000,PA,42103,Confirmed,Suppressed,20+,4
2000,PA,42103,Confirmed,Suppressed,Suppressed,2
2000,PA,42117,Confirmed,Male,20+,6
2000,PA,42125,Confirmed,Suppressed,Suppressed,8
2000,PA,42129,Confirmed,Male,20+,6
2000,PA,42129,Confirmed,Male,Suppressed,3
2000,PA,42129,Confirmed,Suppressed,Suppressed,1
2000,PA,42133,Confirmed,Male,0-19,26
2000,PA,42133,Confirmed,Male,20+,49
2000,PA,42133,Confirmed,Male,Suppressed,1
2000,PA,42133,Confirmed,Female,0-19,31
2000,PA,42133,Confirmed,Female,20+,47
2000,PA,42133,Confirmed,Female,Suppressed,1
2000,PA,Unknown,Confirmed,Female,Suppressed,7
2000,PA,Unknown,Confirmed,Suppressed,Suppressed,6
2000,PA,Suppressed,Confirmed,Male,20+,17
2000,PA,Suppressed,Confirmed,Female,0-19,3
2000,PA,Suppressed,Confirmed,Suppressed,Suppressed,54
2000,RI,44003,Confirmed,Male,0-19,20
2000,RI,44003,Confirmed,Male,20+,50
2000,RI,44003,Confirmed,Female,0-19,12
2000,RI,44003,Confirmed,Female,20+,34
2000,RI,44003,Confirmed,Female,Suppressed,4
2000,RI,44005,Confirmed,Male,0-19,6
2000,RI,44005,Confirmed,Male,20+,7
2000,RI,44005,Confirmed,Female,0-19,5
2000,RI,44005,Confirmed,Female,20+,11
2000,RI,44007,Confirmed,Male,0-19,18
2000,RI,44007,Confirmed,Male,20+,45
2000,RI,44007,Confirmed,Female,0-19,16
2000,RI,44007,Confirmed,Female,20+,38
2000,RI,44007,Confirmed,Female,Suppressed,1
2000,RI,44007,Confirmed,Suppressed,0-19,1
2000,RI,44009,Confirmed,Male,0-19,80
2000,RI,44009,Confirmed,Male,20+,124
2000,RI,44009,Confirmed,Male,Suppressed,3
2000,RI,44009,Confirmed,Female,0-19,54
2000,RI,44009,Confirmed,Female,20+,113
2000,RI,44009,Confirmed,Female,Suppressed,2
2000,RI,44009,Confirmed,Suppressed,20+,1
2000,RI,44009,Confirmed,Suppressed,Suppressed,1
2000,RI,Unknown,Confirmed,Male,20+,8
2000,RI,Unknown,Confirmed,Female,20+,12
2000,RI,Unknown,Confirmed,Female,Suppressed,2
2000,RI,Unknown,Confirmed,Suppressed,20+,1
2000,RI,Unknown,Confirmed,Suppressed,Suppressed,1
2000,RI,Suppressed,Confirmed,Male,Suppressed,1
2000,RI,Suppressed,Confirmed,Suppressed,20+,4
2000,SC,45073,Confirmed,Female,20+,9
2000,SC,45073,Confirmed,Suppressed,Suppressed,2
2000,SC,Suppressed,Confirmed,Male,0-19,5
2000,SC,Suppressed,Confirmed,Female,20+,3
2000,SC,Suppressed,Confirmed,Suppressed,Suppressed,6
2000,Suppressed,Suppressed,Confirmed,Male,Suppressed,8
2000,Suppressed,Suppressed,Confirmed,Suppressed,20+,15
2000,Suppressed,Suppressed,Confirmed,Suppressed,Suppressed,25
2000,TN,Suppressed,Confirmed,Female,20+,7
2000,TN,Suppressed,Confirmed,Suppressed,Suppressed,21
2000,TX,48113,Confirmed,Male,20+,5
2000,TX,48113,Confirmed,Male,Suppressed,2
2000,TX,48113,Confirmed,Female,Suppressed,6
2000,TX,48121,Confirmed,Suppressed,Suppressed,6
2000,TX,48201,Confirmed,Female,20+,7
2000,TX,48201,Confirmed,Suppressed,Suppressed,2
2000,TX,48439,Confirmed,Suppressed,Suppressed,6
2000,TX,Suppressed,Confirmed,Male,Suppressed,3
2000,TX,Suppressed,Confirmed,Female,Suppressed,2
2000,TX,Suppressed,Confirmed,Suppressed,Suppressed,38
2000,VA,51013,Confirmed,Suppressed,Suppressed,5
2000,VA,51059,Confirmed,Male,0-19,6
2000,VA,51059,Confirmed,Male,Suppressed,4
2000,VA,51059,Confirmed,Female,20+,6
2000,VA,51059,Confirmed,Female,Suppressed,3
2000,VA,51107,Confirmed,Male,0-19,14
2000,VA,51107,Confirmed,Male,20+,20
2000,VA,51107,Confirmed,Female,0-19,9
2000,VA,51107,Confirmed,Female,20+,18
2000,VA,51153,Confirmed,Suppressed,Suppressed,5
2000,VA,Suppressed,Confirmed,Male,Suppressed,1
2000,VA,Suppressed,Confirmed,Female,20+,13
2000,VA,Suppressed,Confirmed,Suppressed,20+,6
2000,VA,Suppressed,Confirmed,Suppressed,Suppressed,39
2000,VT,50003,Confirmed,Male,Suppressed,5
2000,VT,50003,Confirmed,Suppressed,Suppressed,5
2000,VT,50025,Confirmed,Female,20+,5
2000,VT,50025,Confirmed,Suppressed,20+,1
2000,VT,50025,Confirmed,Suppressed,Suppressed,1
2000,VT,Suppressed,Confirmed,Female,Suppressed,3
2000,VT,Suppressed,Confirmed,Suppressed,20+,6
2000,VT,Suppressed,Confirmed,Suppressed,Suppressed,14
2000,WA,Suppressed,Confirmed,Suppressed,Suppressed,5
2000,WI,55005,Confirmed,Male,0-19,6
2000,WI,55005,Confirmed,Male,20+,8
2000,WI,55005,Confirmed,Female,20+,7
2000,WI,55007,Confirmed,Male,Suppressed,5
2000,WI,55011,Confirmed,Suppressed,Suppressed,5
2000,WI,55013,Confirmed,Male,20+,8
2000,WI,55013,Confirmed,Male,Suppressed,2
2000,WI,55013,Confirmed,Female,20+,9
2000,WI,55013,Confirmed,Female,Suppressed,2
2000,WI,55017,Confirmed,Male,0-19,5
2000,WI,55017,Confirmed,Male,20+,8
2000,WI,55017,Confirmed,Female,0-19,9
2000,WI,55017,Confirmed,Female,20+,7
2000,WI,55019,Confirmed,Male,Suppressed,5
2000,WI,55021,Confirmed,Female,20+,5
2000,WI,55021,Confirmed,Female,Suppressed,2
2000,WI,55021,Confirmed,Suppressed,Suppressed,5
2000,WI,55025,Confirmed,Male,Suppressed,7
2000,WI,55031,Confirmed,Male,20+,6
2000,WI,55031,Confirmed,Male,Suppressed,2
2000,WI,55031,Confirmed,Suppressed,20+,4
2000,WI,55031,Confirmed,Suppressed,Suppressed,1
2000,WI,55033,Confirmed,Male,0-19,9
2000,WI,55033,Confirmed,Male,20+,11
2000,WI,55033,Confirmed,Female,20+,6
2000,WI,55033,Confirmed,Female,Suppressed,2
2000,WI,55035,Confirmed,Male,0-19,15
2000,WI,55035,Confirmed,Male,20+,13
2000,WI,55035,Confirmed,Female,20+,11
2000,WI,55035,Confirmed,Female,Suppressed,4
2000,WI,55035,Confirmed,Suppressed,20+,2
2000,WI,55043,Confirmed,Suppressed,Suppressed,5
2000,WI,55053,Confirmed,Male,20+,7
2000,WI,55053,Confirmed,Female,20+,5
2000,WI,55053,Confirmed,Female,Suppressed,1
2000,WI,55057,Confirmed,Male,0-19,5
2000,WI,55057,Confirmed,Male,Suppressed,2
2000,WI,55057,Confirmed,Suppressed,Suppressed,5
2000,WI,55063,Confirmed,Male,0-19,8
2000,WI,55063,Confirmed,Male,20+,17
2000,WI,55063,Confirmed,Female,20+,5
2000,WI,55063,Confirmed,Female,Suppressed,4
2000,WI,55073,Confirmed,Suppressed,Suppressed,7
2000,WI,55081,Confirmed,Male,20+,13
2000,WI,55081,Confirmed,Male,Suppressed,3
2000,WI,55081,Confirmed,Female,20+,7
2000,WI,55081,Confirmed,Female,Suppressed,2
2000,WI,55085,Confirmed,Suppressed,Suppressed,5
2000,WI,55087,Confirmed,Suppressed,Suppressed,5
2000,WI,55093,Confirmed,Male,Suppressed,6
2000,WI,55095,Confirmed,Male,0-19,6
2000,WI,55095,Confirmed,Male,20+,17
2000,WI,55095,Confirmed,Female,0-19,7
2000,WI,55095,Confirmed,Female,20+,8
2000,WI,55097,Confirmed,Male,0-19,9
2000,WI,55097,Confirmed,Male,20+,16
2000,WI,55097,Confirmed,Female,0-19,7
2000,WI,55097,Confirmed,Female,20+,18
2000,WI,55103,Confirmed,Suppressed,Suppressed,6
2000,WI,55109,Confirmed,Male,20+,6
2000,WI,55109,Confirmed,Male,Suppressed,4
2000,WI,55109,Confirmed,Suppressed,Suppressed,3
2000,WI,55111,Confirmed,Male,Suppressed,5
2000,WI,55111,Confirmed,Female,20+,6
2000,WI,55111,Confirmed,Female,Suppressed,2
2000,WI,55113,Confirmed,Male,Suppressed,5
2000,WI,55113,Confirmed,Female,0-19,5
2000,WI,55113,Confirmed,Female,20+,12
2000,WI,55117,Confirmed,Male,20+,5
2000,WI,55117,Confirmed,Suppressed,20+,1
2000,WI,55117,Confirmed,Suppressed,Suppressed,1
2000,WI,55121,Confirmed,Male,20+,9
2000,WI,55121,Confirmed,Male,Suppressed,2
2000,WI,55121,Confirmed,Female,20+,5
2000,WI,55121,Confirmed,Female,Suppressed,2
2000,WI,55123,Confirmed,Male,Suppressed,6
2000,WI,55123,Confirmed,Suppressed,Suppressed,5
2000,WI,55129,Confirmed,Male,20+,12
2000,WI,55129,Confirmed,Male,Suppressed,3
2000,WI,55129,Confirmed,Female,20+,12
2000,WI,55129,Confirmed,Female,Suppressed,3
2000,WI,55135,Confirmed,Female,Suppressed,6
2000,WI,55135,Confirmed,Suppressed,0-19,5
2000,WI,55141,Confirmed,Male,0-19,8
2000,WI,55141,Confirmed,Male,20+,6
2000,WI,55141,Confirmed,Female,20+,11
2000,WI,55141,Confirmed,Female,Suppressed,3
2000,WI,Suppressed,Confirmed,Male,0-19,11
2000,WI,Suppressed,Confirmed,Female,20+,12
2000,WI,Suppressed,Confirmed,Suppressed,Suppressed,58
2000,WV,54003,Confirmed,Female,20+,6
2000,WV,54003,Confirmed,Female,Suppressed,2
2000,WV,54003,Confirmed,Suppressed,Suppressed,4
2000,WV,Suppressed,Confirmed,Female,20+,11
2000,WV,Suppressed,Confirmed,Female,Suppressed,1
2000,WV,Suppressed,Confirmed,Suppressed,20+,9
2000,WV,Suppressed,Confirmed,Suppressed,Suppressed,2
2001,AL,Suppressed,Confirmed,Suppressed,0-19,7
2001,CA,06013,Confirmed,Suppressed,Suppressed,5
2001,CA,06037,Confirmed,Male,Suppressed,6
2001,CA,06057,Confirmed,Suppressed,Suppressed,6
2001,CA,06087,Confirmed,Male,20+,5
2001,CA,06087,Confirmed,Male,Suppressed,1
2001,CA,06087,Confirmed,Suppressed,20+,3
2001,CA,06087,Confirmed,Suppressed,Suppressed,1
2001,CA,06097,Confirmed,Suppressed,Suppressed,6
2001,CA,Suppressed,Confirmed,Male,Suppressed,3
2001,CA,Suppressed,Confirmed,Female,20+,22
2001,CA,Suppressed,Confirmed,Suppressed,Suppressed,37
2001,CT,09001,Confirmed,Male,0-19,262
2001,CT,09001,Confirmed,Male,20+,358
2001,CT,09001,Confirmed,Male,Unknown,5
2001,CT,09001,Confirmed,Female,0-19,164
2001,CT,09001,Confirmed,Female,20+,350
2001,CT,09001,Confirmed,Unknown,20+,6
2001,CT,09001,Confirmed,Unknown,Suppressed,1
2001,CT,09003,Confirmed,Male,0-19,63
2001,CT,09003,Confirmed,Male,20+,86
2001,CT,09003,Confirmed,Female,0-19,37
2001,CT,09003,Confirmed,Female,20+,81
2001,CT,09003,Confirmed,Suppressed,0-19,1
2001,CT,09003,Confirmed,Suppressed,Suppressed,1
2001,CT,09005,Confirmed,Male,0-19,55
2001,CT,09005,Confirmed,Male,20+,145
2001,CT,09005,Confirmed,Male,Suppressed,1
2001,CT,09005,Confirmed,Female,0-19,42
2001,CT,09005,Confirmed,Female,20+,128
2001,CT,09005,Confirmed,Female,Suppressed,1
2001,CT,09005,Confirmed,Suppressed,20+,4
2001,CT,09007,Confirmed,Male,0-19,30
2001,CT,09007,Confirmed,Male,20+,49
2001,CT,09007,Confirmed,Female,0-19,34
2001,CT,09007,Confirmed,Female,20+,48
2001,CT,09007,Confirmed,Suppressed,20+,2
2001,CT,09009,Confirmed,Male,0-19,102
2001,CT,09009,Confirmed,Male,20+,166
2001,CT,09009,Confirmed,Male,Suppressed,1
2001,CT,09009,Confirmed,Female,0-19,67
2001,CT,09009,Confirmed,Female,20+,137
2001,CT,09009,Confirmed,Female,Suppressed,1
2001,CT,09009,Confirmed,Suppressed,20+,3
2001,CT,09009,Confirmed,Suppressed,Suppressed,2
2001,CT,09011,Confirmed,Male,0-19,71
2001,CT,09011,Confirmed,Male,20+,148
2001,CT,09011,Confirmed,Female,0-19,73
2001,CT,09011,Confirmed,Female,20+,156
2001,CT,09013,Confirmed,Male,0-19,50
2001,CT,09013,Confirmed,Male,20+,69
2001,CT,09013,Confirmed,Female,0-19,33
2001,CT,09013,Confirmed,Female,20+,65
2001,CT,09013,Confirmed,Female,Suppressed,1
2001,CT,09013,Confirmed,Suppressed,20+,1
2001,CT,09015,Confirmed,Male,0-19,56
2001,CT,09015,Confirmed,Male,20+,141
2001,CT,09015,Confirmed,Male,Suppressed,3
2001,CT,09015,Confirmed,Female,0-19,42
2001,CT,09015,Confirmed,Female,20+,129
2001,CT,09015,Confirmed,Female,Suppressed,3
2001,CT,09015,Confirmed,Suppressed,20+,1
2001,CT,Unknown,Confirmed,Male,0-19,20
2001,CT,Unknown,Confirmed,Male,20+,39
2001,CT,Unknown,Confirmed,Male,Unknown,7
2001,CT,Unknown,Confirmed,Female,0-19,17
2001,CT,Unknown,Confirmed,Female,20+,32
2001,CT,Unknown,Confirmed,Female,Suppressed,3
2001,CT,Unknown,Confirmed,Suppressed,Unknown,2
2001,CT,Unknown,Confirmed,Suppressed,Suppressed,2
2001,DC,11001,Confirmed,Male,0-19,7
2001,DC,11001,Confirmed,Male,Suppressed,3
2001,DC,11001,Confirmed,Female,20+,5
2001,DC,11001,Confirmed,Female,Suppressed,2
2001,DE,10001,Confirmed,Male,20+,5
2001,DE,10001,Confirmed,Male,Suppressed,4
2001,DE,10001,Confirmed,Female,20+,9
2001,DE,10001,Confirmed,Female,Suppressed,4
2001,DE,10003,Confirmed,Male,0-19,14
2001,DE,10003,Confirmed,Male,20+,33
2001,DE,10003,Confirmed,Female,0-19,20
2001,DE,10003,Confirmed,Female,20+,35
2001,DE,10005,Confirmed,Male,0-19,6
2001,DE,10005,Confirmed,Male,20+,14
2001,DE,10005,Confirmed,Female,0-19,5
2001,DE,10005,Confirmed,Female,Suppressed,3
2001,FL,Suppressed,Confirmed,Female,20+,9
2001,FL,Suppressed,Confirmed,Suppressed,20+,9
2001,FL,Suppressed,Confirmed,Suppressed,Suppressed,25
2001,IA,Suppressed,Confirmed,Male,20+,13
2001,IA,Suppressed,Confirmed,Suppressed,Suppressed,23
2001,IL,17031,Confirmed,Male,Suppressed,5
2001,IL,Suppressed,Confirmed,Male,20+,9
2001,IL,Suppressed,Confirmed,Suppressed,Suppressed,17
2001,IN,Suppressed,Confirmed,Male,0-19,6
2001,IN,Suppressed,Confirmed,Female,20+,7
2001,IN,Suppressed,Confirmed,Suppressed,Suppressed,13
2001,KY,Suppressed,Confirmed,Female,20+,11
2001,KY,Suppressed,Confirmed,Suppressed,Suppressed,9
2001,LA,Suppressed,Confirmed,Suppressed,20+,5
2001,MA,25001,Confirmed,Male,0-19,20
2001,MA,25001,Confirmed,Male,20+,38
2001,MA,25001,Confirmed,Male,Unknown,6
2001,MA,25001,Confirmed,Female,0-19,17
2001,MA,25001,Confirmed,Female,20+,45
2001,MA,25001,Confirmed,Female,Suppressed,2
2001,MA,25001,Confirmed,Unknown,20+,6
2001,MA,25001,Confirmed,Unknown,Suppressed,1
2001,MA,25003,Confirmed,Male,20+,20
2001,MA,25003,Confirmed,Male,Suppressed,8
2001,MA,25003,Confirmed,Female,0-19,5
2001,MA,25003,Confirmed,Female,20+,17
2001,MA,25005,Confirmed,Male,0-19,20
2001,MA,25005,Confirmed,Male,20+,33
2001,MA,25005,Confirmed,Male,Suppressed,1
2001,MA,25005,Confirmed,Female,0-19,13
2001,MA,25005,Confirmed,Female,20+,51
2001,MA,25005,Confirmed,Female,Suppressed,2
2001,MA,25005,Confirmed,Suppressed,20+,1
2001,MA,25007,Confirmed,Male,20+,10
2001,MA,25007,Confirmed,Male,Suppressed,5
2001,MA,25007,Confirmed,Female,20+,15
2001,MA,25007,Confirmed,Female,Suppressed,3
2001,MA,25007,Confirmed,Suppressed,Suppressed,1
2001,MA,25009,Confirmed,Male,0-19,34
2001,MA,25009,Confirmed,Male,20+,40
2001,MA,25009,Confirmed,Male,Unknown,10
2001,MA,25009,Confirmed,Female,0-19,16
2001,MA,25009,Confirmed,Female,20+,45
2001,MA,25009,Confirmed,Female,Suppressed,3
2001,MA,25009,Confirmed,Suppressed,0-19,2
2001,MA,25009,Confirmed,Suppressed,Suppressed,2
2001,MA,25011,Confirmed,Suppressed,20+,8
2001,MA,25013,Confirmed,Male,0-19,13
2001,MA,25013,Confirmed,Male,20+,18
2001,MA,25013,Confirmed,Male,Suppressed,2
2001,MA,25013,Confirmed,Female,0-19,6
2001,MA,25013,Confirmed,Female,20+,22
2001,MA,25013,Confirmed,Female,Suppressed,3
2001,MA,25013,Confirmed,Unknown,20+,5
2001,MA,25013,Confirmed,Unknown,Suppressed,4
2001,MA,25015,Confirmed,Male,0-19,6
2001,MA,25015,Confirmed,Male,20+,13
2001,MA,25015,Confirmed,Male,Suppressed,1
2001,MA,25015,Confirmed,Female,20+,8
2001,MA,25015,Confirmed,Female,Suppressed,2
2001,MA,25015,Confirmed,Suppressed,0-19,1
2001,MA,25017,Confirmed,Male,0-19,21
2001,MA,25017,Confirmed,Male,20+,51
2001,MA,25017,Confirmed,Male,Unknown,7
2001,MA,25017,Confirmed,Female,0-19,13
2001,MA,25017,Confirmed,Female,20+,48
2001,MA,25017,Confirmed,Female,Unknown,9
2001,MA,25019,Confirmed,Male,20+,9
2001,MA,25019,Confirmed,Male,Unknown,11
2001,MA,25019,Confirmed,Male,Suppressed,1
2001,MA,25019,Confirmed,Female,20+,11
2001,MA,25019,Confirmed,Female,Unknown,7
2001,MA,25019,Confirmed,Female,Suppressed,3
2001,MA,25019,Confirmed,Suppressed,20+,1
2001,MA,25021,Confirmed,Male,0-19,21
2001,MA,25021,Confirmed,Male,20+,25
2001,MA,25021,Confirmed,Male,Suppressed,2
2001,MA,25021,Confirmed,Female,0-19,9
2001,MA,25021,Confirmed,Female,20+,32
2001,MA,25021,Confirmed,Female,Suppressed,1
2001,MA,25023,Confirmed,Male,0-19,42
2001,MA,25023,Confirmed,Male,20+,42
2001,MA,25023,Confirmed,Male,Unknown,6
2001,MA,25023,Confirmed,Female,0-19,24
2001,MA,25023,Confirmed,Female,20+,36
2001,MA,25023,Confirmed,Female,Suppressed,4
2001,MA,25023,Confirmed,Unknown,20+,6
2001,MA,25023,Confirmed,Unknown,Suppressed,3
2001,MA,25025,Confirmed,Male,20+,9
2001,MA,25025,Confirmed,Female,Suppressed,6
2001,MA,25025,Confirmed,Suppressed,20+,1
2001,MA,25027,Confirmed,Male,0-19,20
2001,MA,25027,Confirmed,Male,20+,30
2001,MA,25027,Confirmed,Male,Suppressed,3
2001,MA,25027,Confirmed,Female,0-19,17
2001,MA,25027,Confirmed,Female,20+,23
2001,MA,25027,Confirmed,Female,Suppressed,2
2001,MA,25027,Confirmed,Suppressed,20+,2
2001,MA,25027,Confirmed,Suppressed,Suppressed,1
2001,MA,Suppressed,Confirmed,Unknown,Suppressed,1
2001,MD,24003,Confirmed,Male,0-19,20
2001,MD,24003,Confirmed,Male,20+,20
2001,MD,24003,Confirmed,Female,0-19,11
2001,MD,24003,Confirmed,Female,20+,18
2001,MD,24005,Confirmed,Male,0-19,5
2001,MD,24005,Confirmed,Male,Suppressed,4
2001,MD,24005,Confirmed,Female,0-19,9
2001,MD,24005,Confirmed,Female,Suppressed,4
2001,MD,24009,Confirmed,Male,0-19,11
2001,MD,24009,Confirmed,Male,20+,14
2001,MD,24009,Confirmed,Female,0-19,7
2001,MD,24009,Confirmed,Female,20+,5
2001,MD,24009,Confirmed,Suppressed,0-19,1
2001,MD,24011,Confirmed,Male,20+,10
2001,MD,24011,Confirmed,Male,Suppressed,2
2001,MD,24011,Confirmed,Female,20+,6
2001,MD,24011,Confirmed,Female,Suppressed,2
2001,MD,24013,Confirmed,Male,0-19,5
2001,MD,24013,Confirmed,Male,20+,9
2001,MD,24013,Confirmed,Female,20+,9
2001,MD,24013,Confirmed,Female,Suppressed,4
2001,MD,24015,Confirmed,Male,0-19,10
2001,MD,24015,Confirmed,Male,20+,9
2001,MD,24015,Confirmed,Female,20+,9
2001,MD,24015,Confirmed,Female,Suppressed,3
2001,MD,24017,Confirmed,Male,20+,9
2001,MD,24017,Confirmed,Male,Suppressed,1
2001,MD,24017,Confirmed,Female,20+,12
2001,MD,24017,Confirmed,Female,Suppressed,1
2001,MD,24021,Confirmed,Male,20+,7
2001,MD,24021,Confirmed,Suppressed,20+,2
2001,MD,24021,Confirmed,Suppressed,Suppressed,1
2001,MD,24025,Confirmed,Male,0-19,19
2001,MD,24025,Confirmed,Male,20+,16
2001,MD,24025,Confirmed,Female,0-19,13
2001,MD,24025,Confirmed,Female,20+,11
2001,MD,24027,Confirmed,Male,0-19,17
2001,MD,24027,Confirmed,Male,20+,21
2001,MD,24027,Confirmed,Female,0-19,10
2001,MD,24027,Confirmed,Female,20+,20
2001,MD,24029,Confirmed,Suppressed,20+,5
2001,MD,24031,Confirmed,Male,0-19,18
2001,MD,24031,Confirmed,Male,20+,19
2001,MD,24031,Confirmed,Female,0-19,11
2001,MD,24031,Confirmed,Female,20+,21
2001,MD,24033,Confirmed,Male,0-19,14
2001,MD,24033,Confirmed,Male,20+,10
2001,MD,24033,Confirmed,Female,0-19,6
2001,MD,24033,Confirmed,Female,20+,9
2001,MD,24035,Confirmed,Male,0-19,5
2001,MD,24035,Confirmed,Male,20+,10
2001,MD,24035,Confirmed,Female,0-19,5
2001,MD,24035,Confirmed,Female,20+,8
2001,MD,24037,Confirmed,Male,Suppressed,5
2001,MD,24039,Confirmed,Female,20+,6
2001,MD,24039,Confirmed,Female,Suppressed,1
2001,MD,24039,Confirmed,Suppressed,20+,4
2001,MD,24041,Confirmed,Male,20+,7
2001,MD,24041,Confirmed,Male,Suppressed,1
2001,MD,24041,Confirmed,Female,20+,8
2001,MD,24041,Confirmed,Female,Suppressed,2
2001,MD,24043,Confirmed,Female,20+,7
2001,MD,24043,Confirmed,Suppressed,20+,4
2001,MD,24043,Confirmed,Suppressed,Suppressed,3
2001,MD,24045,Confirmed,Male,20+,5
2001,MD,24045,Confirmed,Male,Suppressed,1
2001,MD,24045,Confirmed,Suppressed,Suppressed,3
2001,MD,24047,Confirmed,Male,20+,6
2001,MD,24047,Confirmed,Male,Suppressed,1
2001,MD,24047,Confirmed,Female,20+,5
2001,MD,24047,Confirmed,Female,Suppressed,1
2001,MD,24510,Confirmed,Male,20+,7
2001,MD,24510,Confirmed,Male,Suppressed,1
2001,MD,24510,Confirmed,Female,20+,10
2001,MD,24510,Confirmed,Female,Suppressed,3
2001,MD,Suppressed,Confirmed,Male,20+,2
2001,MD,Suppressed,Confirmed,Suppressed,20+,4
2001,MD,Suppressed,Confirmed,Suppressed,Suppressed,3
2001,ME,23005,Confirmed,Female,20+,8
2001,ME,23005,Confirmed,Female,Suppressed,4
2001,ME,23005,Confirmed,Suppressed,Suppressed,2
2001,ME,23009,Confirmed,Female,Suppressed,5
2001,ME,23019,Confirmed,Suppressed,Suppressed,6
2001,ME,23031,Confirmed,Male,0-19,7
2001,ME,23031,Confirmed,Male,20+,31
2001,ME,23031,Confirmed,Female,0-19,5
2001,ME,23031,Confirmed,Female,20+,25
2001,ME,Suppressed,Confirmed,Male,0-19,3
2001,ME,Suppressed,Confirmed,Female,20+,5
2001,ME,Suppressed,Confirmed,Suppressed,Suppressed,7
2001,MI,26109,Confirmed,Male,20+,5
2001,MI,26109,Confirmed,Male,Suppressed,3
2001,MI,26109,Confirmed,Suppressed,20+,3
2001,MI,Suppressed,Confirmed,Male,Suppressed,2
2001,MI,Suppressed,Confirmed,Suppressed,20+,3
2001,MI,Suppressed,Confirmed,Suppressed,Suppressed,5
2001,MN,27001,Confirmed,Male,20+,5
2001,MN,27001,Confirmed,Female,20+,7
2001,MN,27001,Confirmed,Female,Suppressed,1
2001,MN,27003,Confirmed,Male,0-19,12
2001,MN,27003,Confirmed,Male,20+,17
2001,MN,27003,Confirmed,Female,0-19,5
2001,MN,27003,Confirmed,Female,20+,12
2001,MN,27009,Confirmed,Suppressed,Suppressed,6
2001,MN,27017,Confirmed,Suppressed,Suppressed,5
2001,MN,27021,Confirmed,Male,20+,7
2001,MN,27021,Confirmed,Male,Suppressed,3
2001,MN,27021,Confirmed,Female,0-19,5
2001,MN,27021,Confirmed,Female,Suppressed,2
2001,MN,27025,Confirmed,Male,20+,9
2001,MN,27025,Confirmed,Male,Suppressed,3
2001,MN,27025,Confirmed,Suppressed,Suppressed,3
2001,MN,27035,Confirmed,Male,0-19,13
2001,MN,27035,Confirmed,Male,20+,19
2001,MN,27035,Confirmed,Female,0-19,7
2001,MN,27035,Confirmed,Female,20+,21
2001,MN,27037,Confirmed,Male,0-19,7
2001,MN,27037,Confirmed,Male,20+,6
2001,MN,27037,Confirmed,Female,Suppressed,6
2001,MN,27053,Confirmed,Male,0-19,16
2001,MN,27053,Confirmed,Male,20+,28
2001,MN,27053,Confirmed,Female,20+,23
2001,MN,27053,Confirmed,Female,Suppressed,3
2001,MN,27055,Confirmed,Male,20+,6
2001,MN,27055,Confirmed,Male,Suppressed,3
2001,MN,27055,Confirmed,Suppressed,Suppressed,4
2001,MN,27059,Confirmed,Suppressed,Suppressed,5
2001,MN,27065,Confirmed,Suppressed,Suppressed,6
2001,MN,27095,Confirmed,Suppressed,Suppressed,5
2001,MN,27097,Confirmed,Female,Suppressed,5
2001,MN,27115,Confirmed,Female,20+,5
2001,MN,27115,Confirmed,Suppressed,20+,4
2001,MN,27115,Confirmed,Suppressed,Suppressed,3
2001,MN,27123,Confirmed,Male,0-19,8
2001,MN,27123,Confirmed,Male,20+,17
2001,MN,27123,Confirmed,Female,20+,11
2001,MN,27123,Confirmed,Female,Suppressed,4
2001,MN,27137,Confirmed,Suppressed,Suppressed,7
2001,MN,27139,Confirmed,Suppressed,Suppressed,6
2001,MN,27141,Confirmed,Male,0-19,6
2001,MN,27141,Confirmed,Male,20+,6
2001,MN,27141,Confirmed,Suppressed,Suppressed,2
2001,MN,27145,Confirmed,Male,Suppressed,5
2001,MN,27163,Confirmed,Male,0-19,9
2001,MN,27163,Confirmed,Male,20+,5
2001,MN,27163,Confirmed,Female,0-19,5
2001,MN,27163,Confirmed,Female,20+,9
2001,MN,27169,Confirmed,Suppressed,Suppressed,5
2001,MN,27171,Confirmed,Male,20+,5
2001,MN,27171,Confirmed,Male,Suppressed,1
2001,MN,Suppressed,Confirmed,Male,20+,19
2001,MN,Suppressed,Confirmed,Female,0-19,5
2001,MN,Suppressed,Confirmed,Suppressed,Suppressed,29
2001,MO,Suppressed,Confirmed,Female,20+,19
2001,MO,Suppressed,Confirmed,Suppressed,Suppressed,18
2001,MS,Suppressed,Confirmed,Suppressed,20+,5
2001,NC,37183,Confirmed,Male,Suppressed,7
2001,NC,37183,Confirmed,Female,Suppressed,5
2001,NC,Suppressed,Confirmed,Male,20+,8
2001,NC,Suppressed,Confirmed,Suppressed,Suppressed,21
2001,NH,33001,Confirmed,Suppressed,Suppressed,9
2001,NH,33009,Confirmed,Suppressed,Suppressed,5
2001,NH,33011,Confirmed,Male,0-19,5
2001,NH,33011,Confirmed,Male,20+,5
2001,NH,33011,Confirmed,Female,20+,8
2001,NH,33011,Confirmed,Female,Suppressed,1
2001,NH,33013,Confirmed,Female,20+,6
2001,NH,33013,Confirmed,Suppressed,Suppressed,2
2001,NH,33015,Confirmed,Male,0-19,18
2001,NH,33015,Confirmed,Male,20+,20
2001,NH,33015,Confirmed,Female,0-19,7
2001,NH,33015,Confirmed,Female,20+,14
2001,NH,33017,Confirmed,Male,20+,10
2001,NH,33017,Confirmed,Male,Suppressed,1
2001,NH,33017,Confirmed,Female,20+,7
2001,NH,33017,Confirmed,Female,Suppressed,3
2001,NH,Suppressed,Confirmed,Male,0-19,3
2001,NH,Suppressed,Confirmed,Female,20+,4
2001,NH,Suppressed,Confirmed,Suppressed,Suppressed,1
2001,NJ,34001,Confirmed,Male,0-19,5
2001,NJ,34001,Confirmed,Male,20+,33
2001,NJ,34001,Confirmed,Female,20+,20
2001,NJ,34001,Confirmed,Female,Suppressed,4
2001,NJ,34003,Confirmed,Male,0-19,5
2001,NJ,34003,Confirmed,Male,20+,15
2001,NJ,34003,Confirmed,Male,Suppressed,1
2001,NJ,34003,Confirmed,Female,20+,16
2001,NJ,34003,Confirmed,Female,Suppressed,3
2001,NJ,34011,Confirmed,Male,0-19,5
2001,NJ,34011,Confirmed,Male,20+,6
2001,NJ,34011,Confirmed,Male,Suppressed,1
2001,NJ,34011,Confirmed,Female,20+,5
2001,NJ,34011,Confirmed,Female,Suppressed,1
2001,NJ,34013,Confirmed,Male,0-19,10
2001,NJ,34013,Confirmed,Male,20+,15
2001,NJ,34013,Confirmed,Female,20+,7
2001,NJ,34013,Confirmed,Female,Suppressed,5
2001,NJ,34015,Confirmed,Male,0-19,15
2001,NJ,34015,Confirmed,Male,20+,11
2001,NJ,34015,Confirmed,Female,0-19,7
2001,NJ,34015,Confirmed,Female,20+,10
2001,NJ,34015,Confirmed,Female,Suppressed,1
2001,NJ,34019,Confirmed,Male,0-19,67
2001,NJ,34019,Confirmed,Male,20+,190
2001,NJ,34019,Confirmed,Male,Unknown,7
2001,NJ,34019,Confirmed,Female,0-19,52
2001,NJ,34019,Confirmed,Female,20+,169
2001,NJ,34019,Confirmed,Female,Unknown,7
2001,NJ,34021,Confirmed,Male,0-19,9
2001,NJ,34021,Confirmed,Male,20+,9
2001,NJ,34021,Confirmed,Male,Suppressed,2
2001,NJ,34021,Confirmed,Female,20+,8
2001,NJ,34021,Confirmed,Female,Suppressed,4
2001,NJ,34023,Confirmed,Male,0-19,7
2001,NJ,34023,Confirmed,Male,20+,32
2001,NJ,34023,Confirmed,Female,0-19,7
2001,NJ,34023,Confirmed,Female,20+,35
2001,NJ,34025,Confirmed,Male,0-19,28
2001,NJ,34025,Confirmed,Male,20+,63
2001,NJ,34025,Confirmed,Female,0-19,27
2001,NJ,34025,Confirmed,Female,20+,48
2001,NJ,34025,Confirmed,Female,Suppressed,1
2001,NJ,34025,Confirmed,Suppressed,0-19,1
2001,NJ,34027,Confirmed,Male,0-19,94
2001,NJ,34027,Confirmed,Male,20+,131
2001,NJ,34027,Confirmed,Male,Suppressed,2
2001,NJ,34027,Confirmed,Female,0-19,55
2001,NJ,34027,Confirmed,Female,20+,130
2001,NJ,34027,Confirmed,Female,Suppressed,2
2001,NJ,34027,Confirmed,Suppressed,20+,1
2001,NJ,34027,Confirmed,Suppressed,Suppressed,1
2001,NJ,34029,Confirmed,Male,0-19,20
2001,NJ,34029,Confirmed,Male,20+,39
2001,NJ,34029,Confirmed,Male,Suppressed,1
2001,NJ,34029,Confirmed,Female,0-19,15
2001,NJ,34029,Confirmed,Female,20+,30
2001,NJ,34031,Confirmed,Male,20+,6
2001,NJ,34031,Confirmed,Male,Suppressed,3
2001,NJ,34031,Confirmed,Female,0-19,8
2001,NJ,34031,Confirmed,Female,Suppressed,4
2001,NJ,34033,Confirmed,Male,0-19,6
2001,NJ,34033,Confirmed,Male,20+,5
2001,NJ,34033,Confirmed,Female,20+,14
2001,NJ,34033,Confirmed,Female,Suppressed,4
2001,NJ,34035,Confirmed,Male,0-19,24
2001,NJ,34035,Confirmed,Male,20+,44
2001,NJ,34035,Confirmed,Female,0-19,23
2001,NJ,34035,Confirmed,Female,20+,36
2001,NJ,34035,Confirmed,Suppressed,20+,1
2001,NJ,34037,Confirmed,Male,0-19,29
2001,NJ,34037,Confirmed,Male,20+,39
2001,NJ,34037,Confirmed,Male,Suppressed,3
2001,NJ,34037,Confirmed,Female,0-19,18
2001,NJ,34037,Confirmed,Female,20+,63
2001,NJ,34037,Confirmed,Female,Suppressed,2
2001,NJ,34037,Confirmed,Suppressed,20+,1
2001,NJ,34039,Confirmed,Male,20+,6
2001,NJ,34039,Confirmed,Male,Suppressed,3
2001,NJ,34039,Confirmed,Female,Suppressed,7
2001,NJ,34041,Confirmed,Male,0-19,38
2001,NJ,34041,Confirmed,Male,20+,43
2001,NJ,34041,Confirmed,Male,Suppressed,1
2001,NJ,34041,Confirmed,Female,0-19,30
2001,NJ,34041,Confirmed,Female,20+,35
2001,NJ,34041,Confirmed,Female,Suppressed,2
2001,NJ,Suppressed,Confirmed,Female,20+,6
2001,NJ,Suppressed,Confirmed,Female,Suppressed,11
2001,NJ,Suppressed,Confirmed,Suppressed,20+,7
2001,NJ,Suppressed,Confirmed,Suppressed,Suppressed,3
2001,NY,36001,Confirmed,Male,0-19,10
2001,NY,36001,Confirmed,Male,20+,29
2001,NY,36001,Confirmed,Female,0-19,6
2001,NY,36001,Confirmed,Female,20+,21
2001,NY,36005,Confirmed,Female,20+,5
2001,NY,36005,Confirmed,Suppressed,Suppressed,3
2001,NY,36019,Confirmed,Suppressed,Suppressed,5
2001,NY,36021,Confirmed,Male,0-19,96
2001,NY,36021,Confirmed,Male,20+,228
2001,NY,36021,Confirmed,Female,0-19,73
2001,NY,36021,Confirmed,Female,20+,250
2001,NY,36027,Confirmed,Male,0-19,205
2001,NY,36027,Confirmed,Male,20+,359
2001,NY,36027,Confirmed,Female,0-19,177
2001,NY,36027,Confirmed,Female,20+,375
2001,NY,36027,Confirmed,Female,Suppressed,3
2001,NY,36027,Confirmed,Suppressed,20+,2
2001,NY,36039,Confirmed,Male,0-19,20
2001,NY,36039,Confirmed,Male,20+,31
2001,NY,36039,Confirmed,Male,Suppressed,1
2001,NY,36039,Confirmed,Female,0-19,14
2001,NY,36039,Confirmed,Female,20+,26
2001,NY,36039,Confirmed,Female,Suppressed,3
2001,NY,36047,Confirmed,Suppressed,Suppressed,5
2001,NY,36059,Confirmed,Male,0-19,11
2001,NY,36059,Confirmed,Male,20+,14
2001,NY,36059,Confirmed,Female,0-19,15
2001,NY,36059,Confirmed,Female,20+,8
2001,NY,36061,Confirmed,Male,20+,11
2001,NY,36061,Confirmed,Male,Suppressed,4
2001,NY,36061,Confirmed,Female,20+,18
2001,NY,36061,Confirmed,Female,Suppressed,4
2001,NY,36067,Confirmed,Suppressed,Suppressed,5
2001,NY,36071,Confirmed,Male,0-19,122
2001,NY,36071,Confirmed,Male,20+,184
2001,NY,36071,Confirmed,Female,0-19,68
2001,NY,36071,Confirmed,Female,20+,158
2001,NY,36079,Confirmed,Male,0-19,40
2001,NY,36079,Confirmed,Male,20+,74
2001,NY,36079,Confirmed,Male,Suppressed,3
2001,NY,36079,Confirmed,Female,0-19,32
2001,NY,36079,Confirmed,Female,20+,61
2001,NY,36079,Confirmed,Female,Suppressed,1
2001,NY,36081,Confirmed,Suppressed,Suppressed,8
2001,NY,36083,Confirmed,Male,0-19,10
2001,NY,36083,Confirmed,Male,20+,42
2001,NY,36083,Confirmed,Female,0-19,9
2001,NY,36083,Confirmed,Female,20+,27
2001,NY,36085,Confirmed,Suppressed,Suppressed,5
2001,NY,36087,Confirmed,Male,0-19,15
2001,NY,36087,Confirmed,Male,20+,33
2001,NY,36087,Confirmed,Male,Suppressed,4
2001,NY,36087,Confirmed,Female,0-19,20
2001,NY,36087,Confirmed,Female,20+,24
2001,NY,36087,Confirmed,Female,Suppressed,1
2001,NY,36091,Confirmed,Male,0-19,6
2001,NY,36091,Confirmed,Male,Suppressed,3
2001,NY,36091,Confirmed,Female,20+,6
2001,NY,36103,Confirmed,Male,0-19,68
2001,NY,36103,Confirmed,Male,20+,148
2001,NY,36103,Confirmed,Male,Unknown,10
2001,NY,36103,Confirmed,Female,0-19,46
2001,NY,36103,Confirmed,Female,20+,135
2001,NY,36103,Confirmed,Female,Unknown,9
2001,NY,36103,Confirmed,Suppressed,20+,1
2001,NY,36105,Confirmed,Suppressed,Suppressed,8
2001,NY,36111,Confirmed,Male,0-19,37
2001,NY,36111,Confirmed,Male,20+,68
2001,NY,36111,Confirmed,Male,Suppressed,1
2001,NY,36111,Confirmed,Female,0-19,28
2001,NY,36111,Confirmed,Female,20+,67
2001,NY,36111,Confirmed,Female,Suppressed,1
2001,NY,36119,Confirmed,Male,0-19,83
2001,NY,36119,Confirmed,Male,20+,146
2001,NY,36119,Confirmed,Female,0-19,56
2001,NY,36119,Confirmed,Female,20+,127
2001,NY,36119,Confirmed,Female,Suppressed,1
2001,NY,Suppressed,Confirmed,Male,20+,12
2001,NY,Suppressed,Confirmed,Female,0-19,5
2001,NY,Suppressed,Confirmed,Suppressed,Suppressed,33
2001,OH,Suppressed,Confirmed,Male,20+,5
2001,OH,Suppressed,Confirmed,Suppressed,Suppressed,35
2001,OR,Suppressed,Confirmed,Female,20+,5
2001,OR,Suppressed,Confirmed,Suppressed,Suppressed,8
2001,PA,42001,Confirmed,Male,20+,5
2001,PA,42001,Confirmed,Male,Suppressed,4
2001,PA,42001,Confirmed,Female,20+,6
2001,PA,42001,Confirmed,Female,Suppressed,2
2001,PA,42003,Confirmed,Male,20+,6
2001,PA,42003,Confirmed,Male,Suppressed,3
2001,PA,42003,Confirmed,Female,20+,10
2001,PA,42003,Confirmed,Female,Suppressed,3
2001,PA,42011,Confirmed,Male,0-19,20
2001,PA,42011,Confirmed,Male,20+,50
2001,PA,42011,Confirmed,Male,Suppressed,2
2001,PA,42011,Confirmed,Female,0-19,12
2001,PA,42011,Confirmed,Female,20+,56
2001,PA,42011,Confirmed,Unknown,20+,5
2001,PA,42011,Confirmed,Unknown,Suppressed,2
2001,PA,42017,Confirmed,Male,0-19,45
2001,PA,42017,Confirmed,Male,20+,107
2001,PA,42017,Confirmed,Male,Suppressed,1
2001,PA,42017,Confirmed,Female,0-19,42
2001,PA,42017,Confirmed,Female,20+,103
2001,PA,42017,Confirmed,Female,Suppressed,2
2001,PA,42019,Confirmed,Male,20+,10
2001,PA,42019,Confirmed,Male,Suppressed,4
2001,PA,42019,Confirmed,Female,0-19,5
2001,PA,42019,Confirmed,Female,20+,7
2001,PA,42023,Confirmed,Male,20+,5
2001,PA,42023,Confirmed,Male,Suppressed,1
2001,PA,42023,Confirmed,Suppressed,Suppressed,2
2001,PA,42025,Confirmed,Female,Suppressed,5
2001,PA,42027,Confirmed,Suppressed,Suppressed,5
2001,PA,42029,Confirmed,Male,0-19,167
2001,PA,42029,Confirmed,Male,20+,250
2001,PA,42029,Confirmed,Male,Unknown,5
2001,PA,42029,Confirmed,Female,0-19,129
2001,PA,42029,Confirmed,Female,20+,262
2001,PA,42029,Confirmed,Female,Suppressed,1
2001,PA,42029,Confirmed,Suppressed,0-19,1
2001,PA,42029,Confirmed,Suppressed,Suppressed,3
2001,PA,42033,Confirmed,Male,0-19,5
2001,PA,42033,Confirmed,Male,20+,7
2001,PA,42033,Confirmed,Female,20+,8
2001,PA,42033,Confirmed,Female,Suppressed,2
2001,PA,42037,Confirmed,Suppressed,Suppressed,7
2001,PA,42041,Confirmed,Male,0-19,6
2001,PA,42041,Confirmed,Male,20+,6
2001,PA,42041,Confirmed,Male,Suppressed,1
2001,PA,42041,Confirmed,Female,Suppressed,5
2001,PA,42043,Confirmed,Female,Suppressed,5
2001,PA,42045,Confirmed,Male,0-19,13
2001,PA,42045,Confirmed,Male,20+,15
2001,PA,42045,Confirmed,Male,Suppressed,2
2001,PA,42045,Confirmed,Female,0-19,17
2001,PA,42045,Confirmed,Female,20+,21
2001,PA,42045,Confirmed,Suppressed,0-19,2
2001,PA,42045,Confirmed,Suppressed,Suppressed,1
2001,PA,42047,Confirmed,Male,20+,5
2001,PA,42047,Confirmed,Male,Suppressed,4
2001,PA,42047,Confirmed,Female,20+,5
2001,PA,42047,Confirmed,Female,Suppressed,3
2001,PA,42051,Confirmed,Suppressed,Suppressed,5
2001,PA,42055,Confirmed,Male,20+,5
2001,PA,42055,Confirmed,Male,Suppressed,2
2001,PA,42055,Confirmed,Suppressed,Suppressed,2
2001,PA,42069,Confirmed,Female,20+,5
2001,PA,42069,Confirmed,Suppressed,20+,1
2001,PA,42071,Confirmed,Male,0-19,41
2001,PA,42071,Confirmed,Male,20+,56
2001,PA,42071,Confirmed,Male,Suppressed,1
2001,PA,42071,Confirmed,Female,0-19,22
2001,PA,42071,Confirmed,Female,20+,57
2001,PA,42071,Confirmed,Female,Suppressed,3
2001,PA,42071,Confirmed,Suppressed,20+,3
2001,PA,42071,Confirmed,Suppressed,Suppressed,2
2001,PA,42075,Confirmed,Male,0-19,6
2001,PA,42075,Confirmed,Male,20+,6
2001,PA,42075,Confirmed,Female,Suppressed,7
2001,PA,42077,Confirmed,Male,0-19,11
2001,PA,42077,Confirmed,Male,20+,26
2001,PA,42077,Confirmed,Male,Suppressed,1
2001,PA,42077,Confirmed,Female,0-19,8
2001,PA,42077,Confirmed,Female,20+,30
2001,PA,42077,Confirmed,Female,Suppressed,1
2001,PA,42079,Confirmed,Female,20+,5
2001,PA,42079,Confirmed,Female,Suppressed,1
2001,PA,42079,Confirmed,Suppressed,20+,2
2001,PA,42079,Confirmed,Suppressed,Suppressed,1
2001,PA,42081,Confirmed,Female,Suppressed,6
2001,PA,42085,Confirmed,Male,20+,6
2001,PA,42085,Confirmed,Male,Suppressed,1
2001,PA,42085,Confirmed,Female,Suppressed,6
2001,PA,42089,Confirmed,Male,20+,23
2001,PA,42089,Confirmed,Male,Suppressed,5
2001,PA,42089,Confirmed,Female,0-19,7
2001,PA,42089,Confirmed,Female,20+,14
2001,PA,42091,Confirmed,Male,0-19,63
2001,PA,42091,Confirmed,Male,20+,138
2001,PA,42091,Confirmed,Female,0-19,55
2001,PA,42091,Confirmed,Female,20+,105
2001,PA,42091,Confirmed,Female,Suppressed,1
2001,PA,42095,Confirmed,Male,0-19,14
2001,PA,42095,Confirmed,Male,20+,21
2001,PA,42095,Confirmed,Male,Suppressed,1
2001,PA,42095,Confirmed,Female,0-19,11
2001,PA,42095,Confirmed,Female,20+,38
2001,PA,42097,Confirmed,Female,20+,6
2001,PA,42097,Confirmed,Suppressed,20+,4
2001,PA,42101,Confirmed,Male,0-19,18
2001,PA,42101,Confirmed,Male,20+,28
2001,PA,42101,Confirmed,Male,Suppressed,4
2001,PA,42101,Confirmed,Female,0-19,9
2001,PA,42101,Confirmed,Female,20+,35
2001,PA,42101,Confirmed,Female,Suppressed,2
2001,PA,42101,Confirmed,Suppressed,0-19,1
2001,PA,42103,Confirmed,Female,20+,7
2001,PA,42103,Confirmed,Female,Suppressed,1
2001,PA,42103,Confirmed,Suppressed,20+,4
2001,PA,42103,Confirmed,Suppressed,Suppressed,2
2001,PA,42107,Confirmed,Male,20+,6
2001,PA,42119,Confirmed,Suppressed,Suppressed,5
2001,PA,42125,Confirmed,Female,Suppressed,5
2001,PA,42129,Confirmed,Suppressed,Suppressed,6
2001,PA,42133,Confirmed,Male,0-19,49
2001,PA,42133,Confirmed,Male,20+,86
2001,PA,42133,Confirmed,Male,Suppressed,2
2001,PA,42133,Confirmed,Female,0-19,37
2001,PA,42133,Confirmed,Female,20+,87
2001,PA,42133,Confirmed,Female,Suppressed,1
2001,PA,Unknown,Confirmed,Male,20+,5
2001,PA,Unknown,Confirmed,Male,Suppressed,2
2001,PA,Unknown,Confirmed,Female,20+,7
2001,PA,Unknown,Confirmed,Female,Suppressed,3
2001,PA,Suppressed,Confirmed,Male,20+,15
2001,PA,Suppressed,Confirmed,Female,0-19,5
2001,PA,Suppressed,Confirmed,Suppressed,Suppressed,51
2001,RI,44003,Confirmed,Male,0-19,21
2001,RI,44003,Confirmed,Male,20+,42
2001,RI,44003,Confirmed,Female,0-19,10
2001,RI,44003,Confirmed,Female,20+,21
2001,RI,44003,Confirmed,Female,Suppressed,3
2001,RI,44003,Confirmed,Suppressed,Suppressed,1
2001,RI,44005,Confirmed,Male,20+,7
2001,RI,44005,Confirmed,Male,Suppressed,3
2001,RI,44005,Confirmed,Female,20+,8
2001,RI,44007,Confirmed,Male,0-19,18
2001,RI,44007,Confirmed,Male,20+,35
2001,RI,44007,Confirmed,Female,0-19,7
2001,RI,44007,Confirmed,Female,20+,27
2001,RI,44007,Confirmed,Suppressed,0-19,1
2001,RI,44009,Confirmed,Male,0-19,61
2001,RI,44009,Confirmed,Male,20+,89
2001,RI,44009,Confirmed,Male,Suppressed,3
2001,RI,44009,Confirmed,Female,0-19,40
2001,RI,44009,Confirmed,Female,20+,85
2001,RI,44009,Confirmed,Female,Suppressed,2
2001,RI,Unknown,Confirmed,Male,20+,8
2001,RI,Unknown,Confirmed,Male,Suppressed,3
2001,RI,Unknown,Confirmed,Female,20+,8
2001,RI,Unknown,Confirmed,Female,Suppressed,2
2001,RI,Unknown,Confirmed,Suppressed,Suppressed,1
2001,RI,Suppressed,Confirmed,Male,0-19,2
2001,RI,Suppressed,Confirmed,Female,20+,2
2001,Suppressed,Unknown,Confirmed,Suppressed,Suppressed,1
2001,Suppressed,Suppressed,Confirmed,Male,Suppressed,18
2001,Suppressed,Suppressed,Confirmed,Suppressed,20+,20
2001,Suppressed,Suppressed,Confirmed,Suppressed,Suppressed,19
2001,TN,Suppressed,Confirmed,Male,20+,6
2001,TN,Suppressed,Confirmed,Suppressed,Suppressed,25
2001,TX,48113,Confirmed,Female,20+,5
2001,TX,48113,Confirmed,Female,Suppressed,1
2001,TX,48113,Confirmed,Suppressed,Suppressed,1
2001,TX,48439,Confirmed,Male,20+,9
2001,TX,48439,Confirmed,Female,20+,13
2001,TX,48439,Confirmed,Female,Suppressed,3
2001,TX,48439,Confirmed,Suppressed,20+,2
2001,TX,48453,Confirmed,Female,20+,5
2001,TX,48453,Confirmed,Suppressed,Suppressed,2
2001,TX,Suppressed,Confirmed,Male,Suppressed,1
2001,TX,Suppressed,Confirmed,Female,20+,15
2001,TX,Suppressed,Confirmed,Suppressed,20+,5
2001,TX,Suppressed,Confirmed,Suppressed,Suppressed,13
2001,VA,51059,Confirmed,Male,20+,9
2001,VA,51059,Confirmed,Male,Suppressed,3
2001,VA,51059,Confirmed,Female,0-19,8
2001,VA,51059,Confirmed,Female,20+,16
2001,VA,51059,Confirmed,Female,Suppressed,1
2001,VA,51107,Confirmed,Male,0-19,13
2001,VA,51107,Confirmed,Male,20+,13
2001,VA,51107,Confirmed,Female,0-19,14
2001,VA,51107,Confirmed,Female,20+,15
2001,VA,51153,Confirmed,Male,20+,5
2001,VA,51153,Confirmed,Male,Suppressed,3
2001,VA,51153,Confirmed,Suppressed,20+,4
2001,VA,51153,Confirmed,Suppressed,Suppressed,1
2001,VA,Suppressed,Confirmed,Male,0-19,8
2001,VA,Suppressed,Confirmed,Female,20+,10
2001,VA,Suppressed,Confirmed,Suppressed,Suppressed,33
2001,VT,Suppressed,Confirmed,Male,0-19,6
2001,VT,Suppressed,Confirmed,Male,Suppressed,7
2001,VT,Suppressed,Confirmed,Suppressed,Suppressed,5
2001,WA,Suppressed,Confirmed,Suppressed,20+,5
2001,WI,55005,Confirmed,Male,0-19,5
2001,WI,55005,Confirmed,Male,20+,9
2001,WI,55005,Confirmed,Female,Suppressed,5
2001,WI,55013,Confirmed,Male,20+,8
2001,WI,55013,Confirmed,Male,Suppressed,3
2001,WI,55013,Confirmed,Female,20+,9
2001,WI,55013,Confirmed,Female,Suppressed,2
2001,WI,55017,Confirmed,Male,20+,8
2001,WI,55017,Confirmed,Male,Suppressed,3
2001,WI,55017,Confirmed,Female,0-19,6
2001,WI,55017,Confirmed,Female,Suppressed,3
2001,WI,55019,Confirmed,Male,20+,8
2001,WI,55019,Confirmed,Male,Suppressed,4
2001,WI,55019,Confirmed,Female,20+,11
2001,WI,55019,Confirmed,Female,Suppressed,2
2001,WI,55021,Confirmed,Male,Suppressed,8
2001,WI,55023,Confirmed,Suppressed,Suppressed,7
2001,WI,55025,Confirmed,Male,0-19,9
2001,WI,55025,Confirmed,Male,20+,7
2001,WI,55025,Confirmed,Female,20+,6
2001,WI,55025,Confirmed,Female,Suppressed,1
2001,WI,55031,Confirmed,Male,20+,5
2001,WI,55031,Confirmed,Female,20+,5
2001,WI,55031,Confirmed,Female,Suppressed,1
2001,WI,55033,Confirmed,Male,0-19,5
2001,WI,55033,Confirmed,Male,Suppressed,3
2001,WI,55033,Confirmed,Female,20+,5
2001,WI,55033,Confirmed,Female,Suppressed,1
2001,WI,55035,Confirmed,Male,0-19,8
2001,WI,55035,Confirmed,Male,20+,7
2001,WI,55035,Confirmed,Female,20+,9
2001,WI,55035,Confirmed,Female,Suppressed,2
2001,WI,55043,Confirmed,Suppressed,Suppressed,7
2001,WI,55049,Confirmed,Suppressed,Suppressed,5
2001,WI,55053,Confirmed,Male,0-19,6
2001,WI,55053,Confirmed,Male,20+,7
2001,WI,55053,Confirmed,Female,20+,6
2001,WI,55053,Confirmed,Female,Suppressed,3
2001,WI,55063,Confirmed,Male,0-19,13
2001,WI,55063,Confirmed,Male,20+,26
2001,WI,55063,Confirmed,Female,0-19,14
2001,WI,55063,Confirmed,Female,20+,13
2001,WI,55063,Confirmed,Suppressed,0-19,1
2001,WI,55081,Confirmed,Male,20+,7
2001,WI,55081,Confirmed,Male,Suppressed,4
2001,WI,55081,Confirmed,Female,Suppressed,5
2001,WI,55085,Confirmed,Suppressed,Suppressed,6
2001,WI,55093,Confirmed,Female,20+,5
2001,WI,55093,Confirmed,Female,Suppressed,2
2001,WI,55095,Confirmed,Male,0-19,6
2001,WI,55095,Confirmed,Male,20+,11
2001,WI,55095,Confirmed,Female,0-19,5
2001,WI,55095,Confirmed,Female,20+,11
2001,WI,55095,Confirmed,Suppressed,20+,1
2001,WI,55097,Confirmed,Male,0-19,13
2001,WI,55097,Confirmed,Male,20+,13
2001,WI,55097,Confirmed,Female,20+,10
2001,WI,55097,Confirmed,Female,Suppressed,2
2001,WI,55099,Confirmed,Suppressed,Suppressed,8
2001,WI,55103,Confirmed,Female,20+,5
2001,WI,55103,Confirmed,Female,Suppressed,2
2001,WI,55103,Confirmed,Suppressed,Suppressed,3
2001,WI,55109,Confirmed,Male,0-19,8
2001,WI,55109,Confirmed,Male,20+,5
2001,WI,55109,Confirmed,Suppressed,20+,3
2001,WI,55111,Confirmed,Male,20+,8
2001,WI,55111,Confirmed,Male,Suppressed,4
2001,WI,55111,Confirmed,Suppressed,20+,4
2001,WI,55111,Confirmed,Suppressed,Suppressed,2
2001,WI,55113,Confirmed,Male,Suppressed,7
2001,WI,55113,Confirmed,Female,20+,5
2001,WI,55113,Confirmed,Female,Suppressed,2
2001,WI,55121,Confirmed,Male,Suppressed,5
2001,WI,55121,Confirmed,Suppressed,Suppressed,6
2001,WI,55123,Confirmed,Male,Suppressed,7
2001,WI,55123,Confirmed,Female,Suppressed,7
2001,WI,55129,Confirmed,Male,20+,15
2001,WI,55129,Confirmed,Male,Suppressed,2
2001,WI,55129,Confirmed,Female,20+,9
2001,WI,55129,Confirmed,Female,Suppressed,1
2001,WI,55135,Confirmed,Suppressed,Suppressed,7
2001,WI,55141,Confirmed,Male,0-19,7
2001,WI,55141,Confirmed,Male,20+,13
2001,WI,55141,Confirmed,Suppressed,20+,4
2001,WI,55141,Confirmed,Suppressed,Suppressed,3
2001,WI,Suppressed,Confirmed,Male,0-19,9
2001,WI,Suppressed,Confirmed,Female,20+,9
2001,WI,Suppressed,Confirmed,Suppressed,Suppressed,50
2001,WV,Suppressed,Confirmed,Suppressed,20+,7
2001,WV,Suppressed,Confirmed,Suppressed,Suppressed,7
2002,AL,Suppressed,Confirmed,Suppressed,Suppressed,11
2002,CA,06001,Confirmed,Suppressed,20+,5
2002,CA,06045,Confirmed,Male,Suppressed,6
2002,CA,06073,Confirmed,Male,20+,5
2002,CA,06073,Confirmed,Male,Suppressed,1
2002,CA,06073,Confirmed,Suppressed,20+,1
2002,CA,06085,Confirmed,Suppressed,20+,5
2002,CA,Suppressed,Confirmed,Male,20+,14
2002,CA,Suppressed,Confirmed,Male,Suppressed,11
2002,CA,Suppressed,Confirmed,Suppressed,20+,37
2002,CA,Suppressed,Confirmed,Suppressed,Suppressed,12
2002,CT,09001,Confirmed,Male,0-19,257
2002,CT,09001,Confirmed,Male,20+,417
2002,CT,09001,Confirmed,Male,Suppressed,4
2002,CT,09001,Confirmed,Female,0-19,241
2002,CT,09001,Confirmed,Female,20+,345
2002,CT,09001,Confirmed,Female,Unknown,5
2002,CT,09001,Confirmed,Unknown,0-19,12
2002,CT,09001,Confirmed,Unknown,20+,30
2002,CT,09001,Confirmed,Unknown,Suppressed,2
2002,CT,09003,Confirmed,Male,0-19,64
2002,CT,09003,Confirmed,Male,20+,103
2002,CT,09003,Confirmed,Female,0-19,43
2002,CT,09003,Confirmed,Female,20+,73
2002,CT,09003,Confirmed,Unknown,20+,6
2002,CT,09003,Confirmed,Unknown,Suppressed,4
2002,CT,09005,Confirmed,Male,0-19,89
2002,CT,09005,Confirmed,Male,20+,250
2002,CT,09005,Confirmed,Male,Suppressed,4
2002,CT,09005,Confirmed,Female,0-19,73
2002,CT,09005,Confirmed,Female,20+,250
2002,CT,09005,Confirmed,Female,Suppressed,2
2002,CT,09005,Confirmed,Unknown,20+,7
2002,CT,09005,Confirmed,Unknown,Suppressed,2
2002,CT,09007,Confirmed,Male,0-19,53
2002,CT,09007,Confirmed,Male,20+,56
2002,CT,09007,Confirmed,Female,0-19,38
2002,CT,09007,Confirmed,Female,20+,64
2002,CT,09007,Confirmed,Female,Suppressed,1
2002,CT,09007,Confirmed,Suppressed,20+,2
2002,CT,09009,Confirmed,Male,0-19,133
2002,CT,09009,Confirmed,Male,20+,166
2002,CT,09009,Confirmed,Male,Suppressed,1
2002,CT,09009,Confirmed,Female,0-19,70
2002,CT,09009,Confirmed,Female,20+,149
2002,CT,09009,Confirmed,Female,Suppressed,1
2002,CT,09009,Confirmed,Unknown,20+,13
2002,CT,09009,Confirmed,Unknown,Suppressed,5
2002,CT,09011,Confirmed,Male,0-19,121
2002,CT,09011,Confirmed,Male,20+,215
2002,CT,09011,Confirmed,Female,0-19,85
2002,CT,09011,Confirmed,Female,20+,201
2002,CT,09011,Confirmed,Female,Suppressed,3
2002,CT,09011,Confirmed,Unknown,0-19,5
2002,CT,09011,Confirmed,Unknown,20+,11
2002,CT,09013,Confirmed,Male,0-19,73
2002,CT,09013,Confirmed,Male,20+,100
2002,CT,09013,Confirmed,Male,Suppressed,1
2002,CT,09013,Confirmed,Female,0-19,47
2002,CT,09013,Confirmed,Female,20+,107
2002,CT,09013,Confirmed,Female,Suppressed,1
2002,CT,09013,Confirmed,Suppressed,0-19,3
2002,CT,09015,Confirmed,Male,0-19,99
2002,CT,09015,Confirmed,Male,20+,158
2002,CT,09015,Confirmed,Female,0-19,70
2002,CT,09015,Confirmed,Female,20+,150
2002,CT,09015,Confirmed,Female,Suppressed,1
2002,CT,09015,Confirmed,Unknown,20+,10
2002,CT,Unknown,Confirmed,Male,0-19,28
2002,CT,Unknown,Confirmed,Male,20+,35
2002,CT,Unknown,Confirmed,Male,Unknown,6
2002,CT,Unknown,Confirmed,Female,0-19,23
2002,CT,Unknown,Confirmed,Female,20+,34
2002,CT,Unknown,Confirmed,Female,Unknown,5
2002,CT,Unknown,Confirmed,Suppressed,0-19,2
2002,CT,Unknown,Confirmed,Suppressed,Suppressed,2
2002,DC,11001,Confirmed,Male,20+,9
2002,DC,11001,Confirmed,Male,Suppressed,3
2002,DC,11001,Confirmed,Female,20+,10
2002,DC,11001,Confirmed,Female,Suppressed,3
2002,DE,10001,Confirmed,Male,0-19,8
2002,DE,10001,Confirmed,Male,20+,11
2002,DE,10001,Confirmed,Female,0-19,6
2002,DE,10001,Confirmed,Female,20+,8
2002,DE,10003,Confirmed,Male,0-19,32
2002,DE,10003,Confirmed,Male,20+,46
2002,DE,10003,Confirmed,Female,0-19,12
2002,DE,10003,Confirmed,Female,20+,42
2002,DE,10005,Confirmed,Male,0-19,14
2002,DE,10005,Confirmed,Male,20+,6
2002,DE,10005,Confirmed,Female,20+,6
2002,DE,10005,Confirmed,Female,Suppressed,3
2002,FL,12095,Confirmed,Suppressed,Suppressed,5
2002,FL,12099,Confirmed,Female,Suppressed,5
2002,FL,12101,Confirmed,Female,20+,8
2002,FL,12103,Confirmed,Male,20+,5
2002,FL,12103,Confirmed,Male,Suppressed,1
2002,FL,12103,Confirmed,Suppressed,Suppressed,4
2002,FL,Suppressed,Confirmed,Male,20+,7
2002,FL,Suppressed,Confirmed,Female,Suppressed,4
2002,FL,Suppressed,Confirmed,Suppressed,20+,1
2002,FL,Suppressed,Confirmed,Suppressed,Suppressed,39
2002,IA,19163,Confirmed,Suppressed,Suppressed,5
2002,IA,Suppressed,Confirmed,Female,20+,11
2002,IA,Suppressed,Confirmed,Suppressed,Suppressed,26
2002,IL,17031,Confirmed,Male,20+,5
2002,IL,17031,Confirmed,Male,Suppressed,1
2002,IL,17031,Confirmed,Suppressed,20+,1
2002,IL,17043,Confirmed,Suppressed,Suppressed,5
2002,IL,17201,Confirmed,Suppressed,Suppressed,5
2002,IL,Suppressed,Confirmed,Male,0-19,9
2002,IL,Suppressed,Confirmed,Female,20+,5
2002,IL,Suppressed,Confirmed,Suppressed,Suppressed,16
2002,IN,Suppressed,Confirmed,Female,20+,5
2002,IN,Suppressed,Confirmed,Suppressed,Suppressed,16
2002,KS,Suppressed,Confirmed,Suppressed,20+,7
2002,KY,Suppressed,Confirmed,Male,20+,6
2002,KY,Suppressed,Confirmed,Suppressed,Suppressed,19
2002,MA,25001,Confirmed,Male,0-19,27
2002,MA,25001,Confirmed,Male,20+,44
2002,MA,25001,Confirmed,Male,Unknown,8
2002,MA,25001,Confirmed,Female,0-19,16
2002,MA,25001,Confirmed,Female,20+,54
2002,MA,25001,Confirmed,Female,Unknown,5
2002,MA,25001,Confirmed,Unknown,20+,10
2002,MA,25001,Confirmed,Unknown,Suppressed,1
2002,MA,25003,Confirmed,Male,0-19,12
2002,MA,25003,Confirmed,Male,20+,13
2002,MA,25003,Confirmed,Male,Unknown,8
2002,MA,25003,Confirmed,Female,20+,25
2002,MA,25003,Confirmed,Female,Unknown,7
2002,MA,25003,Confirmed,Female,Suppressed,4
2002,MA,25005,Confirmed,Male,0-19,35
2002,MA,25005,Confirmed,Male,20+,44
2002,MA,25005,Confirmed,Male,Suppressed,2
2002,MA,25005,Confirmed,Female,0-19,16
2002,MA,25005,Confirmed,Female,20+,37
2002,MA,25005,Confirmed,Female,Suppressed,3
2002,MA,25005,Confirmed,Suppressed,Suppressed,2
2002,MA,25007,Confirmed,Male,Unknown,14
2002,MA,25007,Confirmed,Male,Suppressed,6
2002,MA,25007,Confirmed,Female,Unknown,15
2002,MA,25007,Confirmed,Female,Suppressed,3
2002,MA,25009,Confirmed,Male,0-19,49
2002,MA,25009,Confirmed,Male,20+,72
2002,MA,25009,Confirmed,Male,Unknown,12
2002,MA,25009,Confirmed,Female,0-19,21
2002,MA,25009,Confirmed,Female,20+,75
2002,MA,25009,Confirmed,Female,Unknown,5
2002,MA,25009,Confirmed,Suppressed,20+,2
2002,MA,25011,Confirmed,Suppressed,Suppressed,8
2002,MA,25013,Confirmed,Male,0-19,22
2002,MA,25013,Confirmed,Male,20+,52
2002,MA,25013,Confirmed,Male,Unknown,8
2002,MA,25013,Confirmed,Female,0-19,12
2002,MA,25013,Confirmed,Female,20+,43
2002,MA,25013,Confirmed,Female,Suppressed,4
2002,MA,25013,Confirmed,Suppressed,Unknown,1
2002,MA,25013,Confirmed,Suppressed,Suppressed,1
2002,MA,25015,Confirmed,Male,0-19,9
2002,MA,25015,Confirmed,Male,20+,16
2002,MA,25015,Confirmed,Male,Suppressed,2
2002,MA,25015,Confirmed,Female,0-19,9
2002,MA,25015,Confirmed,Female,20+,19
2002,MA,25015,Confirmed,Female,Suppressed,3
2002,MA,25017,Confirmed,Male,0-19,47
2002,MA,25017,Confirmed,Male,20+,95
2002,MA,25017,Confirmed,Male,Unknown,9
2002,MA,25017,Confirmed,Female,0-19,31
2002,MA,25017,Confirmed,Female,20+,72
2002,MA,25017,Confirmed,Female,Unknown,6
2002,MA,25017,Confirmed,Suppressed,0-19,1
2002,MA,25019,Confirmed,Male,0-19,5
2002,MA,25019,Confirmed,Male,20+,18
2002,MA,25019,Confirmed,Male,Unknown,10
2002,MA,25019,Confirmed,Female,20+,11
2002,MA,25019,Confirmed,Female,Unknown,8
2002,MA,25019,Confirmed,Female,Suppressed,1
2002,MA,25019,Confirmed,Suppressed,Unknown,1
2002,MA,25021,Confirmed,Male,0-19,35
2002,MA,25021,Confirmed,Male,20+,55
2002,MA,25021,Confirmed,Male,Suppressed,2
2002,MA,25021,Confirmed,Female,0-19,16
2002,MA,25021,Confirmed,Female,20+,61
2002,MA,25021,Confirmed,Female,Suppressed,2
2002,MA,25021,Confirmed,Suppressed,20+,2
2002,MA,25023,Confirmed,Male,0-19,49
2002,MA,25023,Confirmed,Male,20+,44
2002,MA,25023,Confirmed,Male,Unknown,11
2002,MA,25023,Confirmed,Female,0-19,36
2002,MA,25023,Confirmed,Female,20+,62
2002,MA,25023,Confirmed,Female,Unknown,7
2002,MA,25023,Confirmed,Suppressed,20+,3
2002,MA,25023,Confirmed,Suppressed,Suppressed,2
2002,MA,25025,Confirmed,Male,20+,16
2002,MA,25025,Confirmed,Male,Suppressed,3
2002,MA,25025,Confirmed,Female,20+,9
2002,MA,25027,Confirmed,Male,0-19,41
2002,MA,25027,Confirmed,Male,20+,52
2002,MA,25027,Confirmed,Male,Unknown,6
2002,MA,25027,Confirmed,Female,0-19,22
2002,MA,25027,Confirmed,Female,20+,80
2002,MA,25027,Confirmed,Female,Suppressed,2
2002,MA,25027,Confirmed,Suppressed,0-19,1
2002,MA,Unknown,Confirmed,Male,20+,7
2002,MA,Unknown,Confirmed,Male,Suppressed,2
2002,MA,Unknown,Confirmed,Female,20+,6
2002,MA,Unknown,Confirmed,Suppressed,20+,1
2002,MA,Suppressed,Confirmed,Female,Unknown,1
2002,MD,24003,Confirmed,Male,0-19,20
2002,MD,24003,Confirmed,Male,20+,19
2002,MD,24003,Confirmed,Female,0-19,7
2002,MD,24003,Confirmed,Female,20+,20
2002,MD,24005,Confirmed,Male,0-19,6
2002,MD,24005,Confirmed,Male,Suppressed,4
2002,MD,24005,Confirmed,Female,20+,8
2002,MD,24005,Confirmed,Female,Suppressed,2
2002,MD,24009,Confirmed,Male,0-19,5
2002,MD,24009,Confirmed,Male,20+,21
2002,MD,24009,Confirmed,Female,0-19,7
2002,MD,24009,Confirmed,Female,20+,7
2002,MD,24011,Confirmed,Suppressed,Suppressed,5
2002,MD,24013,Confirmed,Male,0-19,14
2002,MD,24013,Confirmed,Male,20+,24
2002,MD,24013,Confirmed,Female,0-19,10
2002,MD,24013,Confirmed,Female,20+,25
2002,MD,24015,Confirmed,Male,0-19,7
2002,MD,24015,Confirmed,Male,20+,6
2002,MD,24015,Confirmed,Female,20+,19
2002,MD,24015,Confirmed,Female,Suppressed,3
2002,MD,24017,Confirmed,Male,0-19,5
2002,MD,24017,Confirmed,Male,20+,8
2002,MD,24017,Confirmed,Female,20+,11
2002,MD,24017,Confirmed,Female,Suppressed,1
2002,MD,24021,Confirmed,Male,0-19,11
2002,MD,24021,Confirmed,Male,20+,25
2002,MD,24021,Confirmed,Female,0-19,8
2002,MD,24021,Confirmed,Female,20+,19
2002,MD,24025,Confirmed,Male,0-19,19
2002,MD,24025,Confirmed,Male,20+,18
2002,MD,24025,Confirmed,Female,0-19,17
2002,MD,24025,Confirmed,Female,20+,27
2002,MD,24027,Confirmed,Male,0-19,9
2002,MD,24027,Confirmed,Male,20+,8
2002,MD,24027,Confirmed,Female,0-19,8
2002,MD,24027,Confirmed,Female,20+,14
2002,MD,24029,Confirmed,Male,0-19,5
2002,MD,24029,Confirmed,Male,Suppressed,4
2002,MD,24029,Confirmed,Female,Suppressed,5
2002,MD,24029,Confirmed,Suppressed,0-19,1
2002,MD,24031,Confirmed,Male,0-19,17
2002,MD,24031,Confirmed,Male,20+,17
2002,MD,24031,Confirmed,Female,0-19,14
2002,MD,24031,Confirmed,Female,20+,20
2002,MD,24033,Confirmed,Male,0-19,8
2002,MD,24033,Confirmed,Male,20+,14
2002,MD,24033,Confirmed,Female,0-19,8
2002,MD,24033,Confirmed,Female,20+,10
2002,MD,24035,Confirmed,Male,20+,17
2002,MD,24035,Confirmed,Male,Suppressed,3
2002,MD,24035,Confirmed,Female,0-19,8
2002,MD,24035,Confirmed,Female,20+,15
2002,MD,24037,Confirmed,Female,Suppressed,6
2002,MD,24039,Confirmed,Female,20+,6
2002,MD,24039,Confirmed,Suppressed,20+,2
2002,MD,24041,Confirmed,Male,20+,7
2002,MD,24041,Confirmed,Male,Suppressed,2
2002,MD,24041,Confirmed,Female,20+,9
2002,MD,24041,Confirmed,Female,Suppressed,1
2002,MD,24043,Confirmed,Male,0-19,5
2002,MD,24043,Confirmed,Male,20+,10
2002,MD,24043,Confirmed,Female,20+,5
2002,MD,24043,Confirmed,Female,Suppressed,3
2002,MD,24045,Confirmed,Male,0-19,5
2002,MD,24045,Confirmed,Male,Suppressed,3
2002,MD,24045,Confirmed,Female,0-19,5
2002,MD,24045,Confirmed,Female,20+,8
2002,MD,24047,Confirmed,Male,20+,8
2002,MD,24047,Confirmed,Male,Suppressed,2
2002,MD,24047,Confirmed,Female,20+,10
2002,MD,24047,Confirmed,Female,Suppressed,2
2002,MD,24510,Confirmed,Female,20+,5
2002,MD,24510,Confirmed,Female,Suppressed,1
2002,MD,24510,Confirmed,Suppressed,Suppressed,7
2002,MD,Suppressed,Confirmed,Female,0-19,1
2002,MD,Suppressed,Confirmed,Female,Suppressed,3
2002,MD,Suppressed,Confirmed,Suppressed,0-19,4
2002,MD,Suppressed,Confirmed,Suppressed,Suppressed,5
2002,ME,23005,Confirmed,Male,0-19,7
2002,ME,23005,Confirmed,Male,20+,14
2002,ME,23005,Confirmed,Female,0-19,5
2002,ME,23005,Confirmed,Female,20+,19
2002,ME,23005,Confirmed,Female,Suppressed,1
2002,ME,23009,Confirmed,Suppressed,Suppressed,5
2002,ME,23011,Confirmed,Male,20+,5
2002,ME,23011,Confirmed,Suppressed,Suppressed,2
2002,ME,23013,Confirmed,Suppressed,Suppressed,7
2002,ME,23015,Confirmed,Female,20+,7
2002,ME,23015,Confirmed,Female,Suppressed,4
2002,ME,23015,Confirmed,Suppressed,20+,2
2002,ME,23015,Confirmed,Suppressed,Suppressed,1
2002,ME,23019,Confirmed,Male,Suppressed,5
2002,ME,23019,Confirmed,Suppressed,Suppressed,5
2002,ME,23031,Confirmed,Male,0-19,20
2002,ME,23031,Confirmed,Male,20+,44
2002,ME,23031,Confirmed,Female,0-19,15
2002,ME,23031,Confirmed,Female,20+,32
2002,ME,23031,Confirmed,Female,Suppressed,1
2002,ME,Suppressed,Confirmed,Male,20+,7
2002,ME,Suppressed,Confirmed,Female,0-19,1
2002,ME,Suppressed,Confirmed,Suppressed,Suppressed,10
2002,MI,26109,Confirmed,Suppressed,20+,6
2002,MI,Suppressed,Confirmed,Female,Suppressed,8
2002,MI,Suppressed,Confirmed,Suppressed,20+,10
2002,MN,27001,Confirmed,Male,20+,9
2002,MN,27001,Confirmed,Male,Suppressed,2
2002,MN,27001,Confirmed,Suppressed,Suppressed,3
2002,MN,27003,Confirmed,Male,0-19,13
2002,MN,27003,Confirmed,Male,20+,32
2002,MN,27003,Confirmed,Male,Suppressed,1
2002,MN,27003,Confirmed,Female,0-19,17
2002,MN,27003,Confirmed,Female,20+,18
2002,MN,27017,Confirmed,Male,20+,5
2002,MN,27017,Confirmed,Male,Suppressed,2
2002,MN,27017,Confirmed,Suppressed,Suppressed,1
2002,MN,27021,Confirmed,Male,0-19,10
2002,MN,27021,Confirmed,Male,20+,12
2002,MN,27021,Confirmed,Female,0-19,8
2002,MN,27021,Confirmed,Female,20+,13
2002,MN,27021,Confirmed,Suppressed,0-19,1
2002,MN,27025,Confirmed,Male,0-19,6
2002,MN,27025,Confirmed,Male,20+,13
2002,MN,27025,Confirmed,Female,20+,6
2002,MN,27025,Confirmed,Female,Suppressed,1
2002,MN,27035,Confirmed,Male,0-19,30
2002,MN,27035,Confirmed,Male,20+,57
2002,MN,27035,Confirmed,Male,Suppressed,1
2002,MN,27035,Confirmed,Female,0-19,18
2002,MN,27035,Confirmed,Female,20+,43
2002,MN,27037,Confirmed,Male,0-19,13
2002,MN,27037,Confirmed,Male,20+,22
2002,MN,27037,Confirmed,Female,0-19,6
2002,MN,27037,Confirmed,Female,20+,7
2002,MN,27049,Confirmed,Suppressed,Suppressed,5
2002,MN,27053,Confirmed,Male,0-19,20
2002,MN,27053,Confirmed,Male,20+,49
2002,MN,27053,Confirmed,Female,0-19,12
2002,MN,27053,Confirmed,Female,20+,32
2002,MN,27053,Confirmed,Suppressed,0-19,1
2002,MN,27055,Confirmed,Male,20+,5
2002,MN,27055,Confirmed,Male,Suppressed,1
2002,MN,27055,Confirmed,Female,20+,5
2002,MN,27055,Confirmed,Female,Suppressed,4
2002,MN,27055,Confirmed,Suppressed,Suppressed,1
2002,MN,27057,Confirmed,Male,20+,5
2002,MN,27059,Confirmed,Suppressed,Suppressed,7
2002,MN,27065,Confirmed,Male,20+,7
2002,MN,27065,Confirmed,Male,Suppressed,2
2002,MN,27065,Confirmed,Suppressed,Suppressed,2
2002,MN,27095,Confirmed,Male,20+,8
2002,MN,27095,Confirmed,Male,Suppressed,1
2002,MN,27095,Confirmed,Suppressed,Suppressed,4
2002,MN,27097,Confirmed,Male,0-19,5
2002,MN,27097,Confirmed,Male,20+,14
2002,MN,27097,Confirmed,Female,Suppressed,5
2002,MN,27097,Confirmed,Suppressed,0-19,1
2002,MN,27109,Confirmed,Male,20+,6
2002,MN,27109,Confirmed,Male,Suppressed,3
2002,MN,27115,Confirmed,Male,0-19,6
2002,MN,27115,Confirmed,Male,20+,7
2002,MN,27115,Confirmed,Female,Suppressed,7
2002,MN,27115,Confirmed,Suppressed,0-19,2
2002,MN,27123,Confirmed,Male,0-19,18
2002,MN,27123,Confirmed,Male,20+,28
2002,MN,27123,Confirmed,Female,0-19,8
2002,MN,27123,Confirmed,Female,20+,21
2002,MN,27137,Confirmed,Suppressed,Suppressed,10
2002,MN,27139,Confirmed,Suppressed,Suppressed,9
2002,MN,27141,Confirmed,Male,20+,7
2002,MN,27141,Confirmed,Male,Suppressed,4
2002,MN,27141,Confirmed,Female,Suppressed,6
2002,MN,27141,Confirmed,Suppressed,Suppressed,1
2002,MN,27145,Confirmed,Male,20+,6
2002,MN,27145,Confirmed,Male,Suppressed,2
2002,MN,27145,Confirmed,Female,Suppressed,5
2002,MN,27147,Confirmed,Male,Suppressed,5
2002,MN,27153,Confirmed,Suppressed,Suppressed,5
2002,MN,27163,Confirmed,Male,0-19,23
2002,MN,27163,Confirmed,Male,20+,24
2002,MN,27163,Confirmed,Female,0-19,5
2002,MN,27163,Confirmed,Female,20+,15
2002,MN,27169,Confirmed,Suppressed,Suppressed,8
2002,MN,27171,Confirmed,Suppressed,Suppressed,6
2002,MN,Suppressed,Confirmed,Male,20+,13
2002,MN,Suppressed,Confirmed,Female,0-19,6
2002,MN,Suppressed,Confirmed,Suppressed,Suppressed,35
2002,MO,29213,Confirmed,Female,20+,5
2002,MO,29213,Confirmed,Suppressed,Suppressed,2
2002,MO,Suppressed,Confirmed,Female,20+,11
2002,MO,Suppressed,Confirmed,Suppressed,Suppressed,23
2002,MS,Suppressed,Confirmed,Suppressed,20+,12
2002,NC,37063,Confirmed,Suppressed,Suppressed,5
2002,NC,37065,Confirmed,Suppressed,Suppressed,7
2002,NC,37097,Confirmed,Suppressed,Suppressed,6
2002,NC,37119,Confirmed,Suppressed,Suppressed,6
2002,NC,37129,Confirmed,Suppressed,Suppressed,5
2002,NC,37133,Confirmed,Male,0-19,9
2002,NC,37133,Confirmed,Male,20+,17
2002,NC,37133,Confirmed,Suppressed,Suppressed,2
2002,NC,37183,Confirmed,Male,0-19,6
2002,NC,37183,Confirmed,Male,Suppressed,4
2002,NC,37183,Confirmed,Suppressed,Suppressed,4
2002,NC,Suppressed,Confirmed,Male,0-19,4
2002,NC,Suppressed,Confirmed,Female,20+,37
2002,NC,Suppressed,Confirmed,Suppressed,Suppressed,25
2002,NH,33003,Confirmed,Female,20+,6
2002,NH,33003,Confirmed,Suppressed,20+,2
2002,NH,33003,Confirmed,Suppressed,Suppressed,1
2002,NH,33011,Confirmed,Male,0-19,8
2002,NH,33011,Confirmed,Male,20+,12
2002,NH,33011,Confirmed,Female,0-19,5
2002,NH,33011,Confirmed,Female,20+,11
2002,NH,33013,Confirmed,Male,20+,6
2002,NH,33013,Confirmed,Male,Suppressed,3
2002,NH,33013,Confirmed,Suppressed,20+,4
2002,NH,33015,Confirmed,Male,0-19,23
2002,NH,33015,Confirmed,Male,20+,42
2002,NH,33015,Confirmed,Female,0-19,16
2002,NH,33015,Confirmed,Female,20+,34
2002,NH,33017,Confirmed,Male,0-19,13
2002,NH,33017,Confirmed,Male,20+,27
2002,NH,33017,Confirmed,Female,0-19,13
2002,NH,33017,Confirmed,Female,20+,20
2002,NH,Suppressed,Confirmed,Male,20+,6
2002,NH,Suppressed,Confirmed,Male,Suppressed,5
2002,NH,Suppressed,Confirmed,Suppressed,20+,3
2002,NH,Suppressed,Confirmed,Suppressed,Suppressed,1
2002,NJ,34001,Confirmed,Male,0-19,6
2002,NJ,34001,Confirmed,Male,20+,31
2002,NJ,34001,Confirmed,Male,Suppressed,1
2002,NJ,34001,Confirmed,Female,20+,30
2002,NJ,34001,Confirmed,Female,Suppressed,5
2002,NJ,34001,Confirmed,Suppressed,20+,1
2002,NJ,34003,Confirmed,Male,0-19,12
2002,NJ,34003,Confirmed,Male,20+,37
2002,NJ,34003,Confirmed,Male,Unknown,15
2002,NJ,34003,Confirmed,Female,0-19,13
2002,NJ,34003,Confirmed,Female,20+,41
2002,NJ,34003,Confirmed,Female,Unknown,7
2002,NJ,34003,Confirmed,Suppressed,20+,2
2002,NJ,34005,Confirmed,Male,20+,9
2002,NJ,34005,Confirmed,Male,Suppressed,1
2002,NJ,34005,Confirmed,Female,20+,7
2002,NJ,34005,Confirmed,Female,Suppressed,2
2002,NJ,34005,Confirmed,Suppressed,Suppressed,1
2002,NJ,34007,Confirmed,Female,20+,7
2002,NJ,34007,Confirmed,Female,Suppressed,2
2002,NJ,34007,Confirmed,Suppressed,Suppressed,3
2002,NJ,34011,Confirmed,Male,20+,5
2002,NJ,34011,Confirmed,Male,Suppressed,3
2002,NJ,34011,Confirmed,Female,20+,9
2002,NJ,34013,Confirmed,Male,0-19,17
2002,NJ,34013,Confirmed,Male,20+,29
2002,NJ,34013,Confirmed,Female,0-19,7
2002,NJ,34013,Confirmed,Female,20+,27
2002,NJ,34013,Confirmed,Suppressed,0-19,2
2002,NJ,34013,Confirmed,Suppressed,Suppressed,2
2002,NJ,34015,Confirmed,Male,0-19,18
2002,NJ,34015,Confirmed,Male,20+,17
2002,NJ,34015,Confirmed,Female,20+,15
2002,NJ,34015,Confirmed,Female,Suppressed,4
2002,NJ,34015,Confirmed,Suppressed,0-19,1
2002,NJ,34017,Confirmed,Female,20+,6
2002,NJ,34017,Confirmed,Suppressed,20+,3
2002,NJ,34019,Confirmed,Male,0-19,54
2002,NJ,34019,Confirmed,Male,20+,145
2002,NJ,34019,Confirmed,Male,Suppressed,4
2002,NJ,34019,Confirmed,Female,0-19,40
2002,NJ,34019,Confirmed,Female,20+,149
2002,NJ,34019,Confirmed,Female,Unknown,10
2002,NJ,34019,Confirmed,Unknown,20+,6
2002,NJ,34019,Confirmed,Unknown,Suppressed,4
2002,NJ,34021,Confirmed,Male,0-19,5
2002,NJ,34021,Confirmed,Male,20+,6
2002,NJ,34021,Confirmed,Male,Suppressed,1
2002,NJ,34021,Confirmed,Female,0-19,6
2002,NJ,34021,Confirmed,Female,20+,11
2002,NJ,34021,Confirmed,Female,Suppressed,1
2002,NJ,34021,Confirmed,Suppressed,20+,2
2002,NJ,34023,Confirmed,Male,0-19,22
2002,NJ,34023,Confirmed,Male,20+,44
2002,NJ,34023,Confirmed,Male,Suppressed,1
2002,NJ,34023,Confirmed,Female,0-19,14
2002,NJ,34023,Confirmed,Female,20+,44
2002,NJ,34023,Confirmed,Unknown,20+,5
2002,NJ,34023,Confirmed,Unknown,Suppressed,4
2002,NJ,34025,Confirmed,Male,0-19,27
2002,NJ,34025,Confirmed,Male,20+,63
2002,NJ,34025,Confirmed,Male,Unknown,6
2002,NJ,34025,Confirmed,Female,0-19,13
2002,NJ,34025,Confirmed,Female,20+,43
2002,NJ,34025,Confirmed,Female,Unknown,13
2002,NJ,34025,Confirmed,Suppressed,0-19,1
2002,NJ,34025,Confirmed,Suppressed,Suppressed,1
2002,NJ,34027,Confirmed,Male,0-19,64
2002,NJ,34027,Confirmed,Male,20+,144
2002,NJ,34027,Confirmed,Male,Suppressed,2
2002,NJ,34027,Confirmed,Female,0-19,55
2002,NJ,34027,Confirmed,Female,20+,126
2002,NJ,34027,Confirmed,Female,Suppressed,1
2002,NJ,34027,Confirmed,Suppressed,20+,2
2002,NJ,34027,Confirmed,Suppressed,Suppressed,4
2002,NJ,34029,Confirmed,Male,0-19,17
2002,NJ,34029,Confirmed,Male,20+,36
2002,NJ,34029,Confirmed,Male,Suppressed,2
2002,NJ,34029,Confirmed,Female,0-19,12
2002,NJ,34029,Confirmed,Female,20+,55
2002,NJ,34029,Confirmed,Female,Suppressed,1
2002,NJ,34029,Confirmed,Suppressed,20+,2
2002,NJ,34029,Confirmed,Suppressed,Suppressed,1
2002,NJ,34031,Confirmed,Male,20+,11
2002,NJ,34031,Confirmed,Male,Suppressed,3
2002,NJ,34031,Confirmed,Female,0-19,7
2002,NJ,34031,Confirmed,Female,20+,13
2002,NJ,34031,Confirmed,Suppressed,20+,1
2002,NJ,34033,Confirmed,Male,20+,7
2002,NJ,34033,Confirmed,Male,Suppressed,4
2002,NJ,34033,Confirmed,Female,20+,10
2002,NJ,34035,Confirmed,Male,0-19,20
2002,NJ,34035,Confirmed,Male,20+,34
2002,NJ,34035,Confirmed,Male,Suppressed,2
2002,NJ,34035,Confirmed,Female,0-19,24
2002,NJ,34035,Confirmed,Female,20+,43
2002,NJ,34035,Confirmed,Female,Suppressed,2
2002,NJ,34035,Confirmed,Suppressed,0-19,2
2002,NJ,34035,Confirmed,Suppressed,Suppressed,1
2002,NJ,34037,Confirmed,Male,0-19,47
2002,NJ,34037,Confirmed,Male,20+,81
2002,NJ,34037,Confirmed,Male,Suppressed,1
2002,NJ,34037,Confirmed,Female,0-19,31
2002,NJ,34037,Confirmed,Female,20+,96
2002,NJ,34037,Confirmed,Suppressed,20+,4
2002,NJ,34037,Confirmed,Suppressed,Suppressed,2
2002,NJ,34039,Confirmed,Male,0-19,7
2002,NJ,34039,Confirmed,Male,20+,14
2002,NJ,34039,Confirmed,Male,Suppressed,1
2002,NJ,34039,Confirmed,Female,20+,7
2002,NJ,34039,Confirmed,Female,Suppressed,3
2002,NJ,34039,Confirmed,Suppressed,20+,1
2002,NJ,34041,Confirmed,Male,0-19,21
2002,NJ,34041,Confirmed,Male,20+,62
2002,NJ,34041,Confirmed,Male,Unknown,5
2002,NJ,34041,Confirmed,Female,0-19,17
2002,NJ,34041,Confirmed,Female,20+,84
2002,NJ,34041,Confirmed,Female,Suppressed,1
2002,NJ,34041,Confirmed,Suppressed,20+,3
2002,NJ,34041,Confirmed,Suppressed,Suppressed,2
2002,NJ,Suppressed,Confirmed,Female,20+,1
2002,NJ,Suppressed,Confirmed,Female,Suppressed,4
2002,NJ,Suppressed,Confirmed,Suppressed,20+,2
2002,NJ,Suppressed,Confirmed,Suppressed,Suppressed,1
2002,NY,36001,Confirmed,Male,0-19,32
2002,NY,36001,Confirmed,Male,20+,55
2002,NY,36001,Confirmed,Female,0-19,22
2002,NY,36001,Confirmed,Female,20+,56
2002,NY,36005,Confirmed,Female,20+,6
2002,NY,36005,Confirmed,Suppressed,Suppressed,3
2002,NY,36021,Confirmed,Male,0-19,110
2002,NY,36021,Confirmed,Male,20+,395
2002,NY,36021,Confirmed,Female,0-19,96
2002,NY,36021,Confirmed,Female,20+,397
2002,NY,36021,Confirmed,Female,Suppressed,1
2002,NY,36027,Confirmed,Male,0-19,318
2002,NY,36027,Confirmed,Male,20+,597
2002,NY,36027,Confirmed,Male,Suppressed,1
2002,NY,36027,Confirmed,Female,0-19,218
2002,NY,36027,Confirmed,Female,20+,586
2002,NY,36039,Confirmed,Male,0-19,26
2002,NY,36039,Confirmed,Male,20+,53
2002,NY,36039,Confirmed,Male,Suppressed,1
2002,NY,36039,Confirmed,Female,0-19,17
2002,NY,36039,Confirmed,Female,20+,79
2002,NY,36039,Confirmed,Female,Suppressed,3
2002,NY,36045,Confirmed,Suppressed,Suppressed,7
2002,NY,36047,Confirmed,Female,20+,6
2002,NY,36047,Confirmed,Female,Suppressed,1
2002,NY,36047,Confirmed,Suppressed,20+,2
2002,NY,36047,Confirmed,Suppressed,Suppressed,4
2002,NY,36053,Confirmed,Suppressed,Suppressed,5
2002,NY,36059,Confirmed,Male,0-19,18
2002,NY,36059,Confirmed,Male,20+,26
2002,NY,36059,Confirmed,Male,Suppressed,2
2002,NY,36059,Confirmed,Female,0-19,12
2002,NY,36059,Confirmed,Female,20+,23
2002,NY,36059,Confirmed,Female,Suppressed,1
2002,NY,36061,Confirmed,Male,20+,10
2002,NY,36061,Confirmed,Male,Suppressed,4
2002,NY,36061,Confirmed,Female,20+,6
2002,NY,36061,Confirmed,Female,Suppressed,3
2002,NY,36067,Confirmed,Male,Suppressed,5
2002,NY,36071,Confirmed,Male,0-19,135
2002,NY,36071,Confirmed,Male,20+,170
2002,NY,36071,Confirmed,Female,0-19,73
2002,NY,36071,Confirmed,Female,20+,163
2002,NY,36079,Confirmed,Male,0-19,61
2002,NY,36079,Confirmed,Male,20+,68
2002,NY,36079,Confirmed,Female,0-19,53
2002,NY,36079,Confirmed,Female,20+,63
2002,NY,36079,Confirmed,Female,Suppressed,2
2002,NY,36081,Confirmed,Male,20+,5
2002,NY,36081,Confirmed,Male,Suppressed,2
2002,NY,36081,Confirmed,Suppressed,Suppressed,4
2002,NY,36083,Confirmed,Male,0-19,15
2002,NY,36083,Confirmed,Male,20+,54
2002,NY,36083,Confirmed,Female,0-19,9
2002,NY,36083,Confirmed,Female,20+,44
2002,NY,36087,Confirmed,Male,0-19,21
2002,NY,36087,Confirmed,Male,20+,34
2002,NY,36087,Confirmed,Male,Suppressed,1
2002,NY,36087,Confirmed,Female,0-19,15
2002,NY,36087,Confirmed,Female,20+,47
2002,NY,36087,Confirmed,Female,Suppressed,2
2002,NY,36091,Confirmed,Male,20+,5
2002,NY,36091,Confirmed,Male,Suppressed,3
2002,NY,36091,Confirmed,Female,20+,7
2002,NY,36093,Confirmed,Suppressed,Suppressed,7
2002,NY,36103,Confirmed,Male,0-19,72
2002,NY,36103,Confirmed,Male,20+,184
2002,NY,36103,Confirmed,Male,Unknown,15
2002,NY,36103,Confirmed,Female,0-19,45
2002,NY,36103,Confirmed,Female,20+,181
2002,NY,36103,Confirmed,Female,Unknown,16
2002,NY,36105,Confirmed,Male,20+,5
2002,NY,36105,Confirmed,Male,Suppressed,4
2002,NY,36105,Confirmed,Female,20+,7
2002,NY,36105,Confirmed,Female,Suppressed,2
2002,NY,36109,Confirmed,Suppressed,Suppressed,5
2002,NY,36111,Confirmed,Male,0-19,55
2002,NY,36111,Confirmed,Male,20+,112
2002,NY,36111,Confirmed,Male,Suppressed,1
2002,NY,36111,Confirmed,Female,0-19,39
2002,NY,36111,Confirmed,Female,20+,127
2002,NY,36119,Confirmed,Male,0-19,67
2002,NY,36119,Confirmed,Male,20+,140
2002,NY,36119,Confirmed,Female,0-19,32
2002,NY,36119,Confirmed,Female,20+,100
2002,NY,Suppressed,Confirmed,Male,20+,13
2002,NY,Suppressed,Confirmed,Female,0-19,3
2002,NY,Suppressed,Confirmed,Suppressed,Suppressed,40
2002,OH,39035,Confirmed,Suppressed,Suppressed,8
2002,OH,39041,Confirmed,Suppressed,Suppressed,6
2002,OH,39049,Confirmed,Suppressed,Suppressed,5
2002,OH,39139,Confirmed,Suppressed,Suppressed,5
2002,OH,39153,Confirmed,Suppressed,Suppressed,5
2002,OH,Suppressed,Confirmed,Male,20+,14
2002,OH,Suppressed,Confirmed,Female,0-19,7
2002,OH,Suppressed,Confirmed,Suppressed,Suppressed,32
2002,OR,Suppressed,Confirmed,Suppressed,20+,10
2002,PA,42001,Confirmed,Male,0-19,6
2002,PA,42001,Confirmed,Male,20+,10
2002,PA,42001,Confirmed,Female,0-19,7
2002,PA,42001,Confirmed,Female,20+,17
2002,PA,42003,Confirmed,Male,0-19,6
2002,PA,42003,Confirmed,Male,20+,7
2002,PA,42003,Confirmed,Female,20+,22
2002,PA,42003,Confirmed,Female,Suppressed,3
2002,PA,42005,Confirmed,Suppressed,Suppressed,5
2002,PA,42011,Confirmed,Male,0-19,82
2002,PA,42011,Confirmed,Male,20+,159
2002,PA,42011,Confirmed,Male,Suppressed,2
2002,PA,42011,Confirmed,Female,0-19,60
2002,PA,42011,Confirmed,Female,20+,158
2002,PA,42011,Confirmed,Female,Suppressed,1
2002,PA,42011,Confirmed,Unknown,20+,5
2002,PA,42017,Confirmed,Male,0-19,88
2002,PA,42017,Confirmed,Male,20+,157
2002,PA,42017,Confirmed,Female,0-19,64
2002,PA,42017,Confirmed,Female,20+,151
2002,PA,42017,Confirmed,Suppressed,0-19,1
2002,PA,42019,Confirmed,Male,20+,5
2002,PA,42019,Confirmed,Male,Suppressed,2
2002,PA,42019,Confirmed,Female,20+,5
2002,PA,42019,Confirmed,Female,Suppressed,1
2002,PA,42023,Confirmed,Male,20+,7
2002,PA,42023,Confirmed,Female,20+,8
2002,PA,42023,Confirmed,Female,Suppressed,1
2002,PA,42027,Confirmed,Male,20+,11
2002,PA,42027,Confirmed,Male,Suppressed,3
2002,PA,42027,Confirmed,Female,20+,14
2002,PA,42027,Confirmed,Female,Suppressed,3
2002,PA,42029,Confirmed,Male,0-19,156
2002,PA,42029,Confirmed,Male,20+,268
2002,PA,42029,Confirmed,Male,Suppressed,2
2002,PA,42029,Confirmed,Female,0-19,126
2002,PA,42029,Confirmed,Female,20+,261
2002,PA,42029,Confirmed,Female,Suppressed,4
2002,PA,42029,Confirmed,Suppressed,20+,1
2002,PA,42033,Confirmed,Male,0-19,18
2002,PA,42033,Confirmed,Male,20+,17
2002,PA,42033,Confirmed,Female,0-19,7
2002,PA,42033,Confirmed,Female,20+,23
2002,PA,42035,Confirmed,Female,20+,7
2002,PA,42035,Confirmed,Female,Suppressed,3
2002,PA,42035,Confirmed,Suppressed,Suppressed,1
2002,PA,42037,Confirmed,Suppressed,Suppressed,8
2002,PA,42041,Confirmed,Male,0-19,5
2002,PA,42041,Confirmed,Male,20+,8
2002,PA,42041,Confirmed,Male,Suppressed,1
2002,PA,42041,Confirmed,Female,20+,7
2002,PA,42041,Confirmed,Female,Suppressed,4
2002,PA,42043,Confirmed,Male,0-19,6
2002,PA,42043,Confirmed,Male,20+,20
2002,PA,42043,Confirmed,Female,0-19,5
2002,PA,42043,Confirmed,Female,20+,17
2002,PA,42045,Confirmed,Male,0-19,65
2002,PA,42045,Confirmed,Male,20+,102
2002,PA,42045,Confirmed,Male,Suppressed,3
2002,PA,42045,Confirmed,Female,0-19,30
2002,PA,42045,Confirmed,Female,20+,98
2002,PA,42045,Confirmed,Female,Suppressed,3
2002,PA,42045,Confirmed,Unknown,20+,5
2002,PA,42045,Confirmed,Unknown,Suppressed,3
2002,PA,42047,Confirmed,Male,0-19,7
2002,PA,42047,Confirmed,Male,20+,7
2002,PA,42047,Confirmed,Female,0-19,5
2002,PA,42047,Confirmed,Female,20+,10
2002,PA,42049,Confirmed,Male,20+,5
2002,PA,42049,Confirmed,Male,Suppressed,1
2002,PA,42049,Confirmed,Female,20+,5
2002,PA,42049,Confirmed,Female,Suppressed,1
2002,PA,42051,Confirmed,Suppressed,Suppressed,5
2002,PA,42055,Confirmed,Female,20+,9
2002,PA,42055,Confirmed,Female,Suppressed,3
2002,PA,42055,Confirmed,Suppressed,Suppressed,4
2002,PA,42069,Confirmed,Male,Suppressed,5
2002,PA,42069,Confirmed,Female,20+,7
2002,PA,42069,Confirmed,Female,Suppressed,1
2002,PA,42071,Confirmed,Male,0-19,26
2002,PA,42071,Confirmed,Male,20+,58
2002,PA,42071,Confirmed,Female,0-19,28
2002,PA,42071,Confirmed,Female,20+,46
2002,PA,42075,Confirmed,Male,0-19,6
2002,PA,42075,Confirmed,Male,20+,10
2002,PA,42075,Confirmed,Female,0-19,5
2002,PA,42075,Confirmed,Female,20+,15
2002,PA,42077,Confirmed,Male,0-19,5
2002,PA,42077,Confirmed,Male,20+,13
2002,PA,42077,Confirmed,Male,Suppressed,1
2002,PA,42077,Confirmed,Female,0-19,7
2002,PA,42077,Confirmed,Female,20+,14
2002,PA,42079,Confirmed,Male,0-19,5
2002,PA,42079,Confirmed,Male,20+,6
2002,PA,42079,Confirmed,Female,20+,7
2002,PA,42079,Confirmed,Female,Suppressed,2
2002,PA,42081,Confirmed,Female,20+,8
2002,PA,42081,Confirmed,Female,Suppressed,2
2002,PA,42081,Confirmed,Suppressed,Suppressed,2
2002,PA,42083,Confirmed,Female,20+,5
2002,PA,42083,Confirmed,Female,Suppressed,1
2002,PA,42083,Confirmed,Suppressed,Suppressed,1
2002,PA,42085,Confirmed,Female,20+,10
2002,PA,42085,Confirmed,Female,Suppressed,2
2002,PA,42085,Confirmed,Suppressed,20+,1
2002,PA,42087,Confirmed,Suppressed,Suppressed,6
2002,PA,42089,Confirmed,Male,0-19,9
2002,PA,42089,Confirmed,Male,20+,27
2002,PA,42089,Confirmed,Female,0-19,10
2002,PA,42089,Confirmed,Female,20+,29
2002,PA,42091,Confirmed,Male,0-19,66
2002,PA,42091,Confirmed,Male,20+,117
2002,PA,42091,Confirmed,Male,Suppressed,1
2002,PA,42091,Confirmed,Female,0-19,41
2002,PA,42091,Confirmed,Female,20+,117
2002,PA,42095,Confirmed,Male,0-19,28
2002,PA,42095,Confirmed,Male,20+,65
2002,PA,42095,Confirmed,Female,0-19,20
2002,PA,42095,Confirmed,Female,20+,59
2002,PA,42095,Confirmed,Female,Suppressed,2
2002,PA,42095,Confirmed,Suppressed,20+,1
2002,PA,42097,Confirmed,Male,Suppressed,5
2002,PA,42097,Confirmed,Female,20+,13
2002,PA,42097,Confirmed,Female,Suppressed,3
2002,PA,42099,Confirmed,Suppressed,Suppressed,5
2002,PA,42101,Confirmed,Male,0-19,29
2002,PA,42101,Confirmed,Male,20+,47
2002,PA,42101,Confirmed,Male,Suppressed,1
2002,PA,42101,Confirmed,Female,0-19,30
2002,PA,42101,Confirmed,Female,20+,70
2002,PA,42103,Confirmed,Male,20+,5
2002,PA,42103,Confirmed,Male,Suppressed,2
2002,PA,42103,Confirmed,Female,0-19,5
2002,PA,42103,Confirmed,Female,20+,10
2002,PA,42107,Confirmed,Female,20+,9
2002,PA,42107,Confirmed,Female,Suppressed,1
2002,PA,42107,Confirmed,Suppressed,Suppressed,3
2002,PA,42109,Confirmed,Suppressed,Suppressed,6
2002,PA,42119,Confirmed,Female,20+,6
2002,PA,42119,Confirmed,Suppressed,Suppressed,3
2002,PA,42125,Confirmed,Suppressed,Suppressed,7
2002,PA,42127,Confirmed,Suppressed,Suppressed,7
2002,PA,42129,Confirmed,Male,20+,8
2002,PA,42129,Confirmed,Suppressed,20+,4
2002,PA,42133,Confirmed,Male,0-19,54
2002,PA,42133,Confirmed,Male,20+,112
2002,PA,42133,Confirmed,Male,Suppressed,1
2002,PA,42133,Confirmed,Female,0-19,31
2002,PA,42133,Confirmed,Female,20+,113
2002,PA,42133,Confirmed,Female,Suppressed,3
2002,PA,Unknown,Confirmed,Male,0-19,5
2002,PA,Unknown,Confirmed,Male,Suppressed,4
2002,PA,Unknown,Confirmed,Female,20+,9
2002,PA,Unknown,Confirmed,Female,Suppressed,4
2002,PA,Unknown,Confirmed,Unknown,Unknown,8
2002,PA,Suppressed,Confirmed,Male,0-19,3
2002,PA,Suppressed,Confirmed,Female,20+,17
2002,PA,Suppressed,Confirmed,Unknown,Unknown,1
2002,PA,Suppressed,Confirmed,Suppressed,Suppressed,31
2002,RI,44001,Confirmed,Male,Suppressed,6
2002,RI,44003,Confirmed,Male,0-19,25
2002,RI,44003,Confirmed,Male,20+,58
2002,RI,44003,Confirmed,Male,Suppressed,1
2002,RI,44003,Confirmed,Female,0-19,24
2002,RI,44003,Confirmed,Female,20+,50
2002,RI,44003,Confirmed,Female,Suppressed,3
2002,RI,44005,Confirmed,Male,20+,8
2002,RI,44005,Confirmed,Male,Suppressed,6
2002,RI,44005,Confirmed,Female,20+,11
2002,RI,44005,Confirmed,Female,Suppressed,2
2002,RI,44007,Confirmed,Male,0-19,32
2002,RI,44007,Confirmed,Male,20+,55
2002,RI,44007,Confirmed,Male,Suppressed,1
2002,RI,44007,Confirmed,Female,0-19,18
2002,RI,44007,Confirmed,Female,20+,42
2002,RI,44009,Confirmed,Male,0-19,64
2002,RI,44009,Confirmed,Male,20+,139
2002,RI,44009,Confirmed,Male,Unknown,6
2002,RI,44009,Confirmed,Female,0-19,54
2002,RI,44009,Confirmed,Female,20+,123
2002,RI,44009,Confirmed,Female,Unknown,7
2002,RI,44009,Confirmed,Suppressed,0-19,1
2002,RI,Unknown,Confirmed,Male,0-19,16
2002,RI,Unknown,Confirmed,Male,20+,41
2002,RI,Unknown,Confirmed,Female,0-19,14
2002,RI,Unknown,Confirmed,Female,20+,39
2002,RI,Unknown,Confirmed,Female,Suppressed,1
2002,RI,Suppressed,Confirmed,Suppressed,20+,3
2002,RI,Suppressed,Confirmed,Suppressed,Suppressed,2
2002,SC,Suppressed,Confirmed,Female,20+,10
2002,SC,Suppressed,Confirmed,Suppressed,Suppressed,16
2002,Suppressed,Suppressed,Confirmed,Female,Suppressed,7
2002,Suppressed,Suppressed,Confirmed,Suppressed,0-19,9
2002,Suppressed,Suppressed,Confirmed,Suppressed,Suppressed,33
2002,TN,Suppressed,Confirmed,Female,20+,16
2002,TN,Suppressed,Confirmed,Suppressed,Suppressed,12
2002,TX,48085,Confirmed,Female,20+,6
2002,TX,48085,Confirmed,Suppressed,20+,3
2002,TX,48113,Confirmed,Male,20+,7
2002,TX,48113,Confirmed,Female,20+,16
2002,TX,48121,Confirmed,Suppressed,Suppressed,5
2002,TX,48251,Confirmed,Suppressed,Suppressed,5
2002,TX,48453,Confirmed,Male,0-19,6
2002,TX,48453,Confirmed,Male,Suppressed,4
2002,TX,48453,Confirmed,Female,20+,24
2002,TX,48453,Confirmed,Female,Suppressed,2
2002,TX,48453,Confirmed,Suppressed,20+,1
2002,TX,48453,Confirmed,Suppressed,Suppressed,1
2002,TX,Suppressed,Confirmed,Male,20+,12
2002,TX,Suppressed,Confirmed,Female,Suppressed,3
2002,TX,Suppressed,Confirmed,Suppressed,20+,4
2002,TX,Suppressed,Confirmed,Suppressed,Suppressed,40
2002,VA,51003,Confirmed,Female,20+,5
2002,VA,51003,Confirmed,Female,Suppressed,1
2002,VA,51003,Confirmed,Suppressed,20+,1
2002,VA,51059,Confirmed,Male,0-19,9
2002,VA,51059,Confirmed,Male,20+,22
2002,VA,51059,Confirmed,Female,0-19,8
2002,VA,51059,Confirmed,Female,20+,27
2002,VA,51059,Confirmed,Female,Suppressed,3
2002,VA,51107,Confirmed,Male,0-19,14
2002,VA,51107,Confirmed,Male,20+,19
2002,VA,51107,Confirmed,Female,0-19,12
2002,VA,51107,Confirmed,Female,20+,20
2002,VA,51131,Confirmed,Suppressed,Suppressed,5
2002,VA,51153,Confirmed,Male,20+,5
2002,VA,51153,Confirmed,Male,Suppressed,2
2002,VA,51153,Confirmed,Female,0-19,5
2002,VA,51153,Confirmed,Female,20+,11
2002,VA,51177,Confirmed,Male,Suppressed,7
2002,VA,51550,Confirmed,Female,20+,5
2002,VA,51550,Confirmed,Suppressed,Suppressed,2
2002,VA,51740,Confirmed,Suppressed,Suppressed,5
2002,VA,51830,Confirmed,Suppressed,Suppressed,5
2002,VA,Suppressed,Confirmed,Male,0-19,4
2002,VA,Suppressed,Confirmed,Female,20+,13
2002,VA,Suppressed,Confirmed,Suppressed,Suppressed,49
2002,VT,50003,Confirmed,Suppressed,Suppressed,6
2002,VT,50007,Confirmed,Suppressed,Suppressed,6
2002,VT,50027,Confirmed,Male,20+,5
2002,VT,Suppressed,Confirmed,Male,20+,4
2002,VT,Suppressed,Confirmed,Suppressed,20+,2
2002,VT,Suppressed,Confirmed,Suppressed,Suppressed,14
2002,WA,Suppressed,Confirmed,Female,20+,7
2002,WI,55003,Confirmed,Male,Suppressed,5
2002,WI,55005,Confirmed,Male,0-19,19
2002,WI,55005,Confirmed,Male,20+,12
2002,WI,55005,Confirmed,Female,20+,21
2002,WI,55005,Confirmed,Female,Suppressed,4
2002,WI,55005,Confirmed,Suppressed,20+,1
2002,WI,55011,Confirmed,Male,Suppressed,5
2002,WI,55011,Confirmed,Suppressed,Suppressed,5
2002,WI,55013,Confirmed,Male,20+,22
2002,WI,55013,Confirmed,Male,Suppressed,4
2002,WI,55013,Confirmed,Female,20+,14
2002,WI,55013,Confirmed,Female,Suppressed,2
2002,WI,55017,Confirmed,Male,0-19,5
2002,WI,55017,Confirmed,Male,20+,10
2002,WI,55017,Confirmed,Female,0-19,7
2002,WI,55017,Confirmed,Female,20+,11
2002,WI,55019,Confirmed,Male,20+,12
2002,WI,55019,Confirmed,Male,Suppressed,3
2002,WI,55019,Confirmed,Female,20+,10
2002,WI,55019,Confirmed,Female,Suppressed,2
2002,WI,55021,Confirmed,Male,Suppressed,6
2002,WI,55021,Confirmed,Suppressed,Suppressed,5
2002,WI,55023,Confirmed,Suppressed,Suppressed,5
2002,WI,55025,Confirmed,Male,20+,15
2002,WI,55025,Confirmed,Male,Suppressed,4
2002,WI,55025,Confirmed,Female,0-19,8
2002,WI,55025,Confirmed,Female,20+,10
2002,WI,55031,Confirmed,Male,0-19,7
2002,WI,55031,Confirmed,Male,20+,8
2002,WI,55031,Confirmed,Female,20+,5
2002,WI,55031,Confirmed,Female,Suppressed,1
2002,WI,55033,Confirmed,Male,0-19,9
2002,WI,55033,Confirmed,Male,20+,11
2002,WI,55033,Confirmed,Female,0-19,5
2002,WI,55033,Confirmed,Female,20+,12
2002,WI,55033,Confirmed,Suppressed,0-19,1
2002,WI,55035,Confirmed,Male,0-19,19
2002,WI,55035,Confirmed,Male,20+,29
2002,WI,55035,Confirmed,Female,0-19,10
2002,WI,55035,Confirmed,Female,20+,29
2002,WI,55053,Confirmed,Male,20+,10
2002,WI,55053,Confirmed,Male,Suppressed,1
2002,WI,55053,Confirmed,Female,0-19,5
2002,WI,55053,Confirmed,Female,20+,11
2002,WI,55055,Confirmed,Suppressed,Suppressed,6
2002,WI,55057,Confirmed,Suppressed,Suppressed,6
2002,WI,55063,Confirmed,Male,0-19,16
2002,WI,55063,Confirmed,Male,20+,17
2002,WI,55063,Confirmed,Female,0-19,5
2002,WI,55063,Confirmed,Female,20+,14
2002,WI,55069,Confirmed,Male,20+,10
2002,WI,55069,Confirmed,Male,Suppressed,3
2002,WI,55069,Confirmed,Female,20+,7
2002,WI,55069,Confirmed,Female,Suppressed,4
2002,WI,55073,Confirmed,Male,0-19,9
2002,WI,55073,Confirmed,Male,20+,17
2002,WI,55073,Confirmed,Female,20+,8
2002,WI,55081,Confirmed,Male,0-19,11
2002,WI,55081,Confirmed,Male,20+,7
2002,WI,55081,Confirmed,Female,0-19,7
2002,WI,55081,Confirmed,Female,20+,9
2002,WI,55085,Confirmed,Male,20+,8
2002,WI,55085,Confirmed,Male,Suppressed,2
2002,WI,55085,Confirmed,Female,20+,12
2002,WI,55085,Confirmed,Female,Suppressed,2
2002,WI,55087,Confirmed,Suppressed,Suppressed,5
2002,WI,55093,Confirmed,Male,20+,5
2002,WI,55093,Confirmed,Male,Suppressed,3
2002,WI,55093,Confirmed,Suppressed,20+,4
2002,WI,55095,Confirmed,Male,0-19,6
2002,WI,55095,Confirmed,Male,20+,19
2002,WI,55095,Confirmed,Male,Suppressed,1
2002,WI,55095,Confirmed,Female,0-19,5
2002,WI,55095,Confirmed,Female,20+,18
2002,WI,55097,Confirmed,Male,0-19,16
2002,WI,55097,Confirmed,Male,20+,25
2002,WI,55097,Confirmed,Female,20+,20
2002,WI,55097,Confirmed,Female,Suppressed,4
2002,WI,55099,Confirmed,Male,Suppressed,6
2002,WI,55103,Confirmed,Male,0-19,6
2002,WI,55103,Confirmed,Male,20+,10
2002,WI,55103,Confirmed,Female,20+,5
2002,WI,55103,Confirmed,Female,Suppressed,4
2002,WI,55105,Confirmed,Male,Suppressed,5
2002,WI,55107,Confirmed,Male,20+,9
2002,WI,55107,Confirmed,Male,Suppressed,4
2002,WI,55107,Confirmed,Suppressed,20+,2
2002,WI,55107,Confirmed,Suppressed,Suppressed,1
2002,WI,55109,Confirmed,Male,20+,9
2002,WI,55109,Confirmed,Male,Suppressed,3
2002,WI,55109,Confirmed,Female,20+,8
2002,WI,55109,Confirmed,Female,Suppressed,3
2002,WI,55109,Confirmed,Suppressed,Suppressed,1
2002,WI,55111,Confirmed,Male,20+,13
2002,WI,55111,Confirmed,Male,Suppressed,1
2002,WI,55111,Confirmed,Female,20+,6
2002,WI,55111,Confirmed,Female,Suppressed,3
2002,WI,55113,Confirmed,Male,20+,5
2002,WI,55113,Confirmed,Female,20+,5
2002,WI,55113,Confirmed,Female,Suppressed,3
2002,WI,55115,Confirmed,Suppressed,Suppressed,8
2002,WI,55117,Confirmed,Suppressed,Suppressed,5
2002,WI,55121,Confirmed,Male,20+,13
2002,WI,55121,Confirmed,Male,Suppressed,4
2002,WI,55121,Confirmed,Female,0-19,6
2002,WI,55121,Confirmed,Female,Suppressed,4
2002,WI,55123,Confirmed,Male,0-19,5
2002,WI,55123,Confirmed,Male,Suppressed,4
2002,WI,55123,Confirmed,Suppressed,Suppressed,6
2002,WI,55129,Confirmed,Male,0-19,17
2002,WI,55129,Confirmed,Male,20+,21
2002,WI,55129,Confirmed,Male,Suppressed,3
2002,WI,55129,Confirmed,Female,0-19,8
2002,WI,55129,Confirmed,Female,20+,19
2002,WI,55135,Confirmed,Male,0-19,6
2002,WI,55135,Confirmed,Male,20+,6
2002,WI,55135,Confirmed,Female,0-19,5
2002,WI,55135,Confirmed,Female,20+,9
2002,WI,55137,Confirmed,Male,20+,5
2002,WI,55137,Confirmed,Male,Suppressed,3
2002,WI,55139,Confirmed,Male,Suppressed,5
2002,WI,55141,Confirmed,Male,0-19,11
2002,WI,55141,Confirmed,Male,20+,17
2002,WI,55141,Confirmed,Female,0-19,9
2002,WI,55141,Confirmed,Female,20+,17
2002,WI,Suppressed,Confirmed,Male,0-19,10
2002,WI,Suppressed,Confirmed,Female,20+,4
2002,WI,Suppressed,Confirmed,Suppressed,Suppressed,37
2002,WV,54037,Confirmed,Male,Suppressed,5
2002,WV,Suppressed,Confirmed,Suppressed,20+,8
2002,WV,Suppressed,Confirmed,Suppressed,Suppressed,13
2003,CA,06023,Confirmed,Suppressed,Suppressed,5
2003,CA,06037,Confirmed,Suppressed,Suppressed,5
2003,CA,06045,Confirmed,Suppressed,Suppressed,6
2003,CA,06081,Confirmed,Suppressed,Suppressed,5
2003,CA,06087,Confirmed,Suppressed,Suppressed,7
2003,CA,06097,Confirmed,Male,20+,5
2003,CA,06097,Confirmed,Male,Suppressed,1
2003,CA,06097,Confirmed,Suppressed,20+,2
2003,CA,06097,Confirmed,Suppressed,Suppressed,1
2003,CA,Suppressed,Confirmed,Male,0-19,6
2003,CA,Suppressed,Confirmed,Female,20+,7
2003,CA,Suppressed,Confirmed,Suppressed,Suppressed,36
2003,CT,09001,Confirmed,Male,0-19,107
2003,CT,09001,Confirmed,Male,20+,72
2003,CT,09001,Confirmed,Male,Suppressed,1
2003,CT,09001,Confirmed,Female,0-19,76
2003,CT,09001,Confirmed,Female,20+,77
2003,CT,09001,Confirmed,Suppressed,20+,1
2003,CT,09001,Confirmed,Suppressed,Suppressed,1
2003,CT,09003,Confirmed,Male,0-19,22
2003,CT,09003,Confirmed,Male,20+,15
2003,CT,09003,Confirmed,Male,Suppressed,1
2003,CT,09003,Confirmed,Female,0-19,12
2003,CT,09003,Confirmed,Female,20+,9
2003,CT,09005,Confirmed,Male,0-19,54
2003,CT,09005,Confirmed,Male,20+,103
2003,CT,09005,Confirmed,Male,Suppressed,2
2003,CT,09005,Confirmed,Female,0-19,25
2003,CT,09005,Confirmed,Female,20+,89
2003,CT,09005,Confirmed,Female,Suppressed,3
2003,CT,09007,Confirmed,Male,0-19,25
2003,CT,09007,Confirmed,Male,20+,21
2003,CT,09007,Confirmed,Male,Suppressed,1
2003,CT,09007,Confirmed,Female,0-19,17
2003,CT,09007,Confirmed,Female,20+,18
2003,CT,09007,Confirmed,Female,Suppressed,1
2003,CT,09009,Confirmed,Male,0-19,25
2003,CT,09009,Confirmed,Male,20+,12
2003,CT,09009,Confirmed,Male,Suppressed,2
2003,CT,09009,Confirmed,Female,0-19,17
2003,CT,09009,Confirmed,Female,20+,15
2003,CT,09011,Confirmed,Male,0-19,33
2003,CT,09011,Confirmed,Male,20+,50
2003,CT,09011,Confirmed,Female,0-19,29
2003,CT,09011,Confirmed,Female,20+,57
2003,CT,09011,Confirmed,Female,Suppressed,1
2003,CT,09013,Confirmed,Male,0-19,43
2003,CT,09013,Confirmed,Male,20+,21
2003,CT,09013,Confirmed,Male,Suppressed,1
2003,CT,09013,Confirmed,Female,0-19,22
2003,CT,09013,Confirmed,Female,20+,33
2003,CT,09013,Confirmed,Female,Suppressed,1
2003,CT,09015,Confirmed,Male,0-19,50
2003,CT,09015,Confirmed,Male,20+,66
2003,CT,09015,Confirmed,Male,Suppressed,1
2003,CT,09015,Confirmed,Female,0-19,45
2003,CT,09015,Confirmed,Female,20+,71
2003,CT,09015,Confirmed,Female,Suppressed,1
2003,CT,09015,Confirmed,Suppressed,20+,2
2003,CT,Unknown,Confirmed,Male,0-19,9
2003,CT,Unknown,Confirmed,Male,20+,11
2003,CT,Unknown,Confirmed,Male,Unknown,8
2003,CT,Unknown,Confirmed,Female,20+,17
2003,CT,Unknown,Confirmed,Female,Unknown,5
2003,CT,Unknown,Confirmed,Female,Suppressed,1
2003,CT,Unknown,Confirmed,Suppressed,Unknown,1
2003,DC,11001,Confirmed,Male,20+,5
2003,DC,11001,Confirmed,Male,Suppressed,1
2003,DC,11001,Confirmed,Female,20+,7
2003,DC,11001,Confirmed,Female,Suppressed,1
2003,DE,10001,Confirmed,Male,20+,14
2003,DE,10001,Confirmed,Male,Suppressed,4
2003,DE,10001,Confirmed,Female,20+,12
2003,DE,10001,Confirmed,Female,Suppressed,3
2003,DE,10003,Confirmed,Male,0-19,29
2003,DE,10003,Confirmed,Male,20+,40
2003,DE,10003,Confirmed,Female,0-19,19
2003,DE,10003,Confirmed,Female,20+,40
2003,DE,10005,Confirmed,Male,0-19,8
2003,DE,10005,Confirmed,Male,20+,19
2003,DE,10005,Confirmed,Female,20+,20
2003,DE,10005,Confirmed,Female,Suppressed,4
2003,FL,12025,Confirmed,Female,Suppressed,5
2003,FL,12099,Confirmed,Suppressed,Suppressed,5
2003,FL,12103,Confirmed,Female,20+,5
2003,FL,12103,Confirmed,Suppressed,Suppressed,1
2003,FL,12115,Confirmed,Suppressed,Suppressed,6
2003,FL,Suppressed,Confirmed,Male,20+,6
2003,FL,Suppressed,Confirmed,Female,Suppressed,3
2003,FL,Suppressed,Confirmed,Suppressed,Suppressed,12
2003,GA,Suppressed,Confirmed,Female,20+,8
2003,IA,19113,Confirmed,Suppressed,Suppressed,6
2003,IA,19163,Confirmed,Suppressed,Suppressed,6
2003,IA,Suppressed,Confirmed,Male,20+,16
2003,IA,Suppressed,Confirmed,Suppressed,Suppressed,30
2003,IL,17031,Confirmed,Male,20+,6
2003,IL,17031,Confirmed,Male,Suppressed,4
2003,IL,17031,Confirmed,Female,20+,5
2003,IL,17031,Confirmed,Female,Suppressed,1
2003,IL,17043,Confirmed,Suppressed,Suppressed,6
2003,IL,17085,Confirmed,Suppressed,Suppressed,8
2003,IL,17097,Confirmed,Suppressed,Suppressed,5
2003,IL,17161,Confirmed,Male,Suppressed,5
2003,IL,17201,Confirmed,Suppressed,Suppressed,5
2003,IL,Suppressed,Confirmed,Male,0-19,8
2003,IL,Suppressed,Confirmed,Female,20+,2
2003,IL,Suppressed,Confirmed,Suppressed,Suppressed,16
2003,IN,Suppressed,Confirmed,Male,20+,5
2003,IN,Suppressed,Confirmed,Suppressed,Suppressed,20
2003,KY,Suppressed,Confirmed,Male,0-19,5
2003,KY,Suppressed,Confirmed,Female,20+,5
2003,KY,Suppressed,Confirmed,Suppressed,Suppressed,7
2003,LA,Suppressed,Confirmed,Suppressed,Suppressed,5
2003,MA,25001,Confirmed,Male,0-19,21
2003,MA,25001,Confirmed,Male,20+,54
2003,MA,25001,Confirmed,Male,Suppressed,4
2003,MA,25001,Confirmed,Female,0-19,18
2003,MA,25001,Confirmed,Female,20+,69
2003,MA,25001,Confirmed,Female,Suppressed,2
2003,MA,25001,Confirmed,Unknown,20+,11
2003,MA,25001,Confirmed,Unknown,Suppressed,4
2003,MA,25003,Confirmed,Male,0-19,14
2003,MA,25003,Confirmed,Male,20+,29
2003,MA,25003,Confirmed,Male,Suppressed,2
2003,MA,25003,Confirmed,Female,0-19,10
2003,MA,25003,Confirmed,Female,20+,22
2003,MA,25003,Confirmed,Female,Unknown,5
2003,MA,25005,Confirmed,Male,0-19,24
2003,MA,25005,Confirmed,Male,20+,40
2003,MA,25005,Confirmed,Male,Suppressed,1
2003,MA,25005,Confirmed,Female,0-19,11
2003,MA,25005,Confirmed,Female,20+,22
2003,MA,25005,Confirmed,Female,Suppressed,1
2003,MA,25007,Confirmed,Male,0-19,6
2003,MA,25007,Confirmed,Male,20+,24
2003,MA,25007,Confirmed,Female,20+,23
2003,MA,25007,Confirmed,Female,Suppressed,5
2003,MA,25007,Confirmed,Suppressed,20+,2
2003,MA,25009,Confirmed,Male,0-19,34
2003,MA,25009,Confirmed,Male,20+,62
2003,MA,25009,Confirmed,Male,Suppressed,3
2003,MA,25009,Confirmed,Female,0-19,24
2003,MA,25009,Confirmed,Female,20+,56
2003,MA,25009,Confirmed,Female,Unknown,5
2003,MA,25009,Confirmed,Suppressed,20+,2
2003,MA,25009,Confirmed,Suppressed,Suppressed,2
2003,MA,25011,Confirmed,Male,20+,5
2003,MA,25011,Confirmed,Male,Suppressed,4
2003,MA,25011,Confirmed,Suppressed,Suppressed,4
2003,MA,25013,Confirmed,Male,0-19,22
2003,MA,25013,Confirmed,Male,20+,40
2003,MA,25013,Confirmed,Male,Suppressed,2
2003,MA,25013,Confirmed,Female,0-19,16
2003,MA,25013,Confirmed,Female,20+,25
2003,MA,25013,Confirmed,Female,Suppressed,2
2003,MA,25013,Confirmed,Suppressed,20+,3
2003,MA,25013,Confirmed,Suppressed,Suppressed,2
2003,MA,25015,Confirmed,Male,0-19,8
2003,MA,25015,Confirmed,Male,20+,10
2003,MA,25015,Confirmed,Male,Suppressed,2
2003,MA,25015,Confirmed,Female,0-19,5
2003,MA,25015,Confirmed,Female,20+,10
2003,MA,25015,Confirmed,Suppressed,Suppressed,4
2003,MA,25017,Confirmed,Male,0-19,59
2003,MA,25017,Confirmed,Male,20+,86
2003,MA,25017,Confirmed,Male,Unknown,6
2003,MA,25017,Confirmed,Female,0-19,18
2003,MA,25017,Confirmed,Female,20+,88
2003,MA,25017,Confirmed,Female,Suppressed,4
2003,MA,25017,Confirmed,Suppressed,20+,2
2003,MA,25019,Confirmed,Male,0-19,5
2003,MA,25019,Confirmed,Male,20+,15
2003,MA,25019,Confirmed,Male,Suppressed,4
2003,MA,25019,Confirmed,Female,20+,11
2003,MA,25019,Confirmed,Female,Suppressed,1
2003,MA,25019,Confirmed,Suppressed,20+,1
2003,MA,25021,Confirmed,Male,0-19,25
2003,MA,25021,Confirmed,Male,20+,58
2003,MA,25021,Confirmed,Male,Suppressed,3
2003,MA,25021,Confirmed,Female,0-19,29
2003,MA,25021,Confirmed,Female,20+,32
2003,MA,25021,Confirmed,Suppressed,20+,4
2003,MA,25023,Confirmed,Male,0-19,31
2003,MA,25023,Confirmed,Male,20+,51
2003,MA,25023,Confirmed,Male,Suppressed,4
2003,MA,25023,Confirmed,Female,0-19,21
2003,MA,25023,Confirmed,Female,20+,38
2003,MA,25023,Confirmed,Female,Suppressed,1
2003,MA,25023,Confirmed,Unknown,20+,5
2003,MA,25023,Confirmed,Unknown,Suppressed,1
2003,MA,25025,Confirmed,Male,20+,5
2003,MA,25025,Confirmed,Male,Suppressed,1
2003,MA,25025,Confirmed,Female,20+,6
2003,MA,25025,Confirmed,Female,Suppressed,1
2003,MA,25027,Confirmed,Male,0-19,28
2003,MA,25027,Confirmed,Male,20+,45
2003,MA,25027,Confirmed,Male,Suppressed,3
2003,MA,25027,Confirmed,Female,0-19,16
2003,MA,25027,Confirmed,Female,20+,41
2003,MA,25027,Confirmed,Female,Suppressed,2
2003,MA,25027,Confirmed,Suppressed,20+,2
2003,MA,25027,Confirmed,Suppressed,Suppressed,1
2003,MA,Suppressed,Confirmed,Unknown,20+,1
2003,MA,Suppressed,Confirmed,Suppressed,20+,1
2003,MD,24003,Confirmed,Male,0-19,16
2003,MD,24003,Confirmed,Male,20+,31
2003,MD,24003,Confirmed,Female,0-19,6
2003,MD,24003,Confirmed,Female,20+,24
2003,MD,24005,Confirmed,Male,0-19,8
2003,MD,24005,Confirmed,Male,Suppressed,3
2003,MD,24005,Confirmed,Suppressed,Suppressed,2
2003,MD,24009,Confirmed,Male,0-19,5
2003,MD,24009,Confirmed,Male,20+,9
2003,MD,24009,Confirmed,Female,20+,13
2003,MD,24009,Confirmed,Female,Suppressed,3
2003,MD,24013,Confirmed,Male,0-19,19
2003,MD,24013,Confirmed,Male,20+,32
2003,MD,24013,Confirmed,Female,0-19,9
2003,MD,24013,Confirmed,Female,20+,26
2003,MD,24015,Confirmed,Male,0-19,5
2003,MD,24015,Confirmed,Male,20+,19
2003,MD,24015,Confirmed,Female,0-19,5
2003,MD,24015,Confirmed,Female,20+,22
2003,MD,24017,Confirmed,Male,20+,6
2003,MD,24017,Confirmed,Male,Suppressed,3
2003,MD,24017,Confirmed,Female,20+,6
2003,MD,24017,Confirmed,Female,Suppressed,2
2003,MD,24021,Confirmed,Male,0-19,9
2003,MD,24021,Confirmed,Male,20+,21
2003,MD,24021,Confirmed,Female,0-19,6
2003,MD,24021,Confirmed,Female,20+,22
2003,MD,24025,Confirmed,Male,0-19,24
2003,MD,24025,Confirmed,Male,20+,29
2003,MD,24025,Confirmed,Female,0-19,14
2003,MD,24025,Confirmed,Female,20+,19
2003,MD,24027,Confirmed,Male,0-19,11
2003,MD,24027,Confirmed,Male,20+,16
2003,MD,24027,Confirmed,Female,0-19,8
2003,MD,24027,Confirmed,Female,20+,7
2003,MD,24029,Confirmed,Male,20+,5
2003,MD,24029,Confirmed,Male,Suppressed,2
2003,MD,24029,Confirmed,Female,20+,6
2003,MD,24029,Confirmed,Female,Suppressed,2
2003,MD,24031,Confirmed,Male,0-19,9
2003,MD,24031,Confirmed,Male,20+,13
2003,MD,24031,Confirmed,Female,0-19,12
2003,MD,24031,Confirmed,Female,20+,15
2003,MD,24033,Confirmed,Male,0-19,7
2003,MD,24033,Confirmed,Male,20+,13
2003,MD,24033,Confirmed,Female,0-19,7
2003,MD,24033,Confirmed,Female,20+,10
2003,MD,24035,Confirmed,Male,0-19,7
2003,MD,24035,Confirmed,Male,20+,8
2003,MD,24035,Confirmed,Female,0-19,5
2003,MD,24035,Confirmed,Female,20+,16
2003,MD,24037,Confirmed,Suppressed,20+,5
2003,MD,24041,Confirmed,Male,20+,5
2003,MD,24041,Confirmed,Male,Suppressed,2
2003,MD,24041,Confirmed,Female,20+,9
2003,MD,24041,Confirmed,Female,Suppressed,2
2003,MD,24043,Confirmed,Male,0-19,5
2003,MD,24043,Confirmed,Male,20+,8
2003,MD,24043,Confirmed,Female,20+,8
2003,MD,24045,Confirmed,Male,Suppressed,6
2003,MD,24045,Confirmed,Female,20+,9
2003,MD,24045,Confirmed,Female,Suppressed,4
2003,MD,24047,Confirmed,Suppressed,20+,5
2003,MD,24510,Confirmed,Suppressed,20+,7
2003,MD,Suppressed,Confirmed,Male,20+,6
2003,MD,Suppressed,Confirmed,Male,Suppressed,2
2003,MD,Suppressed,Confirmed,Suppressed,20+,6
2003,MD,Suppressed,Confirmed,Suppressed,Suppressed,5
2003,ME,23005,Confirmed,Male,20+,12
2003,ME,23005,Confirmed,Male,Suppressed,3
2003,ME,23005,Confirmed,Female,0-19,5
2003,ME,23005,Confirmed,Female,20+,10
2003,ME,23009,Confirmed,Suppressed,Suppressed,7
2003,ME,23013,Confirmed,Suppressed,Suppressed,11
2003,ME,23015,Confirmed,Male,20+,5
2003,ME,23015,Confirmed,Suppressed,Suppressed,2
2003,ME,23031,Confirmed,Male,0-19,14
2003,ME,23031,Confirmed,Male,20+,33
2003,ME,23031,Confirmed,Female,0-19,16
2003,ME,23031,Confirmed,Female,20+,30
2003,ME,Suppressed,Confirmed,Male,20+,6
2003,ME,Suppressed,Confirmed,Female,0-19,1
2003,ME,Suppressed,Confirmed,Suppressed,Suppressed,20
2003,MI,Suppressed,Confirmed,Male,20+,6
2003,MN,27001,Confirmed,Female,20+,6
2003,MN,27001,Confirmed,Female,Suppressed,1
2003,MN,27001,Confirmed,Suppressed,20+,1
2003,MN,27001,Confirmed,Suppressed,Suppressed,1
2003,MN,27003,Confirmed,Male,0-19,8
2003,MN,27003,Confirmed,Male,20+,30
2003,MN,27003,Confirmed,Female,0-19,9
2003,MN,27003,Confirmed,Female,20+,8
2003,MN,27017,Confirmed,Male,0-19,5
2003,MN,27017,Confirmed,Male,Suppressed,1
2003,MN,27017,Confirmed,Suppressed,Suppressed,2
2003,MN,27019,Confirmed,Suppressed,Suppressed,7
2003,MN,27021,Confirmed,Female,20+,5
2003,MN,27021,Confirmed,Female,Suppressed,2
2003,MN,27021,Confirmed,Suppressed,20+,3
2003,MN,27021,Confirmed,Suppressed,Suppressed,2
2003,MN,27025,Confirmed,Male,20+,5
2003,MN,27025,Confirmed,Male,Suppressed,4
2003,MN,27025,Confirmed,Female,20+,5
2003,MN,27025,Confirmed,Female,Suppressed,1
2003,MN,27035,Confirmed,Male,0-19,11
2003,MN,27035,Confirmed,Male,20+,18
2003,MN,27035,Confirmed,Female,20+,15
2003,MN,27035,Confirmed,Female,Suppressed,3
2003,MN,27037,Confirmed,Male,0-19,8
2003,MN,27037,Confirmed,Male,20+,6
2003,MN,27037,Confirmed,Female,0-19,6
2003,MN,27037,Confirmed,Female,20+,6
2003,MN,27049,Confirmed,Suppressed,Suppressed,5
2003,MN,27053,Confirmed,Male,0-19,12
2003,MN,27053,Confirmed,Male,20+,23
2003,MN,27053,Confirmed,Female,0-19,12
2003,MN,27053,Confirmed,Female,20+,19
2003,MN,27055,Confirmed,Female,0-19,7
2003,MN,27055,Confirmed,Female,Suppressed,5
2003,MN,27055,Confirmed,Suppressed,Suppressed,3
2003,MN,27059,Confirmed,Suppressed,Suppressed,5
2003,MN,27097,Confirmed,Female,Suppressed,7
2003,MN,27115,Confirmed,Female,20+,7
2003,MN,27115,Confirmed,Female,Suppressed,2
2003,MN,27115,Confirmed,Suppressed,20+,4
2003,MN,27115,Confirmed,Suppressed,Suppressed,3
2003,MN,27123,Confirmed,Male,0-19,7
2003,MN,27123,Confirmed,Male,20+,17
2003,MN,27123,Confirmed,Female,0-19,6
2003,MN,27123,Confirmed,Female,20+,9
2003,MN,27137,Confirmed,Suppressed,Suppressed,7
2003,MN,27139,Confirmed,Suppressed,Suppressed,5
2003,MN,27141,Confirmed,Male,Suppressed,7
2003,MN,27141,Confirmed,Female,Suppressed,5
2003,MN,27145,Confirmed,Male,20+,7
2003,MN,27145,Confirmed,Male,Suppressed,3
2003,MN,27145,Confirmed,Suppressed,Suppressed,3
2003,MN,27163,Confirmed,Male,0-19,9
2003,MN,27163,Confirmed,Male,20+,16
2003,MN,27163,Confirmed,Female,0-19,7
2003,MN,27163,Confirmed,Female,20+,8
2003,MN,27169,Confirmed,Male,20+,5
2003,MN,27169,Confirmed,Male,Suppressed,2
2003,MN,27169,Confirmed,Suppressed,Suppressed,4
2003,MN,Suppressed,Confirmed,Male,20+,11
2003,MN,Suppressed,Confirmed,Female,0-19,3
2003,MN,Suppressed,Confirmed,Suppressed,Suppressed,40
2003,MO,29095,Confirmed,Male,20+,6
2003,MO,29095,Confirmed,Male,Suppressed,1
2003,MO,29095,Confirmed,Female,20+,8
2003,MO,Suppressed,Confirmed,Male,0-19,5
2003,MO,Suppressed,Confirmed,Female,20+,17
2003,MO,Suppressed,Confirmed,Suppressed,Suppressed,33
2003,MS,Suppressed,Confirmed,Male,20+,10
2003,MS,Suppressed,Confirmed,Suppressed,20+,10
2003,NC,37063,Confirmed,Female,20+,5
2003,NC,37063,Confirmed,Suppressed,Suppressed,1
2003,NC,37097,Confirmed,Female,20+,7
2003,NC,37119,Confirmed,Male,20+,11
2003,NC,37119,Confirmed,Male,Suppressed,1
2003,NC,37119,Confirmed,Female,20+,8
2003,NC,37119,Confirmed,Female,Suppressed,1
2003,NC,37129,Confirmed,Female,20+,6
2003,NC,37129,Confirmed,Female,Suppressed,1
2003,NC,37129,Confirmed,Suppressed,Suppressed,1
2003,NC,37133,Confirmed,Male,Suppressed,5
2003,NC,37183,Confirmed,Male,20+,12
2003,NC,37183,Confirmed,Male,Suppressed,4
2003,NC,37183,Confirmed,Female,20+,13
2003,NC,37183,Confirmed,Female,Suppressed,4
2003,NC,Suppressed,Confirmed,Male,Suppressed,3
2003,NC,Suppressed,Confirmed,Female,20+,17
2003,NC,Suppressed,Confirmed,Suppressed,20+,15
2003,NC,Suppressed,Confirmed,Suppressed,Suppressed,41
2003,NH,33005,Confirmed,Suppressed,20+,5
2003,NH,33009,Confirmed,Male,Suppressed,7
2003,NH,33011,Confirmed,Male,20+,15
2003,NH,33011,Confirmed,Male,Suppressed,4
2003,NH,33011,Confirmed,Female,20+,18
2003,NH,33013,Confirmed,Suppressed,20+,6
2003,NH,33015,Confirmed,Male,0-19,14
2003,NH,33015,Confirmed,Male,20+,21
2003,NH,33015,Confirmed,Female,0-19,11
2003,NH,33015,Confirmed,Female,20+,32
2003,NH,33017,Confirmed,Male,0-19,5
2003,NH,33017,Confirmed,Male,20+,9
2003,NH,33017,Confirmed,Female,0-19,10
2003,NH,33017,Confirmed,Female,20+,11
2003,NH,Suppressed,Confirmed,Male,20+,2
2003,NH,Suppressed,Confirmed,Male,Suppressed,5
2003,NH,Suppressed,Confirmed,Suppressed,20+,1
2003,NH,Suppressed,Confirmed,Suppressed,Suppressed,14
2003,NJ,34001,Confirmed,Male,0-19,10
2003,NJ,34001,Confirmed,Male,20+,53
2003,NJ,34001,Confirmed,Male,Suppressed,1
2003,NJ,34001,Confirmed,Female,0-19,11
2003,NJ,34001,Confirmed,Female,20+,53
2003,NJ,34001,Confirmed,Female,Suppressed,1
2003,NJ,34003,Confirmed,Male,0-19,10
2003,NJ,34003,Confirmed,Male,20+,37
2003,NJ,34003,Confirmed,Male,Unknown,15
2003,NJ,34003,Confirmed,Female,0-19,7
2003,NJ,34003,Confirmed,Female,20+,22
2003,NJ,34003,Confirmed,Female,Unknown,24
2003,NJ,34003,Confirmed,Suppressed,Unknown,3
2003,NJ,34003,Confirmed,Suppressed,Suppressed,4
2003,NJ,34005,Confirmed,Male,0-19,13
2003,NJ,34005,Confirmed,Male,20+,29
2003,NJ,34005,Confirmed,Female,0-19,11
2003,NJ,34005,Confirmed,Female,20+,34
2003,NJ,34005,Confirmed,Female,Suppressed,3
2003,NJ,34005,Confirmed,Suppressed,20+,1
2003,NJ,34005,Confirmed,Suppressed,Suppressed,1
2003,NJ,34007,Confirmed,Male,20+,5
2003,NJ,34007,Confirmed,Male,Suppressed,4
2003,NJ,34007,Confirmed,Female,20+,6
2003,NJ,34007,Confirmed,Female,Suppressed,4
2003,NJ,34009,Confirmed,Male,20+,17
2003,NJ,34009,Confirmed,Male,Suppressed,4
2003,NJ,34009,Confirmed,Female,20+,15
2003,NJ,34009,Confirmed,Female,Suppressed,4
2003,NJ,34011,Confirmed,Male,0-19,12
2003,NJ,34011,Confirmed,Male,20+,22
2003,NJ,34011,Confirmed,Male,Suppressed,1
2003,NJ,34011,Confirmed,Female,0-19,7
2003,NJ,34011,Confirmed,Female,20+,29
2003,NJ,34011,Confirmed,Female,Suppressed,1
2003,NJ,34013,Confirmed,Male,0-19,18
2003,NJ,34013,Confirmed,Male,20+,24
2003,NJ,34013,Confirmed,Male,Suppressed,1
2003,NJ,34013,Confirmed,Female,0-19,12
2003,NJ,34013,Confirmed,Female,20+,28
2003,NJ,34013,Confirmed,Female,Suppressed,2
2003,NJ,34013,Confirmed,Unknown,20+,7
2003,NJ,34013,Confirmed,Unknown,Suppressed,1
2003,NJ,34015,Confirmed,Male,0-19,13
2003,NJ,34015,Confirmed,Male,20+,19
2003,NJ,34015,Confirmed,Male,Suppressed,1
2003,NJ,34015,Confirmed,Female,0-19,15
2003,NJ,34015,Confirmed,Female,20+,24
2003,NJ,34015,Confirmed,Female,Suppressed,1
2003,NJ,34015,Confirmed,Suppressed,Suppressed,3
2003,NJ,34017,Confirmed,Female,20+,7
2003,NJ,34017,Confirmed,Female,Suppressed,2
2003,NJ,34017,Confirmed,Suppressed,20+,4
2003,NJ,34019,Confirmed,Male,0-19,58
2003,NJ,34019,Confirmed,Male,20+,127
2003,NJ,34019,Confirmed,Male,Unknown,7
2003,NJ,34019,Confirmed,Female,0-19,51
2003,NJ,34019,Confirmed,Female,20+,121
2003,NJ,34019,Confirmed,Female,Unknown,8
2003,NJ,34019,Confirmed,Unknown,0-19,7
2003,NJ,34019,Confirmed,Unknown,20+,24
2003,NJ,34021,Confirmed,Male,0-19,9
2003,NJ,34021,Confirmed,Male,20+,26
2003,NJ,34021,Confirmed,Female,0-19,10
2003,NJ,34021,Confirmed,Female,20+,18
2003,NJ,34021,Confirmed,Female,Suppressed,2
2003,NJ,34021,Confirmed,Suppressed,20+,2
2003,NJ,34021,Confirmed,Suppressed,Suppressed,1
2003,NJ,34023,Confirmed,Male,0-19,19
2003,NJ,34023,Confirmed,Male,20+,31
2003,NJ,34023,Confirmed,Male,Suppressed,1
2003,NJ,34023,Confirmed,Female,20+,28
2003,NJ,34023,Confirmed,Female,Suppressed,5
2003,NJ,34023,Confirmed,Suppressed,20+,3
2003,NJ,34023,Confirmed,Suppressed,Suppressed,2
2003,NJ,34025,Confirmed,Male,0-19,20
2003,NJ,34025,Confirmed,Male,20+,73
2003,NJ,34025,Confirmed,Male,Suppressed,1
2003,NJ,34025,Confirmed,Female,0-19,25
2003,NJ,34025,Confirmed,Female,20+,83
2003,NJ,34025,Confirmed,Female,Unknown,7
2003,NJ,34025,Confirmed,Suppressed,20+,2
2003,NJ,34027,Confirmed,Male,0-19,62
2003,NJ,34027,Confirmed,Male,20+,157
2003,NJ,34027,Confirmed,Male,Unknown,17
2003,NJ,34027,Confirmed,Female,0-19,42
2003,NJ,34027,Confirmed,Female,20+,140
2003,NJ,34027,Confirmed,Female,Unknown,14
2003,NJ,34027,Confirmed,Unknown,20+,5
2003,NJ,34027,Confirmed,Unknown,Suppressed,3
2003,NJ,34029,Confirmed,Male,0-19,30
2003,NJ,34029,Confirmed,Male,20+,58
2003,NJ,34029,Confirmed,Male,Suppressed,3
2003,NJ,34029,Confirmed,Female,0-19,11
2003,NJ,34029,Confirmed,Female,20+,55
2003,NJ,34029,Confirmed,Female,Suppressed,3
2003,NJ,34029,Confirmed,Suppressed,Suppressed,6
2003,NJ,34031,Confirmed,Male,0-19,10
2003,NJ,34031,Confirmed,Male,20+,21
2003,NJ,34031,Confirmed,Male,Suppressed,1
2003,NJ,34031,Confirmed,Female,20+,26
2003,NJ,34031,Confirmed,Female,Suppressed,5
2003,NJ,34031,Confirmed,Suppressed,Suppressed,2
2003,NJ,34033,Confirmed,Male,0-19,7
2003,NJ,34033,Confirmed,Male,20+,8
2003,NJ,34033,Confirmed,Female,20+,8
2003,NJ,34033,Confirmed,Female,Suppressed,1
2003,NJ,34033,Confirmed,Suppressed,Suppressed,2
2003,NJ,34035,Confirmed,Male,0-19,23
2003,NJ,34035,Confirmed,Male,20+,51
2003,NJ,34035,Confirmed,Male,Suppressed,3
2003,NJ,34035,Confirmed,Female,0-19,13
2003,NJ,34035,Confirmed,Female,20+,42
2003,NJ,34035,Confirmed,Female,Suppressed,3
2003,NJ,34035,Confirmed,Unknown,20+,10
2003,NJ,34035,Confirmed,Unknown,Suppressed,3
2003,NJ,34037,Confirmed,Male,0-19,68
2003,NJ,34037,Confirmed,Male,20+,113
2003,NJ,34037,Confirmed,Male,Suppressed,1
2003,NJ,34037,Confirmed,Female,0-19,46
2003,NJ,34037,Confirmed,Female,20+,101
2003,NJ,34037,Confirmed,Female,Suppressed,3
2003,NJ,34037,Confirmed,Suppressed,20+,2
2003,NJ,34037,Confirmed,Suppressed,Suppressed,2
2003,NJ,34039,Confirmed,Male,0-19,6
2003,NJ,34039,Confirmed,Male,20+,10
2003,NJ,34039,Confirmed,Male,Suppressed,1
2003,NJ,34039,Confirmed,Female,0-19,6
2003,NJ,34039,Confirmed,Female,20+,14
2003,NJ,34039,Confirmed,Suppressed,Suppressed,2
2003,NJ,34041,Confirmed,Male,0-19,37
2003,NJ,34041,Confirmed,Male,20+,84
2003,NJ,34041,Confirmed,Male,Suppressed,1
2003,NJ,34041,Confirmed,Female,0-19,20
2003,NJ,34041,Confirmed,Female,20+,85
2003,NJ,34041,Confirmed,Female,Suppressed,2
2003,NJ,34041,Confirmed,Unknown,20+,8
2003,NJ,34041,Confirmed,Unknown,Suppressed,3
2003,NY,36001,Confirmed,Male,0-19,14
2003,NY,36001,Confirmed,Male,20+,46
2003,NY,36001,Confirmed,Female,0-19,8
2003,NY,36001,Confirmed,Female,20+,31
2003,NY,36005,Confirmed,Male,20+,5
2003,NY,36005,Confirmed,Male,Suppressed,2
2003,NY,36005,Confirmed,Female,20+,8
2003,NY,36005,Confirmed,Female,Suppressed,3
2003,NY,36005,Confirmed,Suppressed,Suppressed,2
2003,NY,36019,Confirmed,Female,20+,5
2003,NY,36019,Confirmed,Suppressed,Suppressed,4
2003,NY,36021,Confirmed,Male,0-19,91
2003,NY,36021,Confirmed,Male,20+,340
2003,NY,36021,Confirmed,Female,0-19,86
2003,NY,36021,Confirmed,Female,20+,386
2003,NY,36021,Confirmed,Female,Suppressed,1
2003,NY,36027,Confirmed,Male,0-19,247
2003,NY,36027,Confirmed,Male,20+,473
2003,NY,36027,Confirmed,Male,Suppressed,1
2003,NY,36027,Confirmed,Female,0-19,182
2003,NY,36027,Confirmed,Female,20+,380
2003,NY,36039,Confirmed,Male,0-19,23
2003,NY,36039,Confirmed,Male,20+,32
2003,NY,36039,Confirmed,Female,0-19,25
2003,NY,36039,Confirmed,Female,20+,39
2003,NY,36047,Confirmed,Male,0-19,9
2003,NY,36047,Confirmed,Male,20+,14
2003,NY,36047,Confirmed,Male,Suppressed,2
2003,NY,36047,Confirmed,Female,20+,15
2003,NY,36047,Confirmed,Female,Suppressed,2
2003,NY,36059,Confirmed,Male,0-19,23
2003,NY,36059,Confirmed,Male,20+,29
2003,NY,36059,Confirmed,Male,Suppressed,2
2003,NY,36059,Confirmed,Female,0-19,6
2003,NY,36059,Confirmed,Female,20+,14
2003,NY,36059,Confirmed,Female,Suppressed,1
2003,NY,36061,Confirmed,Male,0-19,9
2003,NY,36061,Confirmed,Male,20+,46
2003,NY,36061,Confirmed,Male,Suppressed,2
2003,NY,36061,Confirmed,Female,0-19,9
2003,NY,36061,Confirmed,Female,20+,38
2003,NY,36061,Confirmed,Suppressed,0-19,1
2003,NY,36067,Confirmed,Male,Suppressed,5
2003,NY,36071,Confirmed,Male,0-19,121
2003,NY,36071,Confirmed,Male,20+,205
2003,NY,36071,Confirmed,Male,Suppressed,2
2003,NY,36071,Confirmed,Female,0-19,71
2003,NY,36071,Confirmed,Female,20+,183
2003,NY,36071,Confirmed,Female,Suppressed,2
2003,NY,36071,Confirmed,Suppressed,20+,2
2003,NY,36071,Confirmed,Suppressed,Suppressed,1
2003,NY,36079,Confirmed,Male,0-19,65
2003,NY,36079,Confirmed,Male,20+,104
2003,NY,36079,Confirmed,Male,Unknown,12
2003,NY,36079,Confirmed,Female,0-19,42
2003,NY,36079,Confirmed,Female,20+,73
2003,NY,36079,Confirmed,Female,Unknown,7
2003,NY,36081,Confirmed,Male,20+,19
2003,NY,36081,Confirmed,Male,Suppressed,2
2003,NY,36081,Confirmed,Female,20+,17
2003,NY,36081,Confirmed,Female,Suppressed,3
2003,NY,36083,Confirmed,Male,0-19,30
2003,NY,36083,Confirmed,Male,20+,64
2003,NY,36083,Confirmed,Female,0-19,14
2003,NY,36083,Confirmed,Female,20+,49
2003,NY,36085,Confirmed,Male,Suppressed,5
2003,NY,36085,Confirmed,Female,20+,6
2003,NY,36085,Confirmed,Female,Suppressed,1
2003,NY,36087,Confirmed,Male,0-19,35
2003,NY,36087,Confirmed,Male,20+,60
2003,NY,36087,Confirmed,Male,Suppressed,1
2003,NY,36087,Confirmed,Female,0-19,29
2003,NY,36087,Confirmed,Female,20+,70
2003,NY,36087,Confirmed,Female,Suppressed,1
2003,NY,36091,Confirmed,Female,20+,5
2003,NY,36091,Confirmed,Female,Suppressed,2
2003,NY,36091,Confirmed,Suppressed,Suppressed,4
2003,NY,36093,Confirmed,Male,20+,7
2003,NY,36093,Confirmed,Male,Suppressed,2
2003,NY,36093,Confirmed,Suppressed,20+,3
2003,NY,36093,Confirmed,Suppressed,Suppressed,1
2003,NY,36103,Confirmed,Male,0-19,41
2003,NY,36103,Confirmed,Male,20+,103
2003,NY,36103,Confirmed,Male,Suppressed,4
2003,NY,36103,Confirmed,Female,0-19,31
2003,NY,36103,Confirmed,Female,20+,105
2003,NY,36103,Confirmed,Female,Suppressed,4
2003,NY,36105,Confirmed,Male,20+,6
2003,NY,36105,Confirmed,Male,Suppressed,2
2003,NY,36105,Confirmed,Suppressed,20+,4
2003,NY,36105,Confirmed,Suppressed,Suppressed,3
2003,NY,36109,Confirmed,Female,20+,5
2003,NY,36109,Confirmed,Female,Suppressed,1
2003,NY,36109,Confirmed,Suppressed,Suppressed,4
2003,NY,36111,Confirmed,Male,0-19,50
2003,NY,36111,Confirmed,Male,20+,109
2003,NY,36111,Confirmed,Female,0-19,33
2003,NY,36111,Confirmed,Female,20+,107
2003,NY,36111,Confirmed,Female,Suppressed,1
2003,NY,36115,Confirmed,Suppressed,Suppressed,5
2003,NY,36119,Confirmed,Male,0-19,130
2003,NY,36119,Confirmed,Male,20+,274
2003,NY,36119,Confirmed,Male,Suppressed,2
2003,NY,36119,Confirmed,Female,0-19,87
2003,NY,36119,Confirmed,Female,20+,252
2003,NY,36119,Confirmed,Female,Suppressed,1
2003,NY,Suppressed,Confirmed,Male,0-19,7
2003,NY,Suppressed,Confirmed,Female,20+,8
2003,NY,Suppressed,Confirmed,Suppressed,Suppressed,39
2003,OH,39035,Confirmed,Suppressed,Suppressed,5
2003,OH,39061,Confirmed,Suppressed,Suppressed,7
2003,OH,Suppressed,Confirmed,Male,20+,7
2003,OH,Suppressed,Confirmed,Female,0-19,5
2003,OH,Suppressed,Confirmed,Suppressed,Suppressed,42
2003,OR,Suppressed,Confirmed,Female,Suppressed,5
2003,OR,Suppressed,Confirmed,Suppressed,Suppressed,7
2003,PA,42001,Confirmed,Male,0-19,10
2003,PA,42001,Confirmed,Male,20+,45
2003,PA,42001,Confirmed,Female,0-19,8
2003,PA,42001,Confirmed,Female,20+,35
2003,PA,42003,Confirmed,Male,20+,9
2003,PA,42003,Confirmed,Male,Suppressed,4
2003,PA,42003,Confirmed,Female,20+,7
2003,PA,42003,Confirmed,Female,Suppressed,1
2003,PA,42007,Confirmed,Female,20+,7
2003,PA,42007,Confirmed,Suppressed,20+,2
2003,PA,42007,Confirmed,Suppressed,Suppressed,2
2003,PA,42009,Confirmed,Suppressed,Suppressed,6
2003,PA,42011,Confirmed,Male,0-19,65
2003,PA,42011,Confirmed,Male,20+,158
2003,PA,42011,Confirmed,Female,0-19,36
2003,PA,42011,Confirmed,Female,20+,141
2003,PA,42013,Confirmed,Suppressed,Suppressed,5
2003,PA,42017,Confirmed,Male,0-19,92
2003,PA,42017,Confirmed,Male,20+,215
2003,PA,42017,Confirmed,Female,0-19,82
2003,PA,42017,Confirmed,Female,20+,228
2003,PA,42019,Confirmed,Male,0-19,10
2003,PA,42019,Confirmed,Male,20+,17
2003,PA,42019,Confirmed,Female,0-19,5
2003,PA,42019,Confirmed,Female,20+,13
2003,PA,42023,Confirmed,Female,Suppressed,5
2003,PA,42025,Confirmed,Male,20+,6
2003,PA,42025,Confirmed,Female,20+,7
2003,PA,42025,Confirmed,Female,Suppressed,1
2003,PA,42027,Confirmed,Male,20+,12
2003,PA,42027,Confirmed,Male,Suppressed,3
2003,PA,42027,Confirmed,Female,20+,8
2003,PA,42027,Confirmed,Female,Suppressed,3
2003,PA,42029,Confirmed,Male,0-19,187
2003,PA,42029,Confirmed,Male,20+,290
2003,PA,42029,Confirmed,Female,0-19,134
2003,PA,42029,Confirmed,Female,20+,360
2003,PA,42029,Confirmed,Female,Suppressed,1
2003,PA,42029,Confirmed,Suppressed,20+,2
2003,PA,42033,Confirmed,Male,0-19,11
2003,PA,42033,Confirmed,Male,20+,17
2003,PA,42033,Confirmed,Female,0-19,11
2003,PA,42033,Confirmed,Female,20+,18
2003,PA,42035,Confirmed,Male,20+,5
2003,PA,42035,Confirmed,Female,20+,8
2003,PA,42037,Confirmed,Female,20+,8
2003,PA,42037,Confirmed,Suppressed,20+,3
2003,PA,42041,Confirmed,Male,0-19,19
2003,PA,42041,Confirmed,Male,20+,21
2003,PA,42041,Confirmed,Female,0-19,11
2003,PA,42041,Confirmed,Female,20+,18
2003,PA,42043,Confirmed,Male,0-19,8
2003,PA,42043,Confirmed,Male,20+,24
2003,PA,42043,Confirmed,Female,0-19,6
2003,PA,42043,Confirmed,Female,20+,21
2003,PA,42045,Confirmed,Male,0-19,67
2003,PA,42045,Confirmed,Male,20+,136
2003,PA,42045,Confirmed,Female,0-19,32
2003,PA,42045,Confirmed,Female,20+,149
2003,PA,42047,Confirmed,Male,0-19,10
2003,PA,42047,Confirmed,Male,20+,16
2003,PA,42047,Confirmed,Female,20+,15
2003,PA,42047,Confirmed,Female,Suppressed,4
2003,PA,42049,Confirmed,Suppressed,Suppressed,10
2003,PA,42051,Confirmed,Suppressed,Suppressed,9
2003,PA,42055,Confirmed,Male,0-19,6
2003,PA,42055,Confirmed,Male,20+,7
2003,PA,42055,Confirmed,Female,Suppressed,5
2003,PA,42063,Confirmed,Suppressed,Suppressed,5
2003,PA,42069,Confirmed,Male,Suppressed,7
2003,PA,42069,Confirmed,Female,20+,14
2003,PA,42071,Confirmed,Male,0-19,52
2003,PA,42071,Confirmed,Male,20+,57
2003,PA,42071,Confirmed,Female,0-19,33
2003,PA,42071,Confirmed,Female,20+,63
2003,PA,42075,Confirmed,Male,0-19,14
2003,PA,42075,Confirmed,Male,20+,20
2003,PA,42075,Confirmed,Female,0-19,9
2003,PA,42075,Confirmed,Female,20+,21
2003,PA,42077,Confirmed,Male,0-19,48
2003,PA,42077,Confirmed,Male,20+,122
2003,PA,42077,Confirmed,Female,0-19,32
2003,PA,42077,Confirmed,Female,20+,90
2003,PA,42079,Confirmed,Male,20+,15
2003,PA,42079,Confirmed,Male,Suppressed,3
2003,PA,42079,Confirmed,Female,20+,34
2003,PA,42079,Confirmed,Female,Suppressed,3
2003,PA,42081,Confirmed,Male,20+,5
2003,PA,42081,Confirmed,Female,20+,9
2003,PA,42081,Confirmed,Female,Suppressed,2
2003,PA,42083,Confirmed,Male,20+,6
2003,PA,42083,Confirmed,Male,Suppressed,2
2003,PA,42083,Confirmed,Female,20+,5
2003,PA,42083,Confirmed,Female,Suppressed,1
2003,PA,42085,Confirmed,Suppressed,Suppressed,7
2003,PA,42087,Confirmed,Suppressed,Suppressed,8
2003,PA,42089,Confirmed,Male,0-19,14
2003,PA,42089,Confirmed,Male,20+,35
2003,PA,42089,Confirmed,Female,0-19,7
2003,PA,42089,Confirmed,Female,20+,37
2003,PA,42091,Confirmed,Male,0-19,137
2003,PA,42091,Confirmed,Male,20+,334
2003,PA,42091,Confirmed,Male,Suppressed,2
2003,PA,42091,Confirmed,Female,0-19,89
2003,PA,42091,Confirmed,Female,20+,283
2003,PA,42091,Confirmed,Female,Suppressed,1
2003,PA,42095,Confirmed,Male,0-19,51
2003,PA,42095,Confirmed,Male,20+,109
2003,PA,42095,Confirmed,Female,0-19,33
2003,PA,42095,Confirmed,Female,20+,99
2003,PA,42097,Confirmed,Suppressed,Suppressed,5
2003,PA,42099,Confirmed,Female,Suppressed,6
2003,PA,42099,Confirmed,Suppressed,Suppressed,6
2003,PA,42101,Confirmed,Male,0-19,33
2003,PA,42101,Confirmed,Male,20+,52
2003,PA,42101,Confirmed,Female,0-19,23
2003,PA,42101,Confirmed,Female,20+,50
2003,PA,42101,Confirmed,Female,Suppressed,1
2003,PA,42103,Confirmed,Male,20+,16
2003,PA,42103,Confirmed,Male,Suppressed,4
2003,PA,42103,Confirmed,Female,20+,21
2003,PA,42103,Confirmed,Female,Suppressed,4
2003,PA,42103,Confirmed,Suppressed,20+,1
2003,PA,42105,Confirmed,Male,20+,7
2003,PA,42105,Confirmed,Female,Suppressed,5
2003,PA,42107,Confirmed,Male,20+,7
2003,PA,42107,Confirmed,Male,Suppressed,4
2003,PA,42107,Confirmed,Female,20+,11
2003,PA,42107,Confirmed,Female,Suppressed,1
2003,PA,42115,Confirmed,Female,20+,5
2003,PA,42115,Confirmed,Suppressed,20+,3
2003,PA,42115,Confirmed,Suppressed,Suppressed,1
2003,PA,42117,Confirmed,Suppressed,Suppressed,6
2003,PA,42127,Confirmed,Suppressed,Suppressed,10
2003,PA,42129,Confirmed,Male,0-19,5
2003,PA,42129,Confirmed,Male,Suppressed,2
2003,PA,42129,Confirmed,Female,Suppressed,5
2003,PA,42133,Confirmed,Male,0-19,112
2003,PA,42133,Confirmed,Male,20+,205
2003,PA,42133,Confirmed,Female,0-19,74
2003,PA,42133,Confirmed,Female,20+,177
2003,PA,Suppressed,Confirmed,Male,20+,2
2003,PA,Suppressed,Confirmed,Female,0-19,1
2003,PA,Suppressed,Confirmed,Suppressed,Suppressed,50
2003,RI,44001,Confirmed,Suppressed,20+,7
2003,RI,44001,Confirmed,Suppressed,Suppressed,5
2003,RI,44003,Confirmed,Male,0-19,26
2003,RI,44003,Confirmed,Male,20+,63
2003,RI,44003,Confirmed,Female,0-19,8
2003,RI,44003,Confirmed,Female,20+,42
2003,RI,44005,Confirmed,Male,0-19,7
2003,RI,44005,Confirmed,Male,20+,15
2003,RI,44005,Confirmed,Female,20+,11
2003,RI,44005,Confirmed,Female,Suppressed,2
2003,RI,44005,Confirmed,Suppressed,Suppressed,1
2003,RI,44007,Confirmed,Male,0-19,37
2003,RI,44007,Confirmed,Male,20+,62
2003,RI,44007,Confirmed,Female,0-19,27
2003,RI,44007,Confirmed,Female,20+,57
2003,RI,44007,Confirmed,Female,Suppressed,1
2003,RI,44009,Confirmed,Male,0-19,57
2003,RI,44009,Confirmed,Male,20+,129
2003,RI,44009,Confirmed,Male,Suppressed,3
2003,RI,44009,Confirmed,Female,0-19,35
2003,RI,44009,Confirmed,Female,20+,105
2003,RI,44009,Confirmed,Female,Suppressed,1
2003,RI,44009,Confirmed,Suppressed,0-19,1
2003,RI,Unknown,Confirmed,Male,20+,14
2003,RI,Unknown,Confirmed,Male,Suppressed,5
2003,RI,Unknown,Confirmed,Female,20+,9
2003,RI,Unknown,Confirmed,Female,Suppressed,5
2003,RI,Suppressed,Confirmed,Male,Suppressed,1
2003,SC,Suppressed,Confirmed,Female,20+,6
2003,SC,Suppressed,Confirmed,Suppressed,Suppressed,12
2003,Suppressed,Suppressed,Confirmed,Female,Suppressed,5
2003,Suppressed,Suppressed,Confirmed,Suppressed,20+,22
2003,Suppressed,Suppressed,Confirmed,Suppressed,Suppressed,22
2003,TN,Suppressed,Confirmed,Suppressed,20+,8
2003,TN,Suppressed,Confirmed,Suppressed,Suppressed,12
2003,TX,48113,Confirmed,Male,Suppressed,6
2003,TX,48113,Confirmed,Female,20+,10
2003,TX,48121,Confirmed,Suppressed,Suppressed,5
2003,TX,48453,Confirmed,Female,20+,7
2003,TX,48453,Confirmed,Female,Suppressed,2
2003,TX,48453,Confirmed,Suppressed,Suppressed,3
2003,TX,Suppressed,Confirmed,Female,20+,17
2003,TX,Suppressed,Confirmed,Suppressed,20+,11
2003,TX,Suppressed,Confirmed,Suppressed,Suppressed,24
2003,VA,51001,Confirmed,Male,20+,5
2003,VA,51001,Confirmed,Male,Suppressed,2
2003,VA,51001,Confirmed,Suppressed,20+,2
2003,VA,51001,Confirmed,Suppressed,Suppressed,1
2003,VA,51013,Confirmed,Female,20+,5
2003,VA,51013,Confirmed,Suppressed,Suppressed,3
2003,VA,51061,Confirmed,Suppressed,Suppressed,8
2003,VA,51107,Confirmed,Male,0-19,10
2003,VA,51107,Confirmed,Male,20+,21
2003,VA,51107,Confirmed,Female,0-19,8
2003,VA,51107,Confirmed,Female,20+,26
2003,VA,51131,Confirmed,Suppressed,Suppressed,5
2003,VA,51153,Confirmed,Male,20+,9
2003,VA,51153,Confirmed,Male,Suppressed,1
2003,VA,51153,Confirmed,Female,0-19,5
2003,VA,51153,Confirmed,Female,20+,6
2003,VA,51153,Confirmed,Suppressed,20+,1
2003,VA,51510,Confirmed,Suppressed,Suppressed,6
2003,VA,Suppressed,Confirmed,Male,0-19,8
2003,VA,Suppressed,Confirmed,Female,20+,18
2003,VA,Suppressed,Confirmed,Suppressed,Suppressed,45
2003,VT,50003,Confirmed,Female,Suppressed,5
2003,VT,50007,Confirmed,Male,20+,8
2003,VT,50007,Confirmed,Male,Suppressed,1
2003,VT,50025,Confirmed,Female,20+,5
2003,VT,50025,Confirmed,Suppressed,20+,2
2003,VT,Suppressed,Confirmed,Male,20+,6
2003,VT,Suppressed,Confirmed,Female,Suppressed,1
2003,VT,Suppressed,Confirmed,Suppressed,20+,7
2003,VT,Suppressed,Confirmed,Suppressed,Suppressed,8
2003,WA,Suppressed,Confirmed,Suppressed,Suppressed,6
2003,WI,55005,Confirmed,Male,0-19,11
2003,WI,55005,Confirmed,Male,20+,8
2003,WI,55005,Confirmed,Female,20+,14
2003,WI,55005,Confirmed,Female,Suppressed,3
2003,WI,55011,Confirmed,Male,Suppressed,5
2003,WI,55011,Confirmed,Female,20+,5
2003,WI,55011,Confirmed,Suppressed,20+,1
2003,WI,55013,Confirmed,Male,20+,5
2003,WI,55013,Confirmed,Male,Suppressed,2
2003,WI,55013,Confirmed,Female,Suppressed,5
2003,WI,55017,Confirmed,Male,20+,8
2003,WI,55017,Confirmed,Male,Suppressed,4
2003,WI,55017,Confirmed,Female,20+,9
2003,WI,55017,Confirmed,Female,Suppressed,1
2003,WI,55019,Confirmed,Male,20+,5
2003,WI,55019,Confirmed,Female,0-19,5
2003,WI,55019,Confirmed,Female,20+,11
2003,WI,55021,Confirmed,Male,0-19,5
2003,WI,55021,Confirmed,Male,20+,7
2003,WI,55021,Confirmed,Female,20+,10
2003,WI,55021,Confirmed,Female,Suppressed,3
2003,WI,55025,Confirmed,Male,0-19,6
2003,WI,55025,Confirmed,Male,20+,23
2003,WI,55025,Confirmed,Female,0-19,7
2003,WI,55025,Confirmed,Female,20+,14
2003,WI,55031,Confirmed,Suppressed,Suppressed,7
2003,WI,55033,Confirmed,Suppressed,Suppressed,8
2003,WI,55035,Confirmed,Male,0-19,17
2003,WI,55035,Confirmed,Male,20+,10
2003,WI,55035,Confirmed,Female,0-19,11
2003,WI,55035,Confirmed,Female,20+,11
2003,WI,55049,Confirmed,Suppressed,Suppressed,5
2003,WI,55053,Confirmed,Male,20+,10
2003,WI,55053,Confirmed,Male,Suppressed,1
2003,WI,55053,Confirmed,Female,20+,5
2003,WI,55053,Confirmed,Female,Suppressed,4
2003,WI,55057,Confirmed,Suppressed,Suppressed,9
2003,WI,55063,Confirmed,Male,0-19,11
2003,WI,55063,Confirmed,Male,20+,15
2003,WI,55063,Confirmed,Female,0-19,6
2003,WI,55063,Confirmed,Female,20+,15
2003,WI,55069,Confirmed,Male,20+,5
2003,WI,55069,Confirmed,Male,Suppressed,4
2003,WI,55069,Confirmed,Female,20+,5
2003,WI,55069,Confirmed,Female,Suppressed,1
2003,WI,55073,Confirmed,Male,0-19,6
2003,WI,55073,Confirmed,Male,20+,10
2003,WI,55073,Confirmed,Female,0-19,6
2003,WI,55073,Confirmed,Female,Suppressed,3
2003,WI,55081,Confirmed,Male,0-19,6
2003,WI,55081,Confirmed,Male,20+,9
2003,WI,55081,Confirmed,Female,20+,17
2003,WI,55081,Confirmed,Female,Suppressed,2
2003,WI,55085,Confirmed,Male,20+,6
2003,WI,55085,Confirmed,Male,Suppressed,1
2003,WI,55095,Confirmed,Male,20+,8
2003,WI,55095,Confirmed,Male,Suppressed,2
2003,WI,55095,Confirmed,Suppressed,20+,4
2003,WI,55095,Confirmed,Suppressed,Suppressed,3
2003,WI,55097,Confirmed,Male,0-19,10
2003,WI,55097,Confirmed,Male,20+,16
2003,WI,55097,Confirmed,Female,0-19,6
2003,WI,55097,Confirmed,Female,20+,10
2003,WI,55099,Confirmed,Male,20+,5
2003,WI,55099,Confirmed,Male,Suppressed,2
2003,WI,55099,Confirmed,Suppressed,20+,2
2003,WI,55099,Confirmed,Suppressed,Suppressed,1
2003,WI,55103,Confirmed,Male,20+,7
2003,WI,55103,Confirmed,Male,Suppressed,2
2003,WI,55103,Confirmed,Suppressed,20+,4
2003,WI,55103,Confirmed,Suppressed,Suppressed,2
2003,WI,55107,Confirmed,Female,20+,9
2003,WI,55107,Confirmed,Female,Suppressed,1
2003,WI,55107,Confirmed,Suppressed,Suppressed,3
2003,WI,55109,Confirmed,Male,0-19,5
2003,WI,55109,Confirmed,Male,20+,8
2003,WI,55109,Confirmed,Female,0-19,5
2003,WI,55109,Confirmed,Female,Suppressed,2
2003,WI,55111,Confirmed,Female,20+,8
2003,WI,55111,Confirmed,Female,Suppressed,3
2003,WI,55111,Confirmed,Suppressed,Suppressed,2
2003,WI,55113,Confirmed,Male,20+,7
2003,WI,55113,Confirmed,Male,Suppressed,4
2003,WI,55113,Confirmed,Female,20+,8
2003,WI,55113,Confirmed,Female,Suppressed,2
2003,WI,55121,Confirmed,Male,0-19,7
2003,WI,55121,Confirmed,Male,20+,5
2003,WI,55121,Confirmed,Female,20+,8
2003,WI,55121,Confirmed,Female,Suppressed,2
2003,WI,55123,Confirmed,Male,20+,6
2003,WI,55123,Confirmed,Male,Suppressed,2
2003,WI,55123,Confirmed,Female,20+,8
2003,WI,55123,Confirmed,Female,Suppressed,3
2003,WI,55129,Confirmed,Male,20+,7
2003,WI,55129,Confirmed,Male,Suppressed,4
2003,WI,55129,Confirmed,Female,0-19,5
2003,WI,55129,Confirmed,Female,20+,5
2003,WI,55133,Confirmed,Male,20+,7
2003,WI,55135,Confirmed,Male,20+,7
2003,WI,55135,Confirmed,Male,Suppressed,4
2003,WI,55135,Confirmed,Female,20+,11
2003,WI,55135,Confirmed,Female,Suppressed,2
2003,WI,55137,Confirmed,Suppressed,Suppressed,6
2003,WI,55141,Confirmed,Male,0-19,7
2003,WI,55141,Confirmed,Male,20+,12
2003,WI,55141,Confirmed,Female,0-19,5
2003,WI,55141,Confirmed,Female,20+,14
2003,WI,Suppressed,Confirmed,Male,0-19,6
2003,WI,Suppressed,Confirmed,Female,20+,11
2003,WI,Suppressed,Confirmed,Suppressed,Suppressed,32
2003,WV,54003,Confirmed,Male,Suppressed,6
2003,WV,54037,Confirmed,Suppressed,Suppressed,5
2003,WV,Suppressed,Confirmed,Female,20+,7
2003,WV,Suppressed,Confirmed,Suppressed,Suppressed,13
2004,AZ,04013,Confirmed,Male,20+,6
2004,AZ,04013,Confirmed,Male,Suppressed,1
2004,AZ,04013,Confirmed,Suppressed,20+,3
2004,AZ,Suppressed,Confirmed,Suppressed,20+,3
2004,CA,06023,Confirmed,Suppressed,Suppressed,7
2004,CA,Suppressed,Confirmed,Male,20+,9
2004,CA,Suppressed,Confirmed,Female,0-19,5
2004,CA,Suppressed,Confirmed,Suppressed,Suppressed,27
2004,CT,09001,Confirmed,Male,0-19,116
2004,CT,09001,Confirmed,Male,20+,52
2004,CT,09001,Confirmed,Male,Suppressed,1
2004,CT,09001,Confirmed,Female,0-19,92
2004,CT,09001,Confirmed,Female,20+,64
2004,CT,09001,Confirmed,Female,Suppressed,1
2004,CT,09001,Confirmed,Suppressed,20+,3
2004,CT,09001,Confirmed,Suppressed,Suppressed,1
2004,CT,09003,Confirmed,Male,0-19,26
2004,CT,09003,Confirmed,Male,20+,16
2004,CT,09003,Confirmed,Female,0-19,16
2004,CT,09003,Confirmed,Female,20+,15
2004,CT,09005,Confirmed,Male,0-19,44
2004,CT,09005,Confirmed,Male,20+,101
2004,CT,09005,Confirmed,Male,Suppressed,3
2004,CT,09005,Confirmed,Female,0-19,33
2004,CT,09005,Confirmed,Female,20+,99
2004,CT,09005,Confirmed,Female,Suppressed,2
2004,CT,09005,Confirmed,Suppressed,0-19,1
2004,CT,09007,Confirmed,Male,0-19,13
2004,CT,09007,Confirmed,Male,20+,8
2004,CT,09007,Confirmed,Female,0-19,19
2004,CT,09007,Confirmed,Female,20+,7
2004,CT,09009,Confirmed,Male,0-19,31
2004,CT,09009,Confirmed,Male,20+,26
2004,CT,09009,Confirmed,Female,0-19,21
2004,CT,09009,Confirmed,Female,20+,24
2004,CT,09011,Confirmed,Male,0-19,44
2004,CT,09011,Confirmed,Male,20+,64
2004,CT,09011,Confirmed,Female,0-19,22
2004,CT,09011,Confirmed,Female,20+,48
2004,CT,09011,Confirmed,Suppressed,0-19,2
2004,CT,09011,Confirmed,Suppressed,Suppressed,1
2004,CT,09013,Confirmed,Male,0-19,40
2004,CT,09013,Confirmed,Male,20+,19
2004,CT,09013,Confirmed,Female,0-19,16
2004,CT,09013,Confirmed,Female,20+,23
2004,CT,09015,Confirmed,Male,0-19,44
2004,CT,09015,Confirmed,Male,20+,69
2004,CT,09015,Confirmed,Female,0-19,31
2004,CT,09015,Confirmed,Female,20+,41
2004,CT,09015,Confirmed,Female,Suppressed,1
2004,CT,09015,Confirmed,Suppressed,20+,1
2004,CT,Unknown,Confirmed,Male,0-19,11
2004,CT,Unknown,Confirmed,Male,20+,10
2004,CT,Unknown,Confirmed,Male,Suppressed,3
2004,CT,Unknown,Confirmed,Female,0-19,8
2004,CT,Unknown,Confirmed,Female,20+,10
2004,CT,Unknown,Confirmed,Female,Suppressed,2
2004,CT,Unknown,Confirmed,Suppressed,Suppressed,3
2004,DC,11001,Confirmed,Male,20+,10
2004,DC,11001,Confirmed,Male,Suppressed,2
2004,DC,11001,Confirmed,Suppressed,20+,3
2004,DC,11001,Confirmed,Suppressed,Suppressed,1
2004,DE,10001,Confirmed,Male,0-19,14
2004,DE,10001,Confirmed,Male,20+,26
2004,DE,10001,Confirmed,Female,0-19,6
2004,DE,10001,Confirmed,Female,20+,27
2004,DE,10001,Confirmed,Unknown,0-19,18
2004,DE,10001,Confirmed,Unknown,20+,57
2004,DE,10003,Confirmed,Male,0-19,12
2004,DE,10003,Confirmed,Male,20+,37
2004,DE,10003,Confirmed,Female,0-19,8
2004,DE,10003,Confirmed,Female,20+,25
2004,DE,10003,Confirmed,Unknown,20+,20
2004,DE,10003,Confirmed,Unknown,Suppressed,3
2004,DE,10005,Confirmed,Male,20+,5
2004,DE,10005,Confirmed,Male,Suppressed,1
2004,DE,10005,Confirmed,Female,20+,10
2004,DE,10005,Confirmed,Female,Suppressed,3
2004,DE,10005,Confirmed,Suppressed,20+,1
2004,DE,Unknown,Confirmed,Male,20+,8
2004,DE,Unknown,Confirmed,Male,Suppressed,2
2004,DE,Unknown,Confirmed,Female,20+,7
2004,DE,Unknown,Confirmed,Female,Suppressed,3
2004,DE,Unknown,Confirmed,Unknown,0-19,9
2004,DE,Unknown,Confirmed,Unknown,20+,35
2004,DE,Unknown,Confirmed,Unknown,Suppressed,2
2004,FL,Suppressed,Confirmed,Male,20+,7
2004,FL,Suppressed,Confirmed,Suppressed,20+,11
2004,FL,Suppressed,Confirmed,Suppressed,Suppressed,28
2004,GA,Suppressed,Confirmed,Female,20+,5
2004,IA,19103,Confirmed,Suppressed,Suppressed,6
2004,IA,19139,Confirmed,Female,20+,5
2004,IA,19139,Confirmed,Suppressed,20+,1
2004,IA,Suppressed,Confirmed,Male,20+,10
2004,IA,Suppressed,Confirmed,Female,Suppressed,3
2004,IA,Suppressed,Confirmed,Suppressed,Suppressed,24
2004,IL,17031,Confirmed,Male,20+,8
2004,IL,17031,Confirmed,Male,Suppressed,3
2004,IL,17031,Confirmed,Female,20+,9
2004,IL,17031,Confirmed,Female,Suppressed,3
2004,IL,17043,Confirmed,Male,Suppressed,5
2004,IL,17085,Confirmed,Suppressed,Suppressed,5
2004,IL,17089,Confirmed,Suppressed,Suppressed,7
2004,IL,17097,Confirmed,Male,Suppressed,6
2004,IL,17111,Confirmed,Suppressed,Suppressed,6
2004,IL,17141,Confirmed,Suppressed,Suppressed,5
2004,IL,17197,Confirmed,Male,Suppressed,6
2004,IL,Suppressed,Confirmed,Male,0-19,8
2004,IL,Suppressed,Confirmed,Female,20+,4
2004,IL,Suppressed,Confirmed,Suppressed,Suppressed,12
2004,IN,Suppressed,Confirmed,Male,0-19,5
2004,IN,Suppressed,Confirmed,Female,20+,6
2004,IN,Suppressed,Confirmed,Suppressed,Suppressed,21
2004,KY,Suppressed,Confirmed,Female,20+,5
2004,KY,Suppressed,Confirmed,Suppressed,Suppressed,7
2004,MA,25001,Confirmed,Male,0-19,22
2004,MA,25001,Confirmed,Male,20+,77
2004,MA,25001,Confirmed,Male,Suppressed,1
2004,MA,25001,Confirmed,Female,0-19,19
2004,MA,25001,Confirmed,Female,20+,65
2004,MA,25001,Confirmed,Female,Suppressed,1
2004,MA,25001,Confirmed,Unknown,20+,5
2004,MA,25001,Confirmed,Unknown,Suppressed,2
2004,MA,25003,Confirmed,Male,0-19,11
2004,MA,25003,Confirmed,Male,20+,29
2004,MA,25003,Confirmed,Male,Suppressed,2
2004,MA,25003,Confirmed,Female,0-19,10
2004,MA,25003,Confirmed,Female,20+,32
2004,MA,25005,Confirmed,Male,0-19,25
2004,MA,25005,Confirmed,Male,20+,23
2004,MA,25005,Confirmed,Female,0-19,17
2004,MA,25005,Confirmed,Female,20+,47
2004,MA,25005,Confirmed,Female,Suppressed,1
2004,MA,25005,Confirmed,Suppressed,Suppressed,1
2004,MA,25007,Confirmed,Male,0-19,7
2004,MA,25007,Confirmed,Male,20+,24
2004,MA,25007,Confirmed,Female,20+,17
2004,MA,25007,Confirmed,Female,Suppressed,4
2004,MA,25009,Confirmed,Male,0-19,40
2004,MA,25009,Confirmed,Male,20+,52
2004,MA,25009,Confirmed,Female,0-19,20
2004,MA,25009,Confirmed,Female,20+,50
2004,MA,25009,Confirmed,Female,Suppressed,2
2004,MA,25011,Confirmed,Male,0-19,6
2004,MA,25011,Confirmed,Male,Suppressed,3
2004,MA,25011,Confirmed,Suppressed,Suppressed,6
2004,MA,25013,Confirmed,Male,0-19,22
2004,MA,25013,Confirmed,Male,20+,27
2004,MA,25013,Confirmed,Male,Suppressed,1
2004,MA,25013,Confirmed,Female,0-19,12
2004,MA,25013,Confirmed,Female,20+,21
2004,MA,25013,Confirmed,Suppressed,20+,2
2004,MA,25015,Confirmed,Male,0-19,14
2004,MA,25015,Confirmed,Male,20+,10
2004,MA,25015,Confirmed,Female,0-19,8
2004,MA,25015,Confirmed,Female,20+,9
2004,MA,25015,Confirmed,Suppressed,0-19,1
2004,MA,25017,Confirmed,Male,0-19,40
2004,MA,25017,Confirmed,Male,20+,86
2004,MA,25017,Confirmed,Male,Suppressed,1
2004,MA,25017,Confirmed,Female,0-19,26
2004,MA,25017,Confirmed,Female,20+,92
2004,MA,25017,Confirmed,Suppressed,20+,1
2004,MA,25019,Confirmed,Male,0-19,6
2004,MA,25019,Confirmed,Male,20+,23
2004,MA,25019,Confirmed,Female,20+,20
2004,MA,25019,Confirmed,Suppressed,20+,1
2004,MA,25021,Confirmed,Male,0-19,40
2004,MA,25021,Confirmed,Male,20+,49
2004,MA,25021,Confirmed,Female,0-19,23
2004,MA,25021,Confirmed,Female,20+,26
2004,MA,25021,Confirmed,Female,Suppressed,1
2004,MA,25023,Confirmed,Male,0-19,41
2004,MA,25023,Confirmed,Male,20+,60
2004,MA,25023,Confirmed,Female,0-19,31
2004,MA,25023,Confirmed,Female,20+,45
2004,MA,25023,Confirmed,Female,Suppressed,1
2004,MA,25023,Confirmed,Suppressed,0-19,2
2004,MA,25023,Confirmed,Suppressed,Suppressed,1
2004,MA,25025,Confirmed,Male,20+,11
2004,MA,25025,Confirmed,Male,Suppressed,1
2004,MA,25025,Confirmed,Female,20+,11
2004,MA,25025,Confirmed,Female,Suppressed,1
2004,MA,25027,Confirmed,Male,0-19,33
2004,MA,25027,Confirmed,Male,20+,54
2004,MA,25027,Confirmed,Male,Suppressed,2
2004,MA,25027,Confirmed,Female,0-19,21
2004,MA,25027,Confirmed,Female,20+,33
2004,MA,25027,Confirmed,Female,Suppressed,1
2004,MD,24003,Confirmed,Male,0-19,9
2004,MD,24003,Confirmed,Male,20+,25
2004,MD,24003,Confirmed,Female,0-19,11
2004,MD,24003,Confirmed,Female,20+,29
2004,MD,24005,Confirmed,Male,0-19,5
2004,MD,24005,Confirmed,Male,20+,6
2004,MD,24005,Confirmed,Female,20+,10
2004,MD,24005,Confirmed,Female,Suppressed,2
2004,MD,24009,Confirmed,Male,0-19,6
2004,MD,24009,Confirmed,Male,20+,9
2004,MD,24009,Confirmed,Female,0-19,6
2004,MD,24009,Confirmed,Female,20+,16
2004,MD,24011,Confirmed,Male,20+,8
2004,MD,24011,Confirmed,Male,Suppressed,2
2004,MD,24011,Confirmed,Female,20+,7
2004,MD,24011,Confirmed,Female,Suppressed,3
2004,MD,24013,Confirmed,Male,0-19,16
2004,MD,24013,Confirmed,Male,20+,29
2004,MD,24013,Confirmed,Female,0-19,11
2004,MD,24013,Confirmed,Female,20+,19
2004,MD,24015,Confirmed,Male,0-19,7
2004,MD,24015,Confirmed,Male,20+,23
2004,MD,24015,Confirmed,Female,0-19,6
2004,MD,24015,Confirmed,Female,20+,24
2004,MD,24017,Confirmed,Male,0-19,7
2004,MD,24017,Confirmed,Male,20+,10
2004,MD,24017,Confirmed,Female,20+,10
2004,MD,24017,Confirmed,Female,Suppressed,4
2004,MD,24019,Confirmed,Male,20+,5
2004,MD,24019,Confirmed,Suppressed,20+,3
2004,MD,24021,Confirmed,Male,0-19,20
2004,MD,24021,Confirmed,Male,20+,32
2004,MD,24021,Confirmed,Female,0-19,11
2004,MD,24021,Confirmed,Female,20+,54
2004,MD,24025,Confirmed,Male,0-19,23
2004,MD,24025,Confirmed,Male,20+,29
2004,MD,24025,Confirmed,Female,0-19,13
2004,MD,24025,Confirmed,Female,20+,33
2004,MD,24027,Confirmed,Male,0-19,22
2004,MD,24027,Confirmed,Male,20+,36
2004,MD,24027,Confirmed,Female,0-19,7
2004,MD,24027,Confirmed,Female,20+,29
2004,MD,24029,Confirmed,Male,20+,9
2004,MD,24029,Confirmed,Male,Suppressed,1
2004,MD,24029,Confirmed,Suppressed,20+,4
2004,MD,24029,Confirmed,Suppressed,Suppressed,1
2004,MD,24031,Confirmed,Male,0-19,9
2004,MD,24031,Confirmed,Male,20+,9
2004,MD,24031,Confirmed,Female,0-19,7
2004,MD,24031,Confirmed,Female,20+,13
2004,MD,24033,Confirmed,Male,0-19,15
2004,MD,24033,Confirmed,Male,20+,15
2004,MD,24033,Confirmed,Female,0-19,6
2004,MD,24033,Confirmed,Female,20+,27
2004,MD,24035,Confirmed,Male,0-19,6
2004,MD,24035,Confirmed,Male,20+,12
2004,MD,24035,Confirmed,Female,0-19,5
2004,MD,24035,Confirmed,Female,20+,11
2004,MD,24037,Confirmed,Male,0-19,5
2004,MD,24037,Confirmed,Male,20+,6
2004,MD,24037,Confirmed,Suppressed,20+,4
2004,MD,24037,Confirmed,Suppressed,Suppressed,4
2004,MD,24041,Confirmed,Male,20+,7
2004,MD,24041,Confirmed,Male,Suppressed,1
2004,MD,24041,Confirmed,Female,20+,5
2004,MD,24043,Confirmed,Male,0-19,7
2004,MD,24043,Confirmed,Male,20+,8
2004,MD,24043,Confirmed,Female,0-19,8
2004,MD,24043,Confirmed,Female,20+,10
2004,MD,24045,Confirmed,Male,20+,5
2004,MD,24045,Confirmed,Male,Suppressed,3
2004,MD,24045,Confirmed,Female,20+,9
2004,MD,24045,Confirmed,Female,Suppressed,3
2004,MD,24047,Confirmed,Suppressed,20+,5
2004,MD,Suppressed,Confirmed,Female,20+,5
2004,MD,Suppressed,Confirmed,Suppressed,20+,6
2004,MD,Suppressed,Confirmed,Suppressed,Suppressed,3
2004,ME,23001,Confirmed,Suppressed,Suppressed,6
2004,ME,23005,Confirmed,Male,0-19,13
2004,ME,23005,Confirmed,Male,20+,23
2004,ME,23005,Confirmed,Female,0-19,5
2004,ME,23005,Confirmed,Female,20+,17
2004,ME,23009,Confirmed,Suppressed,Suppressed,5
2004,ME,23011,Confirmed,Male,Suppressed,7
2004,ME,23013,Confirmed,Female,20+,6
2004,ME,23013,Confirmed,Female,Suppressed,1
2004,ME,23013,Confirmed,Suppressed,Suppressed,5
2004,ME,23015,Confirmed,Suppressed,Suppressed,6
2004,ME,23023,Confirmed,Suppressed,Suppressed,6
2004,ME,23025,Confirmed,Suppressed,Suppressed,6
2004,ME,23031,Confirmed,Male,0-19,20
2004,ME,23031,Confirmed,Male,20+,34
2004,ME,23031,Confirmed,Female,0-19,10
2004,ME,23031,Confirmed,Female,20+,36
2004,ME,Suppressed,Confirmed,Male,0-19,4
2004,ME,Suppressed,Confirmed,Female,20+,1
2004,ME,Suppressed,Confirmed,Suppressed,Suppressed,14
2004,MI,26109,Confirmed,Male,20+,5
2004,MI,26109,Confirmed,Male,Suppressed,1
2004,MI,26109,Confirmed,Suppressed,20+,1
2004,MI,Suppressed,Confirmed,Male,Suppressed,3
2004,MI,Suppressed,Confirmed,Female,20+,5
2004,MI,Suppressed,Confirmed,Suppressed,Suppressed,12
2004,MN,27001,Confirmed,Male,0-19,6
2004,MN,27001,Confirmed,Male,20+,6
2004,MN,27001,Confirmed,Female,20+,5
2004,MN,27001,Confirmed,Female,Suppressed,3
2004,MN,27003,Confirmed,Male,0-19,23
2004,MN,27003,Confirmed,Male,20+,29
2004,MN,27003,Confirmed,Female,0-19,13
2004,MN,27003,Confirmed,Female,20+,15
2004,MN,27005,Confirmed,Male,20+,7
2004,MN,27005,Confirmed,Male,Suppressed,3
2004,MN,27005,Confirmed,Female,0-19,5
2004,MN,27005,Confirmed,Female,Suppressed,3
2004,MN,27007,Confirmed,Male,20+,8
2004,MN,27007,Confirmed,Male,Suppressed,3
2004,MN,27007,Confirmed,Female,20+,5
2004,MN,27007,Confirmed,Female,Suppressed,1
2004,MN,27013,Confirmed,Suppressed,Suppressed,6
2004,MN,27017,Confirmed,Male,0-19,8
2004,MN,27017,Confirmed,Male,20+,10
2004,MN,27017,Confirmed,Suppressed,0-19,4
2004,MN,27017,Confirmed,Suppressed,Suppressed,2
2004,MN,27019,Confirmed,Male,Suppressed,6
2004,MN,27021,Confirmed,Male,0-19,5
2004,MN,27021,Confirmed,Male,20+,8
2004,MN,27021,Confirmed,Female,20+,17
2004,MN,27021,Confirmed,Female,Suppressed,4
2004,MN,27025,Confirmed,Male,20+,5
2004,MN,27025,Confirmed,Male,Suppressed,2
2004,MN,27025,Confirmed,Female,20+,6
2004,MN,27025,Confirmed,Female,Suppressed,1
2004,MN,27029,Confirmed,Suppressed,Suppressed,5
2004,MN,27035,Confirmed,Male,0-19,18
2004,MN,27035,Confirmed,Male,20+,48
2004,MN,27035,Confirmed,Male,Suppressed,1
2004,MN,27035,Confirmed,Female,0-19,14
2004,MN,27035,Confirmed,Female,20+,33
2004,MN,27035,Confirmed,Suppressed,0-19,1
2004,MN,27037,Confirmed,Male,0-19,13
2004,MN,27037,Confirmed,Male,20+,26
2004,MN,27037,Confirmed,Female,20+,14
2004,MN,27037,Confirmed,Female,Suppressed,4
2004,MN,27045,Confirmed,Suppressed,Suppressed,6
2004,MN,27053,Confirmed,Male,0-19,29
2004,MN,27053,Confirmed,Male,20+,63
2004,MN,27053,Confirmed,Female,0-19,17
2004,MN,27053,Confirmed,Female,20+,42
2004,MN,27055,Confirmed,Male,0-19,8
2004,MN,27055,Confirmed,Male,20+,14
2004,MN,27055,Confirmed,Female,20+,6
2004,MN,27055,Confirmed,Female,Suppressed,4
2004,MN,27057,Confirmed,Male,0-19,5
2004,MN,27057,Confirmed,Male,20+,8
2004,MN,27057,Confirmed,Female,20+,5
2004,MN,27057,Confirmed,Female,Suppressed,1
2004,MN,27059,Confirmed,Male,Suppressed,7
2004,MN,27061,Confirmed,Male,0-19,7
2004,MN,27061,Confirmed,Male,20+,9
2004,MN,27061,Confirmed,Female,0-19,5
2004,MN,27061,Confirmed,Female,20+,10
2004,MN,27065,Confirmed,Suppressed,Suppressed,7
2004,MN,27095,Confirmed,Male,Suppressed,6
2004,MN,27095,Confirmed,Female,20+,7
2004,MN,27095,Confirmed,Female,Suppressed,2
2004,MN,27097,Confirmed,Male,20+,7
2004,MN,27097,Confirmed,Male,Suppressed,3
2004,MN,27097,Confirmed,Female,Suppressed,5
2004,MN,27109,Confirmed,Male,20+,6
2004,MN,27109,Confirmed,Male,Suppressed,3
2004,MN,27109,Confirmed,Suppressed,Suppressed,1
2004,MN,27115,Confirmed,Male,0-19,5
2004,MN,27115,Confirmed,Male,20+,13
2004,MN,27115,Confirmed,Female,20+,9
2004,MN,27115,Confirmed,Female,Suppressed,2
2004,MN,27123,Confirmed,Male,0-19,22
2004,MN,27123,Confirmed,Male,20+,43
2004,MN,27123,Confirmed,Female,0-19,6
2004,MN,27123,Confirmed,Female,20+,9
2004,MN,27131,Confirmed,Suppressed,Suppressed,6
2004,MN,27137,Confirmed,Male,20+,9
2004,MN,27137,Confirmed,Male,Suppressed,3
2004,MN,27137,Confirmed,Female,20+,5
2004,MN,27137,Confirmed,Female,Suppressed,3
2004,MN,27139,Confirmed,Male,20+,6
2004,MN,27139,Confirmed,Male,Suppressed,4
2004,MN,27139,Confirmed,Female,Suppressed,6
2004,MN,27141,Confirmed,Male,0-19,5
2004,MN,27141,Confirmed,Male,20+,11
2004,MN,27141,Confirmed,Female,20+,9
2004,MN,27141,Confirmed,Female,Suppressed,2
2004,MN,27145,Confirmed,Male,0-19,6
2004,MN,27145,Confirmed,Male,20+,8
2004,MN,27145,Confirmed,Female,Suppressed,6
2004,MN,27153,Confirmed,Male,Suppressed,5
2004,MN,27153,Confirmed,Female,Suppressed,5
2004,MN,27157,Confirmed,Suppressed,Suppressed,5
2004,MN,27163,Confirmed,Male,0-19,13
2004,MN,27163,Confirmed,Male,20+,21
2004,MN,27163,Confirmed,Female,0-19,5
2004,MN,27163,Confirmed,Female,20+,12
2004,MN,27169,Confirmed,Male,20+,6
2004,MN,27169,Confirmed,Male,Suppressed,4
2004,MN,27169,Confirmed,Suppressed,Suppressed,4
2004,MN,27171,Confirmed,Female,20+,5
2004,MN,27171,Confirmed,Female,Suppressed,3
2004,MN,27171,Confirmed,Suppressed,Suppressed,4
2004,MN,Suppressed,Confirmed,Male,20+,15
2004,MN,Suppressed,Confirmed,Female,0-19,2
2004,MN,Suppressed,Confirmed,Suppressed,Suppressed,27
2004,MO,Suppressed,Confirmed,Male,20+,6
2004,MO,Suppressed,Confirmed,Suppressed,Suppressed,18
2004,NC,37063,Confirmed,Suppressed,Suppressed,5
2004,NC,37097,Confirmed,Female,20+,12
2004,NC,37097,Confirmed,Suppressed,Suppressed,4
2004,NC,37119,Confirmed,Male,Suppressed,5
2004,NC,37183,Confirmed,Male,20+,7
2004,NC,37183,Confirmed,Male,Suppressed,4
2004,NC,37183,Confirmed,Female,20+,10
2004,NC,37183,Confirmed,Female,Suppressed,2
2004,NC,Suppressed,Confirmed,Male,Suppressed,1
2004,NC,Suppressed,Confirmed,Female,20+,14
2004,NC,Suppressed,Confirmed,Suppressed,20+,25
2004,NC,Suppressed,Confirmed,Suppressed,Suppressed,33
2004,NH,33001,Confirmed,Female,20+,7
2004,NH,33001,Confirmed,Suppressed,20+,4
2004,NH,33003,Confirmed,Suppressed,20+,7
2004,NH,33011,Confirmed,Male,0-19,6
2004,NH,33011,Confirmed,Male,20+,23
2004,NH,33011,Confirmed,Female,20+,5
2004,NH,33011,Confirmed,Female,Suppressed,4
2004,NH,33013,Confirmed,Male,20+,10
2004,NH,33013,Confirmed,Male,Suppressed,1
2004,NH,33013,Confirmed,Suppressed,20+,3
2004,NH,33013,Confirmed,Suppressed,Suppressed,2
2004,NH,33015,Confirmed,Male,0-19,16
2004,NH,33015,Confirmed,Male,20+,36
2004,NH,33015,Confirmed,Female,0-19,19
2004,NH,33015,Confirmed,Female,20+,32
2004,NH,33017,Confirmed,Male,0-19,10
2004,NH,33017,Confirmed,Male,20+,15
2004,NH,33017,Confirmed,Female,20+,8
2004,NH,33017,Confirmed,Female,Suppressed,4
2004,NH,Suppressed,Confirmed,Female,20+,2
2004,NH,Suppressed,Confirmed,Female,Suppressed,2
2004,NH,Suppressed,Confirmed,Suppressed,20+,4
2004,NH,Suppressed,Confirmed,Suppressed,Suppressed,6
2004,NJ,34001,Confirmed,Male,0-19,11
2004,NJ,34001,Confirmed,Male,20+,65
2004,NJ,34001,Confirmed,Male,Suppressed,4
2004,NJ,34001,Confirmed,Female,0-19,12
2004,NJ,34001,Confirmed,Female,20+,61
2004,NJ,34001,Confirmed,Female,Suppressed,2
2004,NJ,34001,Confirmed,Suppressed,0-19,1
2004,NJ,34003,Confirmed,Male,0-19,8
2004,NJ,34003,Confirmed,Male,20+,24
2004,NJ,34003,Confirmed,Male,Unknown,9
2004,NJ,34003,Confirmed,Female,0-19,7
2004,NJ,34003,Confirmed,Female,20+,23
2004,NJ,34003,Confirmed,Female,Unknown,10
2004,NJ,34003,Confirmed,Suppressed,20+,3
2004,NJ,34003,Confirmed,Suppressed,Suppressed,2
2004,NJ,34005,Confirmed,Male,0-19,17
2004,NJ,34005,Confirmed,Male,20+,46
2004,NJ,34005,Confirmed,Male,Suppressed,4
2004,NJ,34005,Confirmed,Female,0-19,16
2004,NJ,34005,Confirmed,Female,20+,34
2004,NJ,34005,Confirmed,Female,Unknown,6
2004,NJ,34005,Confirmed,Unknown,20+,7
2004,NJ,34005,Confirmed,Unknown,Suppressed,2
2004,NJ,34007,Confirmed,Male,0-19,8
2004,NJ,34007,Confirmed,Male,20+,10
2004,NJ,34007,Confirmed,Male,Suppressed,4
2004,NJ,34007,Confirmed,Female,20+,16
2004,NJ,34007,Confirmed,Female,Suppressed,4
2004,NJ,34007,Confirmed,Suppressed,20+,1
2004,NJ,34009,Confirmed,Male,0-19,6
2004,NJ,34009,Confirmed,Male,20+,13
2004,NJ,34009,Confirmed,Female,20+,20
2004,NJ,34009,Confirmed,Female,Suppressed,4
2004,NJ,34009,Confirmed,Suppressed,20+,3
2004,NJ,34011,Confirmed,Male,0-19,11
2004,NJ,34011,Confirmed,Male,20+,18
2004,NJ,34011,Confirmed,Male,Suppressed,2
2004,NJ,34011,Confirmed,Female,0-19,5
2004,NJ,34011,Confirmed,Female,20+,21
2004,NJ,34011,Confirmed,Female,Unknown,5
2004,NJ,34013,Confirmed,Male,0-19,16
2004,NJ,34013,Confirmed,Male,20+,19
2004,NJ,34013,Confirmed,Male,Suppressed,2
2004,NJ,34013,Confirmed,Female,0-19,15
2004,NJ,34013,Confirmed,Female,20+,22
2004,NJ,34013,Confirmed,Female,Suppressed,2
2004,NJ,34013,Confirmed,Unknown,20+,5
2004,NJ,34013,Confirmed,Unknown,Suppressed,5
2004,NJ,34015,Confirmed,Male,0-19,20
2004,NJ,34015,Confirmed,Male,20+,40
2004,NJ,34015,Confirmed,Male,Unknown,7
2004,NJ,34015,Confirmed,Female,0-19,15
2004,NJ,34015,Confirmed,Female,20+,25
2004,NJ,34015,Confirmed,Female,Suppressed,4
2004,NJ,34017,Confirmed,Female,20+,6
2004,NJ,34017,Confirmed,Female,Suppressed,1
2004,NJ,34017,Confirmed,Suppressed,20+,3
2004,NJ,34019,Confirmed,Male,0-19,36
2004,NJ,34019,Confirmed,Male,20+,116
2004,NJ,34019,Confirmed,Male,Unknown,10
2004,NJ,34019,Confirmed,Female,0-19,37
2004,NJ,34019,Confirmed,Female,20+,111
2004,NJ,34019,Confirmed,Female,Suppressed,3
2004,NJ,34019,Confirmed,Unknown,20+,8
2004,NJ,34019,Confirmed,Unknown,Suppressed,5
2004,NJ,34021,Confirmed,Male,0-19,15
2004,NJ,34021,Confirmed,Male,20+,37
2004,NJ,34021,Confirmed,Male,Suppressed,4
2004,NJ,34021,Confirmed,Female,0-19,12
2004,NJ,34021,Confirmed,Female,20+,29
2004,NJ,34021,Confirmed,Female,Unknown,7
2004,NJ,34021,Confirmed,Unknown,20+,5
2004,NJ,34021,Confirmed,Unknown,Suppressed,3
2004,NJ,34023,Confirmed,Male,0-19,6
2004,NJ,34023,Confirmed,Male,20+,20
2004,NJ,34023,Confirmed,Male,Unknown,7
2004,NJ,34023,Confirmed,Female,0-19,8
2004,NJ,34023,Confirmed,Female,20+,20
2004,NJ,34023,Confirmed,Female,Unknown,5
2004,NJ,34025,Confirmed,Male,0-19,38
2004,NJ,34025,Confirmed,Male,20+,76
2004,NJ,34025,Confirmed,Male,Unknown,10
2004,NJ,34025,Confirmed,Female,0-19,21
2004,NJ,34025,Confirmed,Female,20+,84
2004,NJ,34025,Confirmed,Female,Unknown,9
2004,NJ,34025,Confirmed,Suppressed,20+,3
2004,NJ,34025,Confirmed,Suppressed,Suppressed,1
2004,NJ,34027,Confirmed,Male,0-19,49
2004,NJ,34027,Confirmed,Male,20+,94
2004,NJ,34027,Confirmed,Male,Unknown,22
2004,NJ,34027,Confirmed,Female,0-19,41
2004,NJ,34027,Confirmed,Female,20+,83
2004,NJ,34027,Confirmed,Female,Unknown,24
2004,NJ,34027,Confirmed,Unknown,0-19,8
2004,NJ,34027,Confirmed,Unknown,20+,14
2004,NJ,34027,Confirmed,Unknown,Suppressed,4
2004,NJ,34029,Confirmed,Male,0-19,32
2004,NJ,34029,Confirmed,Male,20+,69
2004,NJ,34029,Confirmed,Male,Unknown,10
2004,NJ,34029,Confirmed,Female,0-19,28
2004,NJ,34029,Confirmed,Female,20+,68
2004,NJ,34029,Confirmed,Female,Unknown,8
2004,NJ,34029,Confirmed,Suppressed,20+,3
2004,NJ,34029,Confirmed,Suppressed,Suppressed,2
2004,NJ,34031,Confirmed,Male,0-19,11
2004,NJ,34031,Confirmed,Male,20+,16
2004,NJ,34031,Confirmed,Male,Unknown,7
2004,NJ,34031,Confirmed,Female,0-19,8
2004,NJ,34031,Confirmed,Female,20+,23
2004,NJ,34031,Confirmed,Female,Unknown,6
2004,NJ,34031,Confirmed,Suppressed,Unknown,3
2004,NJ,34031,Confirmed,Suppressed,Suppressed,4
2004,NJ,34033,Confirmed,Male,0-19,5
2004,NJ,34033,Confirmed,Male,Suppressed,5
2004,NJ,34033,Confirmed,Female,20+,7
2004,NJ,34033,Confirmed,Female,Suppressed,5
2004,NJ,34035,Confirmed,Male,0-19,22
2004,NJ,34035,Confirmed,Male,20+,38
2004,NJ,34035,Confirmed,Male,Unknown,8
2004,NJ,34035,Confirmed,Female,0-19,12
2004,NJ,34035,Confirmed,Female,20+,31
2004,NJ,34035,Confirmed,Female,Unknown,8
2004,NJ,34035,Confirmed,Unknown,0-19,7
2004,NJ,34035,Confirmed,Unknown,20+,13
2004,NJ,34035,Confirmed,Unknown,Unknown,7
2004,NJ,34037,Confirmed,Male,0-19,39
2004,NJ,34037,Confirmed,Male,20+,68
2004,NJ,34037,Confirmed,Male,Unknown,8
2004,NJ,34037,Confirmed,Female,0-19,31
2004,NJ,34037,Confirmed,Female,20+,66
2004,NJ,34037,Confirmed,Female,Unknown,5
2004,NJ,34037,Confirmed,Suppressed,20+,1
2004,NJ,34037,Confirmed,Suppressed,Suppressed,1
2004,NJ,34039,Confirmed,Male,0-19,10
2004,NJ,34039,Confirmed,Male,20+,17
2004,NJ,34039,Confirmed,Male,Suppressed,4
2004,NJ,34039,Confirmed,Female,20+,23
2004,NJ,34039,Confirmed,Female,Suppressed,5
2004,NJ,34039,Confirmed,Suppressed,20+,1
2004,NJ,34039,Confirmed,Suppressed,Suppressed,1
2004,NJ,34041,Confirmed,Male,0-19,16
2004,NJ,34041,Confirmed,Male,20+,55
2004,NJ,34041,Confirmed,Male,Suppressed,2
2004,NJ,34041,Confirmed,Female,0-19,12
2004,NJ,34041,Confirmed,Female,20+,40
2004,NJ,34041,Confirmed,Female,Suppressed,1
2004,NJ,34041,Confirmed,Unknown,Suppressed,5
2004,NJ,34041,Confirmed,Suppressed,20+,4
2004,NY,36001,Confirmed,Male,0-19,37
2004,NY,36001,Confirmed,Male,20+,76
2004,NY,36001,Confirmed,Female,0-19,29
2004,NY,36001,Confirmed,Female,20+,83
2004,NY,36001,Confirmed,Female,Suppressed,1
2004,NY,36005,Confirmed,Male,20+,11
2004,NY,36005,Confirmed,Male,Suppressed,3
2004,NY,36005,Confirmed,Female,20+,10
2004,NY,36005,Confirmed,Female,Suppressed,3
2004,NY,36005,Confirmed,Suppressed,20+,1
2004,NY,36007,Confirmed,Suppressed,Suppressed,5
2004,NY,36019,Confirmed,Suppressed,Suppressed,5
2004,NY,36021,Confirmed,Male,0-19,47
2004,NY,36021,Confirmed,Male,20+,166
2004,NY,36021,Confirmed,Female,0-19,45
2004,NY,36021,Confirmed,Female,20+,146
2004,NY,36027,Confirmed,Male,0-19,202
2004,NY,36027,Confirmed,Male,20+,364
2004,NY,36027,Confirmed,Male,Unknown,6
2004,NY,36027,Confirmed,Female,0-19,126
2004,NY,36027,Confirmed,Female,20+,372
2004,NY,36027,Confirmed,Female,Unknown,6
2004,NY,36039,Confirmed,Male,0-19,28
2004,NY,36039,Confirmed,Male,20+,32
2004,NY,36039,Confirmed,Female,0-19,14
2004,NY,36039,Confirmed,Female,20+,25
2004,NY,36047,Confirmed,Male,0-19,8
2004,NY,36047,Confirmed,Male,20+,19
2004,NY,36047,Confirmed,Female,0-19,8
2004,NY,36047,Confirmed,Female,20+,23
2004,NY,36047,Confirmed,Suppressed,20+,1
2004,NY,36047,Confirmed,Suppressed,Suppressed,1
2004,NY,36059,Confirmed,Male,0-19,16
2004,NY,36059,Confirmed,Male,20+,15
2004,NY,36059,Confirmed,Male,Suppressed,2
2004,NY,36059,Confirmed,Female,0-19,14
2004,NY,36059,Confirmed,Female,20+,10
2004,NY,36059,Confirmed,Female,Suppressed,2
2004,NY,36061,Confirmed,Male,0-19,11
2004,NY,36061,Confirmed,Male,20+,82
2004,NY,36061,Confirmed,Male,Suppressed,2
2004,NY,36061,Confirmed,Female,0-19,8
2004,NY,36061,Confirmed,Female,20+,81
2004,NY,36061,Confirmed,Female,Suppressed,3
2004,NY,36061,Confirmed,Suppressed,20+,2
2004,NY,36067,Confirmed,Male,20+,5
2004,NY,36067,Confirmed,Male,Suppressed,1
2004,NY,36067,Confirmed,Suppressed,20+,4
2004,NY,36067,Confirmed,Suppressed,Suppressed,1
2004,NY,36071,Confirmed,Male,0-19,110
2004,NY,36071,Confirmed,Male,20+,177
2004,NY,36071,Confirmed,Male,Suppressed,1
2004,NY,36071,Confirmed,Female,0-19,61
2004,NY,36071,Confirmed,Female,20+,168
2004,NY,36071,Confirmed,Female,Suppressed,1
2004,NY,36079,Confirmed,Male,0-19,36
2004,NY,36079,Confirmed,Male,20+,65
2004,NY,36079,Confirmed,Male,Unknown,9
2004,NY,36079,Confirmed,Female,0-19,38
2004,NY,36079,Confirmed,Female,20+,53
2004,NY,36079,Confirmed,Female,Suppressed,4
2004,NY,36081,Confirmed,Male,0-19,5
2004,NY,36081,Confirmed,Male,20+,10
2004,NY,36081,Confirmed,Female,0-19,5
2004,NY,36081,Confirmed,Female,20+,22
2004,NY,36083,Confirmed,Male,0-19,38
2004,NY,36083,Confirmed,Male,20+,79
2004,NY,36083,Confirmed,Female,0-19,21
2004,NY,36083,Confirmed,Female,20+,62
2004,NY,36085,Confirmed,Male,20+,9
2004,NY,36085,Confirmed,Male,Suppressed,3
2004,NY,36085,Confirmed,Female,0-19,5
2004,NY,36085,Confirmed,Female,20+,20
2004,NY,36087,Confirmed,Male,0-19,26
2004,NY,36087,Confirmed,Male,20+,60
2004,NY,36087,Confirmed,Female,0-19,27
2004,NY,36087,Confirmed,Female,20+,51
2004,NY,36087,Confirmed,Female,Suppressed,3
2004,NY,36091,Confirmed,Male,20+,20
2004,NY,36091,Confirmed,Male,Suppressed,4
2004,NY,36091,Confirmed,Female,20+,14
2004,NY,36091,Confirmed,Female,Suppressed,4
2004,NY,36093,Confirmed,Male,20+,8
2004,NY,36093,Confirmed,Male,Suppressed,3
2004,NY,36093,Confirmed,Female,20+,5
2004,NY,36093,Confirmed,Female,Suppressed,1
2004,NY,36103,Confirmed,Male,0-19,78
2004,NY,36103,Confirmed,Male,20+,205
2004,NY,36103,Confirmed,Male,Unknown,9
2004,NY,36103,Confirmed,Female,0-19,73
2004,NY,36103,Confirmed,Female,20+,184
2004,NY,36103,Confirmed,Female,Unknown,12
2004,NY,36105,Confirmed,Male,0-19,8
2004,NY,36105,Confirmed,Male,20+,11
2004,NY,36105,Confirmed,Female,0-19,8
2004,NY,36105,Confirmed,Female,20+,12
2004,NY,36109,Confirmed,Suppressed,Suppressed,5
2004,NY,36111,Confirmed,Male,0-19,53
2004,NY,36111,Confirmed,Male,20+,103
2004,NY,36111,Confirmed,Female,0-19,42
2004,NY,36111,Confirmed,Female,20+,97
2004,NY,36113,Confirmed,Male,Suppressed,5
2004,NY,36115,Confirmed,Male,20+,7
2004,NY,36115,Confirmed,Male,Suppressed,3
2004,NY,36115,Confirmed,Suppressed,20+,4
2004,NY,36115,Confirmed,Suppressed,Suppressed,3
2004,NY,36119,Confirmed,Male,0-19,137
2004,NY,36119,Confirmed,Male,20+,251
2004,NY,36119,Confirmed,Female,0-19,96
2004,NY,36119,Confirmed,Female,20+,262
2004,NY,Suppressed,Confirmed,Male,0-19,2
2004,NY,Suppressed,Confirmed,Female,20+,9
2004,NY,Suppressed,Confirmed,Suppressed,Suppressed,31
2004,OH,39049,Confirmed,Suppressed,Suppressed,5
2004,OH,Suppressed,Confirmed,Male,20+,5
2004,OH,Suppressed,Confirmed,Suppressed,20+,11
2004,OH,Suppressed,Confirmed,Suppressed,Suppressed,29
2004,OR,Suppressed,Confirmed,Female,20+,5
2004,PA,42001,Confirmed,Male,0-19,11
2004,PA,42001,Confirmed,Male,20+,28
2004,PA,42001,Confirmed,Female,0-19,7
2004,PA,42001,Confirmed,Female,20+,39
2004,PA,42003,Confirmed,Male,20+,12
2004,PA,42003,Confirmed,Male,Suppressed,1
2004,PA,42003,Confirmed,Female,20+,11
2004,PA,42003,Confirmed,Female,Suppressed,3
2004,PA,42007,Confirmed,Female,20+,5
2004,PA,42007,Confirmed,Suppressed,20+,3
2004,PA,42011,Confirmed,Male,0-19,47
2004,PA,42011,Confirmed,Male,20+,115
2004,PA,42011,Confirmed,Female,0-19,40
2004,PA,42011,Confirmed,Female,20+,95
2004,PA,42017,Confirmed,Male,0-19,71
2004,PA,42017,Confirmed,Male,20+,173
2004,PA,42017,Confirmed,Female,0-19,48
2004,PA,42017,Confirmed,Female,20+,185
2004,PA,42019,Confirmed,Male,20+,11
2004,PA,42019,Confirmed,Male,Suppressed,4
2004,PA,42019,Confirmed,Female,20+,11
2004,PA,42019,Confirmed,Female,Suppressed,4
2004,PA,42021,Confirmed,Suppressed,Suppressed,5
2004,PA,42023,Confirmed,Suppressed,Suppressed,10
2004,PA,42025,Confirmed,Suppressed,Suppressed,5
2004,PA,42027,Confirmed,Male,20+,8
2004,PA,42027,Confirmed,Male,Suppressed,2
2004,PA,42027,Confirmed,Female,20+,9
2004,PA,42027,Confirmed,Female,Suppressed,4
2004,PA,42029,Confirmed,Male,0-19,124
2004,PA,42029,Confirmed,Male,20+,227
2004,PA,42029,Confirmed,Female,0-19,83
2004,PA,42029,Confirmed,Female,20+,203
2004,PA,42033,Confirmed,Male,0-19,9
2004,PA,42033,Confirmed,Male,20+,13
2004,PA,42033,Confirmed,Female,0-19,7
2004,PA,42033,Confirmed,Female,20+,13
2004,PA,42035,Confirmed,Male,20+,5
2004,PA,42035,Confirmed,Male,Suppressed,1
2004,PA,42035,Confirmed,Female,20+,7
2004,PA,42037,Confirmed,Male,20+,7
2004,PA,42037,Confirmed,Male,Suppressed,2
2004,PA,42037,Confirmed,Female,Suppressed,5
2004,PA,42041,Confirmed,Male,0-19,9
2004,PA,42041,Confirmed,Male,20+,18
2004,PA,42041,Confirmed,Female,20+,20
2004,PA,42041,Confirmed,Female,Suppressed,3
2004,PA,42043,Confirmed,Male,0-19,13
2004,PA,42043,Confirmed,Male,20+,22
2004,PA,42043,Confirmed,Female,0-19,6
2004,PA,42043,Confirmed,Female,20+,9
2004,PA,42045,Confirmed,Male,0-19,40
2004,PA,42045,Confirmed,Male,20+,80
2004,PA,42045,Confirmed,Female,0-19,19
2004,PA,42045,Confirmed,Female,20+,97
2004,PA,42047,Confirmed,Male,20+,12
2004,PA,42047,Confirmed,Male,Suppressed,4
2004,PA,42047,Confirmed,Suppressed,Suppressed,7
2004,PA,42049,Confirmed,Suppressed,Suppressed,5
2004,PA,42051,Confirmed,Suppressed,Suppressed,6
2004,PA,42055,Confirmed,Male,20+,5
2004,PA,42055,Confirmed,Male,Suppressed,2
2004,PA,42055,Confirmed,Female,20+,6
2004,PA,42055,Confirmed,Female,Suppressed,3
2004,PA,42065,Confirmed,Suppressed,Suppressed,5
2004,PA,42069,Confirmed,Female,20+,7
2004,PA,42069,Confirmed,Suppressed,20+,1
2004,PA,42071,Confirmed,Male,0-19,23
2004,PA,42071,Confirmed,Male,20+,51
2004,PA,42071,Confirmed,Female,0-19,18
2004,PA,42071,Confirmed,Female,20+,48
2004,PA,42075,Confirmed,Male,0-19,12
2004,PA,42075,Confirmed,Male,20+,32
2004,PA,42075,Confirmed,Female,0-19,8
2004,PA,42075,Confirmed,Female,20+,28
2004,PA,42077,Confirmed,Male,0-19,38
2004,PA,42077,Confirmed,Male,20+,67
2004,PA,42077,Confirmed,Female,0-19,29
2004,PA,42077,Confirmed,Female,20+,67
2004,PA,42079,Confirmed,Male,20+,9
2004,PA,42079,Confirmed,Male,Suppressed,4
2004,PA,42079,Confirmed,Female,20+,12
2004,PA,42079,Confirmed,Female,Suppressed,1
2004,PA,42081,Confirmed,Female,20+,12
2004,PA,42081,Confirmed,Female,Suppressed,3
2004,PA,42081,Confirmed,Suppressed,20+,2
2004,PA,42083,Confirmed,Suppressed,Suppressed,5
2004,PA,42089,Confirmed,Male,0-19,9
2004,PA,42089,Confirmed,Male,20+,19
2004,PA,42089,Confirmed,Female,0-19,9
2004,PA,42089,Confirmed,Female,20+,24
2004,PA,42091,Confirmed,Male,0-19,99
2004,PA,42091,Confirmed,Male,20+,162
2004,PA,42091,Confirmed,Male,Suppressed,1
2004,PA,42091,Confirmed,Female,0-19,51
2004,PA,42091,Confirmed,Female,20+,201
2004,PA,42095,Confirmed,Male,0-19,32
2004,PA,42095,Confirmed,Male,20+,70
2004,PA,42095,Confirmed,Female,0-19,28
2004,PA,42095,Confirmed,Female,20+,67
2004,PA,42097,Confirmed,Female,20+,6
2004,PA,42097,Confirmed,Female,Suppressed,2
2004,PA,42097,Confirmed,Suppressed,20+,3
2004,PA,42099,Confirmed,Male,0-19,5
2004,PA,42099,Confirmed,Male,Suppressed,4
2004,PA,42099,Confirmed,Female,Suppressed,5
2004,PA,42101,Confirmed,Male,0-19,31
2004,PA,42101,Confirmed,Male,20+,73
2004,PA,42101,Confirmed,Female,0-19,17
2004,PA,42101,Confirmed,Female,20+,61
2004,PA,42103,Confirmed,Male,0-19,11
2004,PA,42103,Confirmed,Male,20+,19
2004,PA,42103,Confirmed,Female,0-19,6
2004,PA,42103,Confirmed,Female,20+,10
2004,PA,42105,Confirmed,Female,20+,6
2004,PA,42105,Confirmed,Suppressed,20+,3
2004,PA,42105,Confirmed,Suppressed,Suppressed,1
2004,PA,42107,Confirmed,Suppressed,Suppressed,7
2004,PA,42109,Confirmed,Male,Suppressed,6
2004,PA,42127,Confirmed,Female,Suppressed,5
2004,PA,42127,Confirmed,Suppressed,Suppressed,5
2004,PA,42129,Confirmed,Male,20+,6
2004,PA,42129,Confirmed,Male,Suppressed,1
2004,PA,42129,Confirmed,Female,20+,6
2004,PA,42129,Confirmed,Female,Suppressed,1
2004,PA,42133,Confirmed,Male,0-19,62
2004,PA,42133,Confirmed,Male,20+,116
2004,PA,42133,Confirmed,Female,0-19,41
2004,PA,42133,Confirmed,Female,20+,102
2004,PA,Suppressed,Confirmed,Male,20+,4
2004,PA,Suppressed,Confirmed,Female,0-19,3
2004,PA,Suppressed,Confirmed,Suppressed,Suppressed,44
2004,RI,44003,Confirmed,Male,0-19,7
2004,RI,44003,Confirmed,Male,20+,13
2004,RI,44003,Confirmed,Female,0-19,8
2004,RI,44003,Confirmed,Female,20+,10
2004,RI,44005,Confirmed,Male,20+,5
2004,RI,44005,Confirmed,Male,Suppressed,2
2004,RI,44005,Confirmed,Suppressed,20+,1
2004,RI,44005,Confirmed,Suppressed,Suppressed,1
2004,RI,44007,Confirmed,Male,20+,19
2004,RI,44007,Confirmed,Male,Suppressed,4
2004,RI,44007,Confirmed,Female,0-19,9
2004,RI,44007,Confirmed,Female,20+,15
2004,RI,44009,Confirmed,Male,0-19,37
2004,RI,44009,Confirmed,Male,20+,44
2004,RI,44009,Confirmed,Male,Suppressed,1
2004,RI,44009,Confirmed,Female,0-19,17
2004,RI,44009,Confirmed,Female,20+,33
2004,RI,44009,Confirmed,Female,Suppressed,1
2004,RI,Unknown,Confirmed,Male,20+,9
2004,RI,Unknown,Confirmed,Male,Suppressed,4
2004,RI,Unknown,Confirmed,Suppressed,20+,3
2004,RI,Unknown,Confirmed,Suppressed,Suppressed,3
2004,RI,Suppressed,Confirmed,Female,Suppressed,2
2004,RI,Suppressed,Confirmed,Suppressed,0-19,1
2004,SC,Suppressed,Confirmed,Female,20+,6
2004,SC,Suppressed,Confirmed,Suppressed,20+,6
2004,SC,Suppressed,Confirmed,Suppressed,Suppressed,10
2004,Suppressed,Suppressed,Confirmed,Male,Suppressed,5
2004,Suppressed,Suppressed,Confirmed,Suppressed,20+,30
2004,Suppressed,Suppressed,Confirmed,Suppressed,Suppressed,17
2004,TN,Suppressed,Confirmed,Female,20+,9
2004,TN,Suppressed,Confirmed,Suppressed,Suppressed,11
2004,TX,48453,Confirmed,Male,20+,13
2004,TX,48453,Confirmed,Male,Suppressed,1
2004,TX,48453,Confirmed,Female,20+,12
2004,TX,48453,Confirmed,Female,Suppressed,1
2004,TX,Unknown,Confirmed,Male,Suppressed,5
2004,TX,Suppressed,Confirmed,Male,Suppressed,3
2004,TX,Suppressed,Confirmed,Female,20+,21
2004,TX,Suppressed,Confirmed,Suppressed,20+,10
2004,TX,Suppressed,Confirmed,Suppressed,Suppressed,32
2004,VA,51001,Confirmed,Male,20+,13
2004,VA,51001,Confirmed,Male,Suppressed,4
2004,VA,51001,Confirmed,Female,20+,13
2004,VA,51001,Confirmed,Female,Suppressed,1
2004,VA,51003,Confirmed,Suppressed,Suppressed,8
2004,VA,51013,Confirmed,Suppressed,Suppressed,7
2004,VA,51107,Confirmed,Male,0-19,19
2004,VA,51107,Confirmed,Male,20+,23
2004,VA,51107,Confirmed,Female,0-19,10
2004,VA,51107,Confirmed,Female,20+,20
2004,VA,51131,Confirmed,Female,Suppressed,5
2004,VA,51153,Confirmed,Male,0-19,7
2004,VA,51153,Confirmed,Male,20+,8
2004,VA,51153,Confirmed,Male,Suppressed,1
2004,VA,51153,Confirmed,Female,20+,8
2004,VA,51153,Confirmed,Female,Suppressed,1
2004,VA,51153,Confirmed,Suppressed,20+,1
2004,VA,51830,Confirmed,Female,20+,5
2004,VA,51830,Confirmed,Suppressed,20+,2
2004,VA,Suppressed,Confirmed,Male,20+,13
2004,VA,Suppressed,Confirmed,Female,0-19,3
2004,VA,Suppressed,Confirmed,Suppressed,Suppressed,44
2004,VT,50003,Confirmed,Male,20+,5
2004,VT,50003,Confirmed,Male,Suppressed,4
2004,VT,50003,Confirmed,Female,Suppressed,6
2004,VT,50007,Confirmed,Male,20+,6
2004,VT,50007,Confirmed,Male,Suppressed,1
2004,VT,50007,Confirmed,Suppressed,20+,1
2004,VT,50027,Confirmed,Male,20+,5
2004,VT,Suppressed,Confirmed,Male,20+,3
2004,VT,Suppressed,Confirmed,Suppressed,20+,10
2004,VT,Suppressed,Confirmed,Suppressed,Suppressed,9
2004,WA,Suppressed,Confirmed,Female,Suppressed,7
2004,WA,Suppressed,Confirmed,Suppressed,20+,5
2004,WI,55003,Confirmed,Suppressed,Suppressed,7
2004,WI,55005,Confirmed,Male,0-19,12
2004,WI,55005,Confirmed,Male,20+,18
2004,WI,55005,Confirmed,Female,0-19,10
2004,WI,55005,Confirmed,Female,20+,14
2004,WI,55011,Confirmed,Female,Suppressed,6
2004,WI,55013,Confirmed,Female,20+,11
2004,WI,55013,Confirmed,Female,Suppressed,2
2004,WI,55013,Confirmed,Suppressed,Suppressed,4
2004,WI,55017,Confirmed,Male,0-19,11
2004,WI,55017,Confirmed,Male,20+,13
2004,WI,55017,Confirmed,Female,0-19,6
2004,WI,55017,Confirmed,Female,20+,15
2004,WI,55019,Confirmed,Male,20+,15
2004,WI,55019,Confirmed,Male,Suppressed,4
2004,WI,55019,Confirmed,Female,20+,5
2004,WI,55019,Confirmed,Female,Suppressed,2
2004,WI,55021,Confirmed,Male,20+,11
2004,WI,55021,Confirmed,Male,Suppressed,3
2004,WI,55021,Confirmed,Suppressed,20+,4
2004,WI,55021,Confirmed,Suppressed,Suppressed,2
2004,WI,55023,Confirmed,Male,20+,7
2004,WI,55023,Confirmed,Male,Suppressed,4
2004,WI,55023,Confirmed,Female,Suppressed,5
2004,WI,55025,Confirmed,Male,0-19,8
2004,WI,55025,Confirmed,Male,20+,16
2004,WI,55025,Confirmed,Female,20+,14
2004,WI,55025,Confirmed,Female,Suppressed,3
2004,WI,55031,Confirmed,Male,0-19,6
2004,WI,55031,Confirmed,Male,Suppressed,4
2004,WI,55031,Confirmed,Female,0-19,6
2004,WI,55031,Confirmed,Female,20+,6
2004,WI,55033,Confirmed,Male,20+,5
2004,WI,55033,Confirmed,Male,Suppressed,1
2004,WI,55033,Confirmed,Suppressed,20+,2
2004,WI,55035,Confirmed,Male,0-19,17
2004,WI,55035,Confirmed,Male,20+,20
2004,WI,55035,Confirmed,Female,0-19,13
2004,WI,55035,Confirmed,Female,20+,18
2004,WI,55043,Confirmed,Male,20+,7
2004,WI,55043,Confirmed,Male,Suppressed,2
2004,WI,55043,Confirmed,Female,20+,5
2004,WI,55049,Confirmed,Male,Suppressed,7
2004,WI,55053,Confirmed,Female,20+,5
2004,WI,55053,Confirmed,Female,Suppressed,2
2004,WI,55053,Confirmed,Suppressed,Suppressed,4
2004,WI,55057,Confirmed,Male,Suppressed,5
2004,WI,55063,Confirmed,Male,0-19,6
2004,WI,55063,Confirmed,Male,20+,25
2004,WI,55063,Confirmed,Female,0-19,9
2004,WI,55063,Confirmed,Female,20+,27
2004,WI,55069,Confirmed,Male,0-19,6
2004,WI,55069,Confirmed,Male,20+,21
2004,WI,55069,Confirmed,Female,20+,12
2004,WI,55069,Confirmed,Female,Suppressed,4
2004,WI,55073,Confirmed,Male,0-19,10
2004,WI,55073,Confirmed,Male,20+,13
2004,WI,55073,Confirmed,Female,0-19,6
2004,WI,55073,Confirmed,Female,20+,11
2004,WI,55077,Confirmed,Suppressed,Suppressed,5
2004,WI,55081,Confirmed,Male,0-19,8
2004,WI,55081,Confirmed,Male,20+,15
2004,WI,55081,Confirmed,Female,20+,16
2004,WI,55081,Confirmed,Female,Suppressed,2
2004,WI,55085,Confirmed,Male,0-19,8
2004,WI,55085,Confirmed,Male,20+,19
2004,WI,55085,Confirmed,Female,20+,22
2004,WI,55085,Confirmed,Female,Suppressed,3
2004,WI,55087,Confirmed,Female,Suppressed,5
2004,WI,55093,Confirmed,Female,20+,5
2004,WI,55095,Confirmed,Male,0-19,8
2004,WI,55095,Confirmed,Male,20+,11
2004,WI,55095,Confirmed,Female,20+,5
2004,WI,55095,Confirmed,Female,Suppressed,2
2004,WI,55097,Confirmed,Male,0-19,9
2004,WI,55097,Confirmed,Male,20+,24
2004,WI,55097,Confirmed,Female,0-19,5
2004,WI,55097,Confirmed,Female,20+,16
2004,WI,55099,Confirmed,Male,20+,6
2004,WI,55099,Confirmed,Male,Suppressed,3
2004,WI,55099,Confirmed,Female,0-19,6
2004,WI,55099,Confirmed,Female,20+,7
2004,WI,55103,Confirmed,Male,0-19,5
2004,WI,55103,Confirmed,Male,20+,11
2004,WI,55103,Confirmed,Suppressed,20+,3
2004,WI,55103,Confirmed,Suppressed,Suppressed,3
2004,WI,55105,Confirmed,Male,Suppressed,5
2004,WI,55107,Confirmed,Male,Suppressed,6
2004,WI,55107,Confirmed,Suppressed,Suppressed,6
2004,WI,55109,Confirmed,Male,0-19,7
2004,WI,55109,Confirmed,Male,20+,9
2004,WI,55109,Confirmed,Female,0-19,5
2004,WI,55109,Confirmed,Female,20+,6
2004,WI,55111,Confirmed,Male,20+,6
2004,WI,55111,Confirmed,Male,Suppressed,4
2004,WI,55111,Confirmed,Female,20+,7
2004,WI,55111,Confirmed,Female,Suppressed,3
2004,WI,55113,Confirmed,Male,20+,19
2004,WI,55113,Confirmed,Male,Suppressed,4
2004,WI,55113,Confirmed,Female,0-19,5
2004,WI,55113,Confirmed,Female,20+,11
2004,WI,55115,Confirmed,Suppressed,Suppressed,5
2004,WI,55121,Confirmed,Male,0-19,14
2004,WI,55121,Confirmed,Male,20+,17
2004,WI,55121,Confirmed,Female,0-19,8
2004,WI,55121,Confirmed,Female,20+,10
2004,WI,55121,Confirmed,Suppressed,20+,1
2004,WI,55123,Confirmed,Male,0-19,5
2004,WI,55123,Confirmed,Male,20+,21
2004,WI,55123,Confirmed,Female,20+,14
2004,WI,55123,Confirmed,Female,Suppressed,2
2004,WI,55123,Confirmed,Suppressed,0-19,1
2004,WI,55125,Confirmed,Male,20+,5
2004,WI,55125,Confirmed,Male,Suppressed,2
2004,WI,55125,Confirmed,Female,20+,5
2004,WI,55125,Confirmed,Female,Suppressed,1
2004,WI,55129,Confirmed,Male,0-19,12
2004,WI,55129,Confirmed,Male,20+,9
2004,WI,55129,Confirmed,Female,20+,11
2004,WI,55129,Confirmed,Female,Suppressed,2
2004,WI,55133,Confirmed,Suppressed,Suppressed,6
2004,WI,55135,Confirmed,Male,0-19,6
2004,WI,55135,Confirmed,Male,20+,10
2004,WI,55135,Confirmed,Female,20+,13
2004,WI,55135,Confirmed,Female,Suppressed,3
2004,WI,55139,Confirmed,Suppressed,Suppressed,7
2004,WI,55141,Confirmed,Male,0-19,7
2004,WI,55141,Confirmed,Male,20+,23
2004,WI,55141,Confirmed,Female,20+,11
2004,WI,55141,Confirmed,Female,Suppressed,2
2004,WI,Suppressed,Confirmed,Male,0-19,5
2004,WI,Suppressed,Confirmed,Female,20+,5
2004,WI,Suppressed,Confirmed,Suppressed,Suppressed,49
2004,WV,54003,Confirmed,Male,20+,7
2004,WV,54003,Confirmed,Male,Suppressed,3
2004,WV,54003,Confirmed,Female,20+,5
2004,WV,54003,Confirmed,Female,Suppressed,3
2004,WV,54037,Confirmed,Male,20+,5
2004,WV,54037,Confirmed,Male,Suppressed,1
2004,WV,54037,Confirmed,Suppressed,20+,4
2004,WV,54037,Confirmed,Suppressed,Suppressed,1
2004,WV,Suppressed,Confirmed,Male,20+,6
2004,WV,Suppressed,Confirmed,Suppressed,20+,3
2005,AZ,04013,Confirmed,Male,Suppressed,5
2005,AZ,Suppressed,Confirmed,Suppressed,20+,5
2005,CA,06001,Confirmed,Suppressed,Suppressed,5
2005,CA,06023,Confirmed,Male,20+,5
2005,CA,06023,Confirmed,Suppressed,20+,4
2005,CA,06023,Confirmed,Suppressed,Suppressed,2
2005,CA,06037,Confirmed,Male,20+,5
2005,CA,06037,Confirmed,Suppressed,Suppressed,3
2005,CA,06073,Confirmed,Suppressed,Suppressed,8
2005,CA,06075,Confirmed,Female,20+,5
2005,CA,06075,Confirmed,Suppressed,Suppressed,3
2005,CA,06097,Confirmed,Suppressed,Suppressed,9
2005,CA,Suppressed,Confirmed,Male,0-19,6
2005,CA,Suppressed,Confirmed,Female,20+,9
2005,CA,Suppressed,Confirmed,Suppressed,Suppressed,31
2005,CT,09001,Confirmed,Male,0-19,129
2005,CT,09001,Confirmed,Male,20+,137
2005,CT,09001,Confirmed,Male,Suppressed,1
2005,CT,09001,Confirmed,Female,0-19,78
2005,CT,09001,Confirmed,Female,20+,77
2005,CT,09001,Confirmed,Suppressed,0-19,3
2005,CT,09001,Confirmed,Suppressed,Suppressed,1
2005,CT,09003,Confirmed,Male,0-19,28
2005,CT,09003,Confirmed,Male,20+,24
2005,CT,09003,Confirmed,Female,0-19,26
2005,CT,09003,Confirmed,Female,20+,18
2005,CT,09005,Confirmed,Male,0-19,45
2005,CT,09005,Confirmed,Male,20+,119
2005,CT,09005,Confirmed,Male,Suppressed,1
2005,CT,09005,Confirmed,Female,0-19,24
2005,CT,09005,Confirmed,Female,20+,105
2005,CT,09005,Confirmed,Female,Suppressed,2
2005,CT,09005,Confirmed,Suppressed,20+,3
2005,CT,09007,Confirmed,Male,0-19,35
2005,CT,09007,Confirmed,Male,20+,30
2005,CT,09007,Confirmed,Male,Suppressed,2
2005,CT,09007,Confirmed,Female,0-19,16
2005,CT,09007,Confirmed,Female,20+,34
2005,CT,09007,Confirmed,Female,Suppressed,1
2005,CT,09009,Confirmed,Male,0-19,59
2005,CT,09009,Confirmed,Male,20+,41
2005,CT,09009,Confirmed,Female,0-19,38
2005,CT,09009,Confirmed,Female,20+,36
2005,CT,09009,Confirmed,Female,Suppressed,1
2005,CT,09011,Confirmed,Male,0-19,69
2005,CT,09011,Confirmed,Male,20+,90
2005,CT,09011,Confirmed,Male,Suppressed,2
2005,CT,09011,Confirmed,Female,0-19,55
2005,CT,09011,Confirmed,Female,20+,91
2005,CT,09011,Confirmed,Female,Suppressed,3
2005,CT,09011,Confirmed,Suppressed,20+,1
2005,CT,09011,Confirmed,Suppressed,Suppressed,1
2005,CT,09013,Confirmed,Male,0-19,32
2005,CT,09013,Confirmed,Male,20+,35
2005,CT,09013,Confirmed,Male,Suppressed,2
2005,CT,09013,Confirmed,Female,0-19,17
2005,CT,09013,Confirmed,Female,20+,51
2005,CT,09013,Confirmed,Suppressed,0-19,1
2005,CT,09015,Confirmed,Male,0-19,33
2005,CT,09015,Confirmed,Male,20+,60
2005,CT,09015,Confirmed,Female,0-19,32
2005,CT,09015,Confirmed,Female,20+,61
2005,CT,09015,Confirmed,Suppressed,20+,2
2005,CT,09015,Confirmed,Suppressed,Suppressed,1
2005,CT,Unknown,Confirmed,Male,0-19,19
2005,CT,Unknown,Confirmed,Male,20+,14
2005,CT,Unknown,Confirmed,Male,Suppressed,3
2005,CT,Unknown,Confirmed,Female,0-19,7
2005,CT,Unknown,Confirmed,Female,20+,12
2005,CT,Unknown,Confirmed,Female,Suppressed,1
2005,CT,Unknown,Confirmed,Suppressed,0-19,1
2005,DC,11001,Confirmed,Female,20+,5
2005,DC,11001,Confirmed,Suppressed,20+,3
2005,DC,11001,Confirmed,Suppressed,Suppressed,2
2005,DE,10001,Confirmed,Male,0-19,5
2005,DE,10001,Confirmed,Male,20+,35
2005,DE,10001,Confirmed,Female,0-19,7
2005,DE,10001,Confirmed,Female,20+,22
2005,DE,10001,Confirmed,Unknown,0-19,29
2005,DE,10001,Confirmed,Unknown,20+,79
2005,DE,10003,Confirmed,Male,0-19,16
2005,DE,10003,Confirmed,Male,20+,27
2005,DE,10003,Confirmed,Male,Suppressed,1
2005,DE,10003,Confirmed,Female,0-19,10
2005,DE,10003,Confirmed,Female,20+,22
2005,DE,10003,Confirmed,Female,Suppressed,1
2005,DE,10003,Confirmed,Unknown,0-19,39
2005,DE,10003,Confirmed,Unknown,20+,196
2005,DE,10005,Confirmed,Male,0-19,8
2005,DE,10005,Confirmed,Male,20+,17
2005,DE,10005,Confirmed,Male,Suppressed,1
2005,DE,10005,Confirmed,Female,0-19,8
2005,DE,10005,Confirmed,Female,20+,25
2005,DE,10005,Confirmed,Female,Suppressed,1
2005,DE,10005,Confirmed,Unknown,0-19,18
2005,DE,10005,Confirmed,Unknown,20+,27
2005,DE,10005,Confirmed,Unknown,Suppressed,2
2005,DE,Unknown,Confirmed,Female,20+,7
2005,DE,Unknown,Confirmed,Female,Suppressed,1
2005,DE,Unknown,Confirmed,Unknown,0-19,6
2005,DE,Unknown,Confirmed,Unknown,20+,26
2005,DE,Unknown,Confirmed,Unknown,Suppressed,4
2005,DE,Unknown,Confirmed,Suppressed,0-19,4
2005,DE,Unknown,Confirmed,Suppressed,Suppressed,2
2005,FL,12099,Confirmed,Suppressed,Suppressed,5
2005,FL,12115,Confirmed,Suppressed,Suppressed,5
2005,FL,Suppressed,Confirmed,Suppressed,20+,9
2005,FL,Suppressed,Confirmed,Suppressed,Suppressed,26
2005,GA,Suppressed,Confirmed,Suppressed,20+,6
2005,IA,19005,Confirmed,Suppressed,Suppressed,8
2005,IA,19043,Confirmed,Male,Suppressed,5
2005,IA,19103,Confirmed,Male,20+,7
2005,IA,19103,Confirmed,Male,Suppressed,2
2005,IA,19103,Confirmed,Suppressed,20+,3
2005,IA,19103,Confirmed,Suppressed,Suppressed,1
2005,IA,19139,Confirmed,Male,Suppressed,6
2005,IA,19153,Confirmed,Male,Suppressed,5
2005,IA,19163,Confirmed,Male,Suppressed,5
2005,IA,Suppressed,Confirmed,Male,0-19,7
2005,IA,Suppressed,Confirmed,Female,20+,10
2005,IA,Suppressed,Confirmed,Suppressed,Suppressed,30
2005,IL,17031,Confirmed,Male,0-19,8
2005,IL,17031,Confirmed,Male,20+,16
2005,IL,17031,Confirmed,Female,20+,13
2005,IL,17031,Confirmed,Female,Suppressed,4
2005,IL,17031,Confirmed,Suppressed,20+,1
2005,IL,17043,Confirmed,Male,20+,6
2005,IL,17043,Confirmed,Male,Suppressed,3
2005,IL,17043,Confirmed,Suppressed,Suppressed,3
2005,IL,17085,Confirmed,Male,20+,5
2005,IL,17085,Confirmed,Male,Suppressed,2
2005,IL,17085,Confirmed,Female,20+,7
2005,IL,17085,Confirmed,Female,Suppressed,1
2005,IL,17089,Confirmed,Suppressed,Suppressed,5
2005,IL,17111,Confirmed,Suppressed,Suppressed,7
2005,IL,17141,Confirmed,Suppressed,Suppressed,6
2005,IL,17201,Confirmed,Suppressed,Suppressed,5
2005,IL,Suppressed,Confirmed,Male,20+,8
2005,IL,Suppressed,Confirmed,Female,Suppressed,4
2005,IL,Suppressed,Confirmed,Suppressed,20+,4
2005,IL,Suppressed,Confirmed,Suppressed,Suppressed,19
2005,IN,18089,Confirmed,Suppressed,Suppressed,5
2005,IN,18127,Confirmed,Suppressed,Suppressed,5
2005,IN,Suppressed,Confirmed,Male,0-19,5
2005,IN,Suppressed,Confirmed,Female,20+,5
2005,IN,Suppressed,Confirmed,Suppressed,Suppressed,13
2005,MA,25001,Confirmed,Male,0-19,19
2005,MA,25001,Confirmed,Male,20+,93
2005,MA,25001,Confirmed,Male,Suppressed,2
2005,MA,25001,Confirmed,Female,0-19,17
2005,MA,25001,Confirmed,Female,20+,91
2005,MA,25001,Confirmed,Female,Suppressed,1
2005,MA,25001,Confirmed,Suppressed,0-19,2
2005,MA,25001,Confirmed,Suppressed,Suppressed,1
2005,MA,25003,Confirmed,Male,0-19,14
2005,MA,25003,Confirmed,Male,20+,22
2005,MA,25003,Confirmed,Female,20+,25
2005,MA,25003,Confirmed,Female,Suppressed,5
2005,MA,25005,Confirmed,Male,0-19,33
2005,MA,25005,Confirmed,Male,20+,62
2005,MA,25005,Confirmed,Female,0-19,15
2005,MA,25005,Confirmed,Female,20+,37
2005,MA,25007,Confirmed,Male,0-19,6
2005,MA,25007,Confirmed,Male,20+,36
2005,MA,25007,Confirmed,Male,Suppressed,2
2005,MA,25007,Confirmed,Female,0-19,8
2005,MA,25007,Confirmed,Female,20+,33
2005,MA,25007,Confirmed,Female,Suppressed,2
2005,MA,25007,Confirmed,Suppressed,20+,2
2005,MA,25007,Confirmed,Suppressed,Suppressed,2
2005,MA,25009,Confirmed,Male,0-19,58
2005,MA,25009,Confirmed,Male,20+,95
2005,MA,25009,Confirmed,Male,Suppressed,1
2005,MA,25009,Confirmed,Female,0-19,22
2005,MA,25009,Confirmed,Female,20+,83
2005,MA,25011,Confirmed,Male,0-19,6
2005,MA,25011,Confirmed,Male,20+,8
2005,MA,25011,Confirmed,Female,20+,7
2005,MA,25011,Confirmed,Female,Suppressed,2
2005,MA,25013,Confirmed,Male,0-19,24
2005,MA,25013,Confirmed,Male,20+,41
2005,MA,25013,Confirmed,Female,0-19,17
2005,MA,25013,Confirmed,Female,20+,32
2005,MA,25013,Confirmed,Female,Suppressed,3
2005,MA,25013,Confirmed,Suppressed,Suppressed,1
2005,MA,25015,Confirmed,Male,0-19,14
2005,MA,25015,Confirmed,Male,20+,23
2005,MA,25015,Confirmed,Female,20+,28
2005,MA,25015,Confirmed,Female,Suppressed,3
2005,MA,25017,Confirmed,Male,0-19,89
2005,MA,25017,Confirmed,Male,20+,155
2005,MA,25017,Confirmed,Male,Suppressed,2
2005,MA,25017,Confirmed,Female,0-19,52
2005,MA,25017,Confirmed,Female,20+,137
2005,MA,25017,Confirmed,Female,Suppressed,2
2005,MA,25017,Confirmed,Suppressed,20+,3
2005,MA,25019,Confirmed,Male,20+,12
2005,MA,25019,Confirmed,Male,Suppressed,1
2005,MA,25019,Confirmed,Female,20+,14
2005,MA,25019,Confirmed,Female,Suppressed,2
2005,MA,25021,Confirmed,Male,0-19,61
2005,MA,25021,Confirmed,Male,20+,71
2005,MA,25021,Confirmed,Male,Suppressed,3
2005,MA,25021,Confirmed,Female,0-19,44
2005,MA,25021,Confirmed,Female,20+,70
2005,MA,25021,Confirmed,Female,Suppressed,2
2005,MA,25023,Confirmed,Male,0-19,79
2005,MA,25023,Confirmed,Male,20+,113
2005,MA,25023,Confirmed,Male,Unknown,5
2005,MA,25023,Confirmed,Female,0-19,46
2005,MA,25023,Confirmed,Female,20+,78
2005,MA,25023,Confirmed,Suppressed,20+,2
2005,MA,25025,Confirmed,Male,20+,17
2005,MA,25025,Confirmed,Male,Suppressed,3
2005,MA,25025,Confirmed,Female,20+,19
2005,MA,25025,Confirmed,Female,Suppressed,5
2005,MA,25027,Confirmed,Male,0-19,54
2005,MA,25027,Confirmed,Male,20+,77
2005,MA,25027,Confirmed,Female,0-19,26
2005,MA,25027,Confirmed,Female,20+,74
2005,MA,25027,Confirmed,Female,Suppressed,1
2005,MA,25027,Confirmed,Suppressed,Suppressed,1
2005,MA,Unknown,Confirmed,Male,20+,5
2005,MA,Unknown,Confirmed,Male,Suppressed,5
2005,MA,Unknown,Confirmed,Female,20+,6
2005,MA,Unknown,Confirmed,Female,Suppressed,2
2005,MD,24003,Confirmed,Male,0-19,23
2005,MD,24003,Confirmed,Male,20+,38
2005,MD,24003,Confirmed,Female,0-19,12
2005,MD,24003,Confirmed,Female,20+,43
2005,MD,24003,Confirmed,Suppressed,20+,1
2005,MD,24009,Confirmed,Male,0-19,9
2005,MD,24009,Confirmed,Male,20+,21
2005,MD,24009,Confirmed,Female,0-19,7
2005,MD,24009,Confirmed,Female,20+,16
2005,MD,24009,Confirmed,Suppressed,20+,1
2005,MD,24011,Confirmed,Male,20+,11
2005,MD,24011,Confirmed,Male,Suppressed,1
2005,MD,24011,Confirmed,Female,20+,6
2005,MD,24011,Confirmed,Female,Suppressed,2
2005,MD,24013,Confirmed,Male,0-19,33
2005,MD,24013,Confirmed,Male,20+,49
2005,MD,24013,Confirmed,Female,0-19,16
2005,MD,24013,Confirmed,Female,20+,42
2005,MD,24015,Confirmed,Male,0-19,7
2005,MD,24015,Confirmed,Male,20+,28
2005,MD,24015,Confirmed,Female,0-19,5
2005,MD,24015,Confirmed,Female,20+,29
2005,MD,24017,Confirmed,Male,20+,7
2005,MD,24017,Confirmed,Male,Suppressed,1
2005,MD,24017,Confirmed,Female,20+,9
2005,MD,24017,Confirmed,Female,Suppressed,3
2005,MD,24019,Confirmed,Suppressed,Suppressed,5
2005,MD,24021,Confirmed,Male,0-19,18
2005,MD,24021,Confirmed,Male,20+,35
2005,MD,24021,Confirmed,Female,0-19,19
2005,MD,24021,Confirmed,Female,20+,39
2005,MD,24025,Confirmed,Male,0-19,18
2005,MD,24025,Confirmed,Male,20+,31
2005,MD,24025,Confirmed,Female,0-19,12
2005,MD,24025,Confirmed,Female,20+,28
2005,MD,24027,Confirmed,Male,0-19,27
2005,MD,24027,Confirmed,Male,20+,64
2005,MD,24027,Confirmed,Female,0-19,11
2005,MD,24027,Confirmed,Female,20+,48
2005,MD,24031,Confirmed,Male,0-19,42
2005,MD,24031,Confirmed,Male,20+,62
2005,MD,24031,Confirmed,Female,0-19,30
2005,MD,24031,Confirmed,Female,20+,81
2005,MD,24031,Confirmed,Female,Suppressed,1
2005,MD,24033,Confirmed,Male,0-19,10
2005,MD,24033,Confirmed,Male,20+,23
2005,MD,24033,Confirmed,Female,0-19,9
2005,MD,24033,Confirmed,Female,20+,24
2005,MD,24035,Confirmed,Male,0-19,7
2005,MD,24035,Confirmed,Male,20+,22
2005,MD,24035,Confirmed,Female,0-19,5
2005,MD,24035,Confirmed,Female,20+,20
2005,MD,24037,Confirmed,Suppressed,20+,6
2005,MD,24039,Confirmed,Suppressed,20+,5
2005,MD,24041,Confirmed,Male,20+,7
2005,MD,24041,Confirmed,Female,20+,7
2005,MD,24041,Confirmed,Female,Suppressed,1
2005,MD,24043,Confirmed,Male,0-19,6
2005,MD,24043,Confirmed,Male,20+,19
2005,MD,24043,Confirmed,Female,20+,25
2005,MD,24043,Confirmed,Female,Suppressed,3
2005,MD,24045,Confirmed,Male,20+,8
2005,MD,24045,Confirmed,Female,20+,7
2005,MD,24045,Confirmed,Female,Suppressed,3
2005,MD,24047,Confirmed,Suppressed,20+,6
2005,MD,Suppressed,Confirmed,Male,20+,5
2005,MD,Suppressed,Confirmed,Male,Suppressed,4
2005,MD,Suppressed,Confirmed,Suppressed,20+,5
2005,MD,Suppressed,Confirmed,Suppressed,Suppressed,7
2005,ME,23001,Confirmed,Suppressed,Suppressed,5
2005,ME,23005,Confirmed,Male,0-19,14
2005,ME,23005,Confirmed,Male,20+,26
2005,ME,23005,Confirmed,Female,0-19,14
2005,ME,23005,Confirmed,Female,20+,16
2005,ME,23009,Confirmed,Suppressed,Suppressed,6
2005,ME,23011,Confirmed,Male,20+,6
2005,ME,23011,Confirmed,Male,Suppressed,3
2005,ME,23011,Confirmed,Suppressed,Suppressed,2
2005,ME,23013,Confirmed,Male,20+,7
2005,ME,23013,Confirmed,Male,Suppressed,3
2005,ME,23013,Confirmed,Female,20+,5
2005,ME,23013,Confirmed,Female,Suppressed,1
2005,ME,23015,Confirmed,Male,20+,8
2005,ME,23015,Confirmed,Male,Suppressed,1
2005,ME,23015,Confirmed,Female,20+,8
2005,ME,23015,Confirmed,Female,Suppressed,2
2005,ME,23019,Confirmed,Suppressed,Suppressed,6
2005,ME,23023,Confirmed,Suppressed,Suppressed,8
2005,ME,23031,Confirmed,Male,0-19,16
2005,ME,23031,Confirmed,Male,20+,35
2005,ME,23031,Confirmed,Female,0-19,7
2005,ME,23031,Confirmed,Female,20+,42
2005,ME,Suppressed,Confirmed,Male,20+,3
2005,ME,Suppressed,Confirmed,Female,0-19,1
2005,ME,Suppressed,Confirmed,Suppressed,Suppressed,2
2005,MI,26081,Confirmed,Suppressed,Suppressed,6
2005,MI,26109,Confirmed,Male,20+,6
2005,MI,26109,Confirmed,Male,Suppressed,1
2005,MI,26109,Confirmed,Suppressed,20+,2
2005,MI,26109,Confirmed,Suppressed,Suppressed,2
2005,MI,26125,Confirmed,Suppressed,Suppressed,5
2005,MI,Suppressed,Confirmed,Male,0-19,13
2005,MI,Suppressed,Confirmed,Female,20+,9
2005,MI,Suppressed,Confirmed,Suppressed,Suppressed,18
2005,MN,27001,Confirmed,Male,20+,5
2005,MN,27001,Confirmed,Male,Suppressed,2
2005,MN,27001,Confirmed,Female,20+,6
2005,MN,27003,Confirmed,Male,0-19,13
2005,MN,27003,Confirmed,Male,20+,22
2005,MN,27003,Confirmed,Female,0-19,10
2005,MN,27003,Confirmed,Female,20+,18
2005,MN,27005,Confirmed,Male,20+,7
2005,MN,27005,Confirmed,Male,Suppressed,3
2005,MN,27005,Confirmed,Suppressed,20+,2
2005,MN,27007,Confirmed,Male,20+,9
2005,MN,27007,Confirmed,Male,Suppressed,4
2005,MN,27007,Confirmed,Female,20+,6
2005,MN,27007,Confirmed,Female,Suppressed,1
2005,MN,27017,Confirmed,Male,Suppressed,6
2005,MN,27019,Confirmed,Suppressed,Suppressed,5
2005,MN,27021,Confirmed,Male,20+,14
2005,MN,27021,Confirmed,Male,Suppressed,1
2005,MN,27021,Confirmed,Female,20+,9
2005,MN,27021,Confirmed,Female,Suppressed,3
2005,MN,27025,Confirmed,Male,Suppressed,6
2005,MN,27025,Confirmed,Female,20+,5
2005,MN,27025,Confirmed,Female,Suppressed,4
2005,MN,27035,Confirmed,Male,0-19,5
2005,MN,27035,Confirmed,Male,20+,31
2005,MN,27035,Confirmed,Female,0-19,10
2005,MN,27035,Confirmed,Female,20+,29
2005,MN,27037,Confirmed,Male,0-19,20
2005,MN,27037,Confirmed,Male,20+,18
2005,MN,27037,Confirmed,Female,0-19,12
2005,MN,27037,Confirmed,Female,20+,7
2005,MN,27049,Confirmed,Male,0-19,5
2005,MN,27049,Confirmed,Male,20+,6
2005,MN,27049,Confirmed,Suppressed,20+,2
2005,MN,27053,Confirmed,Male,0-19,17
2005,MN,27053,Confirmed,Male,20+,55
2005,MN,27053,Confirmed,Male,Suppressed,1
2005,MN,27053,Confirmed,Female,0-19,11
2005,MN,27053,Confirmed,Female,20+,32
2005,MN,27055,Confirmed,Male,20+,6
2005,MN,27055,Confirmed,Male,Suppressed,4
2005,MN,27055,Confirmed,Female,20+,12
2005,MN,27055,Confirmed,Female,Suppressed,4
2005,MN,27057,Confirmed,Male,20+,8
2005,MN,27057,Confirmed,Male,Suppressed,3
2005,MN,27057,Confirmed,Female,20+,7
2005,MN,27059,Confirmed,Male,0-19,5
2005,MN,27059,Confirmed,Male,Suppressed,3
2005,MN,27059,Confirmed,Suppressed,Suppressed,4
2005,MN,27061,Confirmed,Male,0-19,5
2005,MN,27061,Confirmed,Male,20+,12
2005,MN,27061,Confirmed,Suppressed,20+,3
2005,MN,27061,Confirmed,Suppressed,Suppressed,2
2005,MN,27065,Confirmed,Male,Suppressed,5
2005,MN,27095,Confirmed,Male,Suppressed,7
2005,MN,27097,Confirmed,Male,Suppressed,6
2005,MN,27109,Confirmed,Male,Suppressed,6
2005,MN,27111,Confirmed,Suppressed,Suppressed,5
2005,MN,27115,Confirmed,Male,0-19,7
2005,MN,27115,Confirmed,Male,20+,7
2005,MN,27115,Confirmed,Female,20+,6
2005,MN,27115,Confirmed,Female,Suppressed,2
2005,MN,27123,Confirmed,Male,0-19,17
2005,MN,27123,Confirmed,Male,20+,30
2005,MN,27123,Confirmed,Female,0-19,7
2005,MN,27123,Confirmed,Female,20+,14
2005,MN,27137,Confirmed,Male,20+,7
2005,MN,27137,Confirmed,Male,Suppressed,4
2005,MN,27137,Confirmed,Female,0-19,5
2005,MN,27137,Confirmed,Female,20+,7
2005,MN,27139,Confirmed,Male,20+,5
2005,MN,27139,Confirmed,Male,Suppressed,4
2005,MN,27139,Confirmed,Female,20+,5
2005,MN,27139,Confirmed,Female,Suppressed,1
2005,MN,27141,Confirmed,Male,0-19,10
2005,MN,27141,Confirmed,Male,20+,7
2005,MN,27141,Confirmed,Female,0-19,7
2005,MN,27141,Confirmed,Female,20+,5
2005,MN,27145,Confirmed,Male,20+,5
2005,MN,27145,Confirmed,Male,Suppressed,3
2005,MN,27145,Confirmed,Female,20+,7
2005,MN,27145,Confirmed,Female,Suppressed,4
2005,MN,27157,Confirmed,Suppressed,Suppressed,6
2005,MN,27163,Confirmed,Male,0-19,20
2005,MN,27163,Confirmed,Male,20+,30
2005,MN,27163,Confirmed,Female,0-19,7
2005,MN,27163,Confirmed,Female,20+,17
2005,MN,27169,Confirmed,Male,20+,20
2005,MN,27169,Confirmed,Male,Suppressed,4
2005,MN,27169,Confirmed,Female,20+,8
2005,MN,27169,Confirmed,Female,Suppressed,1
2005,MN,27171,Confirmed,Male,0-19,5
2005,MN,27171,Confirmed,Male,Suppressed,4
2005,MN,27171,Confirmed,Suppressed,Suppressed,2
2005,MN,Suppressed,Confirmed,Male,0-19,5
2005,MN,Suppressed,Confirmed,Female,20+,4
2005,MN,Suppressed,Confirmed,Suppressed,Suppressed,79
2005,MO,Suppressed,Confirmed,Suppressed,Suppressed,10
2005,NC,37133,Confirmed,Male,20+,5
2005,NC,37133,Confirmed,Male,Suppressed,2
2005,NC,37183,Confirmed,Male,0-19,7
2005,NC,37183,Confirmed,Male,20+,5
2005,NC,37183,Confirmed,Suppressed,20+,4
2005,NC,37183,Confirmed,Suppressed,Suppressed,2
2005,NC,Suppressed,Confirmed,Male,0-19,3
2005,NC,Suppressed,Confirmed,Female,20+,7
2005,NC,Suppressed,Confirmed,Suppressed,Suppressed,14
2005,NH,33011,Confirmed,Male,0-19,15
2005,NH,33011,Confirmed,Male,20+,27
2005,NH,33011,Confirmed,Female,0-19,14
2005,NH,33011,Confirmed,Female,20+,19
2005,NH,33015,Confirmed,Male,0-19,30
2005,NH,33015,Confirmed,Male,20+,44
2005,NH,33015,Confirmed,Female,0-19,19
2005,NH,33015,Confirmed,Female,20+,36
2005,NH,33017,Confirmed,Male,0-19,6
2005,NH,33017,Confirmed,Male,20+,15
2005,NH,33017,Confirmed,Female,20+,7
2005,NH,33017,Confirmed,Female,Suppressed,3
2005,NH,Suppressed,Confirmed,Male,20+,8
2005,NH,Suppressed,Confirmed,Male,Suppressed,11
2005,NH,Suppressed,Confirmed,Suppressed,20+,7
2005,NH,Suppressed,Confirmed,Suppressed,Suppressed,4
2005,NJ,34001,Confirmed,Male,0-19,20
2005,NJ,34001,Confirmed,Male,20+,47
2005,NJ,34001,Confirmed,Male,Suppressed,1
2005,NJ,34001,Confirmed,Female,0-19,6
2005,NJ,34001,Confirmed,Female,20+,49
2005,NJ,34001,Confirmed,Unknown,0-19,5
2005,NJ,34001,Confirmed,Unknown,20+,9
2005,NJ,34003,Confirmed,Male,0-19,25
2005,NJ,34003,Confirmed,Male,20+,43
2005,NJ,34003,Confirmed,Male,Unknown,20
2005,NJ,34003,Confirmed,Female,0-19,10
2005,NJ,34003,Confirmed,Female,20+,47
2005,NJ,34003,Confirmed,Female,Unknown,15
2005,NJ,34003,Confirmed,Suppressed,Unknown,2
2005,NJ,34003,Confirmed,Suppressed,Suppressed,1
2005,NJ,34005,Confirmed,Male,0-19,28
2005,NJ,34005,Confirmed,Male,20+,46
2005,NJ,34005,Confirmed,Male,Unknown,10
2005,NJ,34005,Confirmed,Female,0-19,23
2005,NJ,34005,Confirmed,Female,20+,38
2005,NJ,34005,Confirmed,Female,Unknown,6
2005,NJ,34005,Confirmed,Suppressed,0-19,4
2005,NJ,34005,Confirmed,Suppressed,Suppressed,3
2005,NJ,34007,Confirmed,Male,0-19,12
2005,NJ,34007,Confirmed,Male,20+,14
2005,NJ,34007,Confirmed,Male,Suppressed,2
2005,NJ,34007,Confirmed,Female,0-19,6
2005,NJ,34007,Confirmed,Female,20+,19
2005,NJ,34007,Confirmed,Female,Suppressed,1
2005,NJ,34009,Confirmed,Male,20+,14
2005,NJ,34009,Confirmed,Male,Suppressed,4
2005,NJ,34009,Confirmed,Female,20+,16
2005,NJ,34009,Confirmed,Female,Suppressed,2
2005,NJ,34009,Confirmed,Suppressed,Suppressed,3
2005,NJ,34011,Confirmed,Male,0-19,11
2005,NJ,34011,Confirmed,Male,20+,29
2005,NJ,34011,Confirmed,Male,Unknown,6
2005,NJ,34011,Confirmed,Female,0-19,6
2005,NJ,34011,Confirmed,Female,20+,31
2005,NJ,34011,Confirmed,Female,Unknown,5
2005,NJ,34011,Confirmed,Suppressed,Unknown,1
2005,NJ,34011,Confirmed,Suppressed,Suppressed,1
2005,NJ,34013,Confirmed,Male,0-19,23
2005,NJ,34013,Confirmed,Male,20+,30
2005,NJ,34013,Confirmed,Male,Suppressed,4
2005,NJ,34013,Confirmed,Female,0-19,15
2005,NJ,34013,Confirmed,Female,20+,28
2005,NJ,34013,Confirmed,Female,Suppressed,4
2005,NJ,34013,Confirmed,Suppressed,20+,3
2005,NJ,34013,Confirmed,Suppressed,Suppressed,4
2005,NJ,34015,Confirmed,Male,0-19,32
2005,NJ,34015,Confirmed,Male,20+,56
2005,NJ,34015,Confirmed,Male,Unknown,24
2005,NJ,34015,Confirmed,Female,0-19,22
2005,NJ,34015,Confirmed,Female,20+,49
2005,NJ,34015,Confirmed,Female,Unknown,15
2005,NJ,34015,Confirmed,Suppressed,Unknown,1
2005,NJ,34015,Confirmed,Suppressed,Suppressed,1
2005,NJ,34017,Confirmed,Male,20+,5
2005,NJ,34017,Confirmed,Male,Suppressed,3
2005,NJ,34017,Confirmed,Suppressed,20+,3
2005,NJ,34017,Confirmed,Suppressed,Suppressed,1
2005,NJ,34019,Confirmed,Male,0-19,64
2005,NJ,34019,Confirmed,Male,20+,126
2005,NJ,34019,Confirmed,Male,Unknown,15
2005,NJ,34019,Confirmed,Female,0-19,38
2005,NJ,34019,Confirmed,Female,20+,112
2005,NJ,34019,Confirmed,Female,Unknown,6
2005,NJ,34019,Confirmed,Suppressed,0-19,3
2005,NJ,34019,Confirmed,Suppressed,Suppressed,2
2005,NJ,34021,Confirmed,Male,0-19,46
2005,NJ,34021,Confirmed,Male,20+,73
2005,NJ,34021,Confirmed,Male,Unknown,10
2005,NJ,34021,Confirmed,Female,0-19,19
2005,NJ,34021,Confirmed,Female,20+,54
2005,NJ,34021,Confirmed,Female,Unknown,8
2005,NJ,34021,Confirmed,Unknown,20+,7
2005,NJ,34021,Confirmed,Unknown,Suppressed,8
2005,NJ,34023,Confirmed,Male,0-19,13
2005,NJ,34023,Confirmed,Male,20+,25
2005,NJ,34023,Confirmed,Male,Suppressed,3
2005,NJ,34023,Confirmed,Female,0-19,9
2005,NJ,34023,Confirmed,Female,20+,23
2005,NJ,34023,Confirmed,Female,Unknown,6
2005,NJ,34023,Confirmed,Suppressed,Unknown,1
2005,NJ,34023,Confirmed,Suppressed,Suppressed,1
2005,NJ,34025,Confirmed,Male,0-19,36
2005,NJ,34025,Confirmed,Male,20+,84
2005,NJ,34025,Confirmed,Male,Unknown,12
2005,NJ,34025,Confirmed,Female,0-19,27
2005,NJ,34025,Confirmed,Female,20+,82
2005,NJ,34025,Confirmed,Female,Unknown,24
2005,NJ,34025,Confirmed,Suppressed,0-19,4
2005,NJ,34025,Confirmed,Suppressed,Suppressed,3
2005,NJ,34027,Confirmed,Male,0-19,74
2005,NJ,34027,Confirmed,Male,20+,175
2005,NJ,34027,Confirmed,Male,Unknown,26
2005,NJ,34027,Confirmed,Female,0-19,47
2005,NJ,34027,Confirmed,Female,20+,148
2005,NJ,34027,Confirmed,Female,Unknown,24
2005,NJ,34027,Confirmed,Unknown,20+,20
2005,NJ,34027,Confirmed,Unknown,Unknown,6
2005,NJ,34027,Confirmed,Unknown,Suppressed,4
2005,NJ,34029,Confirmed,Male,0-19,25
2005,NJ,34029,Confirmed,Male,20+,53
2005,NJ,34029,Confirmed,Male,Unknown,7
2005,NJ,34029,Confirmed,Female,0-19,23
2005,NJ,34029,Confirmed,Female,20+,56
2005,NJ,34029,Confirmed,Female,Unknown,16
2005,NJ,34029,Confirmed,Suppressed,20+,2
2005,NJ,34031,Confirmed,Male,0-19,10
2005,NJ,34031,Confirmed,Male,20+,23
2005,NJ,34031,Confirmed,Male,Suppressed,1
2005,NJ,34031,Confirmed,Female,0-19,7
2005,NJ,34031,Confirmed,Female,20+,16
2005,NJ,34031,Confirmed,Female,Unknown,5
2005,NJ,34031,Confirmed,Suppressed,20+,3
2005,NJ,34031,Confirmed,Suppressed,Suppressed,1
2005,NJ,34033,Confirmed,Male,0-19,9
2005,NJ,34033,Confirmed,Male,20+,8
2005,NJ,34033,Confirmed,Male,Suppressed,3
2005,NJ,34033,Confirmed,Female,20+,7
2005,NJ,34033,Confirmed,Female,Suppressed,6
2005,NJ,34035,Confirmed,Male,0-19,17
2005,NJ,34035,Confirmed,Male,20+,53
2005,NJ,34035,Confirmed,Male,Unknown,21
2005,NJ,34035,Confirmed,Female,0-19,14
2005,NJ,34035,Confirmed,Female,20+,40
2005,NJ,34035,Confirmed,Female,Unknown,13
2005,NJ,34035,Confirmed,Suppressed,Unknown,3
2005,NJ,34035,Confirmed,Suppressed,Suppressed,1
2005,NJ,34037,Confirmed,Male,0-19,46
2005,NJ,34037,Confirmed,Male,20+,83
2005,NJ,34037,Confirmed,Male,Unknown,12
2005,NJ,34037,Confirmed,Female,0-19,29
2005,NJ,34037,Confirmed,Female,20+,63
2005,NJ,34037,Confirmed,Female,Unknown,11
2005,NJ,34037,Confirmed,Suppressed,20+,2
2005,NJ,34039,Confirmed,Male,0-19,5
2005,NJ,34039,Confirmed,Male,20+,5
2005,NJ,34039,Confirmed,Female,0-19,5
2005,NJ,34039,Confirmed,Female,20+,8
2005,NJ,34039,Confirmed,Suppressed,20+,1
2005,NJ,34041,Confirmed,Male,0-19,47
2005,NJ,34041,Confirmed,Male,20+,80
2005,NJ,34041,Confirmed,Male,Suppressed,3
2005,NJ,34041,Confirmed,Female,0-19,19
2005,NJ,34041,Confirmed,Female,20+,57
2005,NJ,34041,Confirmed,Female,Unknown,5
2005,NJ,34041,Confirmed,Suppressed,20+,4
2005,NJ,34041,Confirmed,Suppressed,Suppressed,2
2005,NJ,Suppressed,Confirmed,Male,20+,1
2005,NY,36001,Confirmed,Male,0-19,40
2005,NY,36001,Confirmed,Male,20+,127
2005,NY,36001,Confirmed,Male,Suppressed,1
2005,NY,36001,Confirmed,Female,0-19,31
2005,NY,36001,Confirmed,Female,20+,108
2005,NY,36005,Confirmed,Male,20+,11
2005,NY,36005,Confirmed,Male,Suppressed,1
2005,NY,36005,Confirmed,Female,20+,13
2005,NY,36005,Confirmed,Female,Suppressed,1
2005,NY,36005,Confirmed,Suppressed,Suppressed,1
2005,NY,36007,Confirmed,Male,20+,5
2005,NY,36007,Confirmed,Male,Suppressed,3
2005,NY,36007,Confirmed,Suppressed,Suppressed,3
2005,NY,36019,Confirmed,Suppressed,Suppressed,5
2005,NY,36021,Confirmed,Male,0-19,34
2005,NY,36021,Confirmed,Male,20+,158
2005,NY,36021,Confirmed,Male,Suppressed,3
2005,NY,36021,Confirmed,Female,0-19,35
2005,NY,36021,Confirmed,Female,20+,129
2005,NY,36021,Confirmed,Female,Suppressed,3
2005,NY,36025,Confirmed,Suppressed,Suppressed,6
2005,NY,36027,Confirmed,Male,0-19,223
2005,NY,36027,Confirmed,Male,20+,536
2005,NY,36027,Confirmed,Female,0-19,172
2005,NY,36027,Confirmed,Female,20+,467
2005,NY,36029,Confirmed,Male,20+,5
2005,NY,36029,Confirmed,Male,Suppressed,1
2005,NY,36029,Confirmed,Suppressed,Suppressed,4
2005,NY,36039,Confirmed,Male,0-19,24
2005,NY,36039,Confirmed,Male,20+,46
2005,NY,36039,Confirmed,Female,0-19,12
2005,NY,36039,Confirmed,Female,20+,39
2005,NY,36047,Confirmed,Male,0-19,8
2005,NY,36047,Confirmed,Male,20+,32
2005,NY,36047,Confirmed,Male,Suppressed,1
2005,NY,36047,Confirmed,Female,0-19,10
2005,NY,36047,Confirmed,Female,20+,18
2005,NY,36047,Confirmed,Suppressed,20+,1
2005,NY,36047,Confirmed,Suppressed,Suppressed,1
2005,NY,36055,Confirmed,Male,0-19,5
2005,NY,36055,Confirmed,Male,Suppressed,1
2005,NY,36055,Confirmed,Suppressed,0-19,3
2005,NY,36055,Confirmed,Suppressed,Suppressed,1
2005,NY,36059,Confirmed,Male,0-19,26
2005,NY,36059,Confirmed,Male,20+,46
2005,NY,36059,Confirmed,Male,Suppressed,2
2005,NY,36059,Confirmed,Female,0-19,19
2005,NY,36059,Confirmed,Female,20+,29
2005,NY,36061,Confirmed,Male,0-19,14
2005,NY,36061,Confirmed,Male,20+,112
2005,NY,36061,Confirmed,Female,0-19,6
2005,NY,36061,Confirmed,Female,20+,89
2005,NY,36061,Confirmed,Female,Suppressed,1
2005,NY,36061,Confirmed,Suppressed,20+,3
2005,NY,36065,Confirmed,Suppressed,Suppressed,5
2005,NY,36067,Confirmed,Suppressed,Suppressed,10
2005,NY,36071,Confirmed,Male,0-19,108
2005,NY,36071,Confirmed,Male,20+,190
2005,NY,36071,Confirmed,Male,Suppressed,1
2005,NY,36071,Confirmed,Female,0-19,66
2005,NY,36071,Confirmed,Female,20+,171
2005,NY,36079,Confirmed,Male,0-19,49
2005,NY,36079,Confirmed,Male,20+,61
2005,NY,36079,Confirmed,Male,Suppressed,2
2005,NY,36079,Confirmed,Female,0-19,28
2005,NY,36079,Confirmed,Female,20+,51
2005,NY,36081,Confirmed,Male,20+,19
2005,NY,36081,Confirmed,Male,Suppressed,3
2005,NY,36081,Confirmed,Female,20+,20
2005,NY,36081,Confirmed,Female,Suppressed,4
2005,NY,36083,Confirmed,Male,0-19,37
2005,NY,36083,Confirmed,Male,20+,71
2005,NY,36083,Confirmed,Female,0-19,22
2005,NY,36083,Confirmed,Female,20+,78
2005,NY,36085,Confirmed,Male,0-19,5
2005,NY,36085,Confirmed,Male,20+,6
2005,NY,36085,Confirmed,Female,0-19,8
2005,NY,36085,Confirmed,Female,20+,11
2005,NY,36085,Confirmed,Suppressed,20+,1
2005,NY,36087,Confirmed,Male,0-19,45
2005,NY,36087,Confirmed,Male,20+,88
2005,NY,36087,Confirmed,Male,Suppressed,2
2005,NY,36087,Confirmed,Female,0-19,43
2005,NY,36087,Confirmed,Female,20+,74
2005,NY,36087,Confirmed,Female,Suppressed,2
2005,NY,36091,Confirmed,Male,0-19,15
2005,NY,36091,Confirmed,Male,20+,26
2005,NY,36091,Confirmed,Female,20+,24
2005,NY,36091,Confirmed,Female,Suppressed,3
2005,NY,36091,Confirmed,Suppressed,20+,1
2005,NY,36093,Confirmed,Male,20+,12
2005,NY,36093,Confirmed,Male,Suppressed,3
2005,NY,36093,Confirmed,Female,20+,7
2005,NY,36093,Confirmed,Female,Suppressed,4
2005,NY,36103,Confirmed,Male,0-19,84
2005,NY,36103,Confirmed,Male,20+,204
2005,NY,36103,Confirmed,Male,Suppressed,3
2005,NY,36103,Confirmed,Female,0-19,55
2005,NY,36103,Confirmed,Female,20+,194
2005,NY,36103,Confirmed,Female,Suppressed,2
2005,NY,36105,Confirmed,Male,0-19,7
2005,NY,36105,Confirmed,Male,20+,15
2005,NY,36105,Confirmed,Male,Suppressed,1
2005,NY,36105,Confirmed,Female,20+,12
2005,NY,36105,Confirmed,Female,Suppressed,1
2005,NY,36111,Confirmed,Male,0-19,76
2005,NY,36111,Confirmed,Male,20+,157
2005,NY,36111,Confirmed,Female,0-19,42
2005,NY,36111,Confirmed,Female,20+,124
2005,NY,36111,Confirmed,Female,Suppressed,1
2005,NY,36113,Confirmed,Male,20+,8
2005,NY,36113,Confirmed,Suppressed,Suppressed,4
2005,NY,36115,Confirmed,Male,20+,9
2005,NY,36115,Confirmed,Male,Suppressed,3
2005,NY,36115,Confirmed,Female,20+,8
2005,NY,36115,Confirmed,Female,Suppressed,2
2005,NY,36119,Confirmed,Male,0-19,71
2005,NY,36119,Confirmed,Male,20+,180
2005,NY,36119,Confirmed,Male,Suppressed,3
2005,NY,36119,Confirmed,Female,0-19,39
2005,NY,36119,Confirmed,Female,20+,164
2005,NY,36119,Confirmed,Female,Suppressed,1
2005,NY,Suppressed,Confirmed,Male,20+,11
2005,NY,Suppressed,Confirmed,Female,0-19,3
2005,NY,Suppressed,Confirmed,Suppressed,Suppressed,30
2005,OH,39049,Confirmed,Suppressed,Suppressed,5
2005,OH,39061,Confirmed,Suppressed,Suppressed,7
2005,OH,39153,Confirmed,Suppressed,Suppressed,5
2005,OH,Suppressed,Confirmed,Male,0-19,6
2005,OH,Suppressed,Confirmed,Female,20+,17
2005,OH,Suppressed,Confirmed,Suppressed,Suppressed,18
2005,PA,42001,Confirmed,Male,0-19,8
2005,PA,42001,Confirmed,Male,20+,15
2005,PA,42001,Confirmed,Female,0-19,6
2005,PA,42001,Confirmed,Female,20+,22
2005,PA,42003,Confirmed,Male,20+,11
2005,PA,42003,Confirmed,Female,20+,14
2005,PA,42003,Confirmed,Female,Suppressed,2
2005,PA,42005,Confirmed,Suppressed,Suppressed,6
2005,PA,42011,Confirmed,Male,0-19,53
2005,PA,42011,Confirmed,Male,20+,145
2005,PA,42011,Confirmed,Female,0-19,40
2005,PA,42011,Confirmed,Female,20+,146
2005,PA,42015,Confirmed,Suppressed,Suppressed,6
2005,PA,42017,Confirmed,Male,0-19,88
2005,PA,42017,Confirmed,Male,20+,212
2005,PA,42017,Confirmed,Female,0-19,33
2005,PA,42017,Confirmed,Female,20+,166
2005,PA,42017,Confirmed,Suppressed,20+,1
2005,PA,42019,Confirmed,Male,0-19,15
2005,PA,42019,Confirmed,Male,20+,16
2005,PA,42019,Confirmed,Female,20+,16
2005,PA,42019,Confirmed,Female,Suppressed,3
2005,PA,42021,Confirmed,Suppressed,Suppressed,7
2005,PA,42023,Confirmed,Male,20+,8
2005,PA,42023,Confirmed,Male,Suppressed,2
2005,PA,42023,Confirmed,Female,0-19,6
2005,PA,42023,Confirmed,Female,20+,8
2005,PA,42025,Confirmed,Male,Suppressed,5
2005,PA,42027,Confirmed,Male,0-19,5
2005,PA,42027,Confirmed,Male,20+,6
2005,PA,42027,Confirmed,Female,20+,7
2005,PA,42027,Confirmed,Female,Suppressed,2
2005,PA,42029,Confirmed,Male,0-19,131
2005,PA,42029,Confirmed,Male,20+,242
2005,PA,42029,Confirmed,Male,Suppressed,2
2005,PA,42029,Confirmed,Female,0-19,85
2005,PA,42029,Confirmed,Female,20+,206
2005,PA,42029,Confirmed,Female,Suppressed,3
2005,PA,42029,Confirmed,Suppressed,20+,1
2005,PA,42033,Confirmed,Male,0-19,10
2005,PA,42033,Confirmed,Male,20+,26
2005,PA,42033,Confirmed,Female,20+,21
2005,PA,42033,Confirmed,Female,Suppressed,4
2005,PA,42035,Confirmed,Suppressed,Suppressed,8
2005,PA,42037,Confirmed,Male,Suppressed,7
2005,PA,42037,Confirmed,Female,20+,5
2005,PA,42037,Confirmed,Female,Suppressed,3
2005,PA,42041,Confirmed,Male,0-19,7
2005,PA,42041,Confirmed,Male,20+,12
2005,PA,42041,Confirmed,Female,20+,14
2005,PA,42041,Confirmed,Female,Suppressed,3
2005,PA,42043,Confirmed,Male,0-19,16
2005,PA,42043,Confirmed,Male,20+,24
2005,PA,42043,Confirmed,Female,0-19,10
2005,PA,42043,Confirmed,Female,20+,20
2005,PA,42045,Confirmed,Male,0-19,26
2005,PA,42045,Confirmed,Male,20+,85
2005,PA,42045,Confirmed,Female,0-19,17
2005,PA,42045,Confirmed,Female,20+,61
2005,PA,42047,Confirmed,Male,0-19,12
2005,PA,42047,Confirmed,Male,20+,15
2005,PA,42047,Confirmed,Female,0-19,6
2005,PA,42047,Confirmed,Female,20+,13
2005,PA,42049,Confirmed,Male,20+,7
2005,PA,42049,Confirmed,Female,20+,7
2005,PA,42049,Confirmed,Female,Suppressed,2
2005,PA,42055,Confirmed,Male,0-19,6
2005,PA,42055,Confirmed,Male,20+,18
2005,PA,42055,Confirmed,Female,0-19,5
2005,PA,42055,Confirmed,Female,20+,8
2005,PA,42065,Confirmed,Male,0-19,5
2005,PA,42065,Confirmed,Male,20+,6
2005,PA,42065,Confirmed,Female,20+,8
2005,PA,42065,Confirmed,Female,Suppressed,3
2005,PA,42069,Confirmed,Female,20+,6
2005,PA,42069,Confirmed,Suppressed,20+,1
2005,PA,42071,Confirmed,Male,0-19,45
2005,PA,42071,Confirmed,Male,20+,84
2005,PA,42071,Confirmed,Female,0-19,31
2005,PA,42071,Confirmed,Female,20+,87
2005,PA,42071,Confirmed,Suppressed,20+,3
2005,PA,42075,Confirmed,Male,0-19,10
2005,PA,42075,Confirmed,Male,20+,20
2005,PA,42075,Confirmed,Female,20+,21
2005,PA,42075,Confirmed,Female,Suppressed,3
2005,PA,42077,Confirmed,Male,0-19,29
2005,PA,42077,Confirmed,Male,20+,67
2005,PA,42077,Confirmed,Female,0-19,16
2005,PA,42077,Confirmed,Female,20+,67
2005,PA,42079,Confirmed,Female,20+,5
2005,PA,42079,Confirmed,Suppressed,Suppressed,1
2005,PA,42081,Confirmed,Male,20+,7
2005,PA,42081,Confirmed,Female,20+,9
2005,PA,42081,Confirmed,Female,Suppressed,2
2005,PA,42083,Confirmed,Suppressed,Suppressed,6
2005,PA,42089,Confirmed,Male,0-19,7
2005,PA,42089,Confirmed,Male,20+,33
2005,PA,42089,Confirmed,Female,0-19,11
2005,PA,42089,Confirmed,Female,20+,26
2005,PA,42091,Confirmed,Male,0-19,102
2005,PA,42091,Confirmed,Male,20+,196
2005,PA,42091,Confirmed,Female,0-19,68
2005,PA,42091,Confirmed,Female,20+,168
2005,PA,42091,Confirmed,Female,Suppressed,1
2005,PA,42095,Confirmed,Male,0-19,23
2005,PA,42095,Confirmed,Male,20+,77
2005,PA,42095,Confirmed,Female,0-19,18
2005,PA,42095,Confirmed,Female,20+,46
2005,PA,42099,Confirmed,Male,20+,12
2005,PA,42099,Confirmed,Male,Suppressed,2
2005,PA,42099,Confirmed,Female,20+,6
2005,PA,42101,Confirmed,Male,0-19,28
2005,PA,42101,Confirmed,Male,20+,61
2005,PA,42101,Confirmed,Female,0-19,26
2005,PA,42101,Confirmed,Female,20+,57
2005,PA,42103,Confirmed,Male,0-19,9
2005,PA,42103,Confirmed,Male,20+,20
2005,PA,42103,Confirmed,Female,20+,15
2005,PA,42103,Confirmed,Female,Suppressed,2
2005,PA,42105,Confirmed,Suppressed,Suppressed,8
2005,PA,42107,Confirmed,Male,Suppressed,7
2005,PA,42107,Confirmed,Female,0-19,5
2005,PA,42107,Confirmed,Female,20+,6
2005,PA,42115,Confirmed,Suppressed,Suppressed,5
2005,PA,42127,Confirmed,Suppressed,Suppressed,5
2005,PA,42129,Confirmed,Suppressed,Suppressed,7
2005,PA,42133,Confirmed,Male,0-19,75
2005,PA,42133,Confirmed,Male,20+,135
2005,PA,42133,Confirmed,Female,0-19,52
2005,PA,42133,Confirmed,Female,20+,140
2005,PA,Suppressed,Confirmed,Male,0-19,2
2005,PA,Suppressed,Confirmed,Female,20+,17
2005,PA,Suppressed,Confirmed,Suppressed,Suppressed,39
2005,RI,44003,Confirmed,Male,0-19,5
2005,RI,44003,Confirmed,Male,Suppressed,3
2005,RI,44003,Confirmed,Suppressed,Suppressed,3
2005,RI,44009,Confirmed,Male,0-19,5
2005,RI,44009,Confirmed,Male,20+,5
2005,RI,44009,Confirmed,Suppressed,20+,3
2005,RI,44009,Confirmed,Suppressed,Suppressed,2
2005,RI,Suppressed,Confirmed,Female,Suppressed,9
2005,RI,Suppressed,Confirmed,Suppressed,20+,1
2005,RI,Suppressed,Confirmed,Suppressed,Suppressed,3
2005,SC,Suppressed,Confirmed,Female,20+,6
2005,SC,Suppressed,Confirmed,Suppressed,Suppressed,6
2005,Suppressed,Suppressed,Confirmed,Female,Suppressed,6
2005,Suppressed,Suppressed,Confirmed,Suppressed,20+,31
2005,Suppressed,Suppressed,Confirmed,Suppressed,Suppressed,16
2005,TN,Suppressed,Confirmed,Suppressed,20+,6
2005,TX,48201,Confirmed,Female,20+,5
2005,TX,48201,Confirmed,Suppressed,Suppressed,3
2005,TX,48453,Confirmed,Male,Suppressed,5
2005,TX,48453,Confirmed,Female,20+,12
2005,TX,Suppressed,Confirmed,Male,0-19,5
2005,TX,Suppressed,Confirmed,Female,20+,21
2005,TX,Suppressed,Confirmed,Suppressed,Suppressed,18
2005,VA,51001,Confirmed,Male,20+,6
2005,VA,51001,Confirmed,Suppressed,20+,4
2005,VA,51013,Confirmed,Male,Suppressed,6
2005,VA,51013,Confirmed,Female,20+,8
2005,VA,51013,Confirmed,Female,Suppressed,2
2005,VA,51059,Confirmed,Male,Suppressed,6
2005,VA,51061,Confirmed,Male,20+,6
2005,VA,51061,Confirmed,Male,Suppressed,4
2005,VA,51061,Confirmed,Female,20+,13
2005,VA,51061,Confirmed,Female,Suppressed,2
2005,VA,51099,Confirmed,Suppressed,Suppressed,5
2005,VA,51107,Confirmed,Male,0-19,11
2005,VA,51107,Confirmed,Male,20+,45
2005,VA,51107,Confirmed,Male,Suppressed,1
2005,VA,51107,Confirmed,Female,0-19,15
2005,VA,51107,Confirmed,Female,20+,31
2005,VA,51107,Confirmed,Female,Suppressed,1
2005,VA,51107,Confirmed,Suppressed,20+,1
2005,VA,51107,Confirmed,Suppressed,Suppressed,1
2005,VA,51153,Confirmed,Male,0-19,6
2005,VA,51153,Confirmed,Male,20+,10
2005,VA,51153,Confirmed,Female,20+,8
2005,VA,51153,Confirmed,Female,Suppressed,2
2005,VA,51187,Confirmed,Suppressed,Suppressed,5
2005,VA,51650,Confirmed,Suppressed,Suppressed,5
2005,VA,51680,Confirmed,Female,20+,5
2005,VA,51680,Confirmed,Suppressed,Suppressed,2
2005,VA,Suppressed,Confirmed,Male,0-19,6
2005,VA,Suppressed,Confirmed,Female,20+,14
2005,VA,Suppressed,Confirmed,Suppressed,Suppressed,43
2005,VT,50001,Confirmed,Female,20+,5
2005,VT,50001,Confirmed,Female,Suppressed,1
2005,VT,50001,Confirmed,Suppressed,20+,2
2005,VT,50003,Confirmed,Male,20+,6
2005,VT,50003,Confirmed,Male,Suppressed,3
2005,VT,50003,Confirmed,Female,20+,10
2005,VT,50003,Confirmed,Female,Suppressed,2
2005,VT,50003,Confirmed,Suppressed,20+,1
2005,VT,50025,Confirmed,Suppressed,20+,6
2005,VT,Suppressed,Confirmed,Male,20+,5
2005,VT,Suppressed,Confirmed,Male,Suppressed,1
2005,VT,Suppressed,Confirmed,Suppressed,20+,9
2005,VT,Suppressed,Confirmed,Suppressed,Suppressed,3
2005,WA,Suppressed,Confirmed,Male,Suppressed,6
2005,WA,Suppressed,Confirmed,Suppressed,Suppressed,7
2005,WI,55001,Confirmed,Male,20+,6
2005,WI,55001,Confirmed,Male,Suppressed,1
2005,WI,55001,Confirmed,Female,20+,5
2005,WI,55003,Confirmed,Male,20+,9
2005,WI,55003,Confirmed,Male,Suppressed,4
2005,WI,55003,Confirmed,Suppressed,20+,4
2005,WI,55003,Confirmed,Suppressed,Suppressed,1
2005,WI,55005,Confirmed,Male,0-19,12
2005,WI,55005,Confirmed,Male,20+,13
2005,WI,55005,Confirmed,Female,0-19,6
2005,WI,55005,Confirmed,Female,20+,12
2005,WI,55007,Confirmed,Male,20+,8
2005,WI,55007,Confirmed,Suppressed,20+,1
2005,WI,55007,Confirmed,Suppressed,Suppressed,1
2005,WI,55009,Confirmed,Suppressed,Suppressed,7
2005,WI,55011,Confirmed,Female,20+,5
2005,WI,55011,Confirmed,Suppressed,Suppressed,4
2005,WI,55013,Confirmed,Male,0-19,6
2005,WI,55013,Confirmed,Male,20+,9
2005,WI,55013,Confirmed,Female,20+,10
2005,WI,55013,Confirmed,Female,Suppressed,3
2005,WI,55017,Confirmed,Male,0-19,15
2005,WI,55017,Confirmed,Male,20+,26
2005,WI,55017,Confirmed,Female,0-19,13
2005,WI,55017,Confirmed,Female,20+,11
2005,WI,55019,Confirmed,Male,0-19,9
2005,WI,55019,Confirmed,Male,20+,7
2005,WI,55019,Confirmed,Female,0-19,5
2005,WI,55019,Confirmed,Female,20+,10
2005,WI,55021,Confirmed,Male,20+,10
2005,WI,55021,Confirmed,Male,Suppressed,2
2005,WI,55021,Confirmed,Female,20+,10
2005,WI,55021,Confirmed,Female,Suppressed,3
2005,WI,55023,Confirmed,Male,20+,11
2005,WI,55023,Confirmed,Male,Suppressed,3
2005,WI,55023,Confirmed,Female,20+,7
2005,WI,55023,Confirmed,Female,Suppressed,1
2005,WI,55025,Confirmed,Male,0-19,13
2005,WI,55025,Confirmed,Male,20+,21
2005,WI,55025,Confirmed,Female,0-19,7
2005,WI,55025,Confirmed,Female,20+,16
2005,WI,55031,Confirmed,Male,0-19,11
2005,WI,55031,Confirmed,Male,20+,10
2005,WI,55031,Confirmed,Female,0-19,5
2005,WI,55031,Confirmed,Female,20+,12
2005,WI,55033,Confirmed,Male,0-19,6
2005,WI,55033,Confirmed,Male,20+,8
2005,WI,55033,Confirmed,Suppressed,20+,4
2005,WI,55033,Confirmed,Suppressed,Suppressed,3
2005,WI,55035,Confirmed,Male,0-19,26
2005,WI,55035,Confirmed,Male,20+,28
2005,WI,55035,Confirmed,Female,0-19,13
2005,WI,55035,Confirmed,Female,20+,26
2005,WI,55043,Confirmed,Male,20+,5
2005,WI,55043,Confirmed,Male,Suppressed,2
2005,WI,55043,Confirmed,Female,20+,10
2005,WI,55043,Confirmed,Female,Suppressed,1
2005,WI,55049,Confirmed,Male,Suppressed,7
2005,WI,55053,Confirmed,Male,20+,8
2005,WI,55053,Confirmed,Male,Suppressed,2
2005,WI,55053,Confirmed,Female,20+,9
2005,WI,55053,Confirmed,Female,Suppressed,1
2005,WI,55057,Confirmed,Male,20+,13
2005,WI,55057,Confirmed,Male,Suppressed,1
2005,WI,55057,Confirmed,Female,20+,11
2005,WI,55057,Confirmed,Female,Suppressed,2
2005,WI,55063,Confirmed,Male,0-19,7
2005,WI,55063,Confirmed,Male,20+,21
2005,WI,55063,Confirmed,Female,0-19,6
2005,WI,55063,Confirmed,Female,20+,17
2005,WI,55069,Confirmed,Male,0-19,5
2005,WI,55069,Confirmed,Male,20+,19
2005,WI,55069,Confirmed,Female,20+,8
2005,WI,55069,Confirmed,Female,Suppressed,4
2005,WI,55073,Confirmed,Male,0-19,11
2005,WI,55073,Confirmed,Male,20+,31
2005,WI,55073,Confirmed,Female,0-19,10
2005,WI,55073,Confirmed,Female,20+,21
2005,WI,55075,Confirmed,Suppressed,Suppressed,5
2005,WI,55077,Confirmed,Suppressed,Suppressed,9
2005,WI,55079,Confirmed,Male,Suppressed,5
2005,WI,55081,Confirmed,Male,0-19,5
2005,WI,55081,Confirmed,Male,20+,15
2005,WI,55081,Confirmed,Female,20+,13
2005,WI,55081,Confirmed,Female,Suppressed,3
2005,WI,55085,Confirmed,Male,0-19,10
2005,WI,55085,Confirmed,Male,20+,28
2005,WI,55085,Confirmed,Female,0-19,7
2005,WI,55085,Confirmed,Female,20+,30
2005,WI,55087,Confirmed,Female,20+,6
2005,WI,55087,Confirmed,Female,Suppressed,1
2005,WI,55087,Confirmed,Suppressed,Suppressed,3
2005,WI,55093,Confirmed,Male,20+,5
2005,WI,55093,Confirmed,Male,Suppressed,3
2005,WI,55093,Confirmed,Female,20+,7
2005,WI,55095,Confirmed,Male,0-19,10
2005,WI,55095,Confirmed,Male,20+,11
2005,WI,55095,Confirmed,Female,20+,11
2005,WI,55095,Confirmed,Female,Suppressed,3
2005,WI,55097,Confirmed,Male,0-19,12
2005,WI,55097,Confirmed,Male,20+,40
2005,WI,55097,Confirmed,Female,0-19,8
2005,WI,55097,Confirmed,Female,20+,28
2005,WI,55099,Confirmed,Male,20+,16
2005,WI,55099,Confirmed,Male,Suppressed,1
2005,WI,55099,Confirmed,Female,20+,6
2005,WI,55099,Confirmed,Female,Suppressed,3
2005,WI,55103,Confirmed,Male,20+,8
2005,WI,55103,Confirmed,Male,Suppressed,4
2005,WI,55103,Confirmed,Female,20+,9
2005,WI,55103,Confirmed,Female,Suppressed,3
2005,WI,55105,Confirmed,Suppressed,Suppressed,6
2005,WI,55107,Confirmed,Male,0-19,6
2005,WI,55107,Confirmed,Male,20+,13
2005,WI,55107,Confirmed,Female,20+,14
2005,WI,55107,Confirmed,Female,Suppressed,4
2005,WI,55109,Confirmed,Male,Suppressed,6
2005,WI,55109,Confirmed,Female,20+,6
2005,WI,55109,Confirmed,Female,Suppressed,3
2005,WI,55111,Confirmed,Male,20+,8
2005,WI,55111,Confirmed,Male,Suppressed,3
2005,WI,55111,Confirmed,Suppressed,20+,2
2005,WI,55113,Confirmed,Male,0-19,10
2005,WI,55113,Confirmed,Male,20+,22
2005,WI,55113,Confirmed,Female,0-19,5
2005,WI,55113,Confirmed,Female,20+,22
2005,WI,55115,Confirmed,Suppressed,Suppressed,5
2005,WI,55117,Confirmed,Suppressed,Suppressed,6
2005,WI,55119,Confirmed,Male,Suppressed,6
2005,WI,55121,Confirmed,Male,20+,15
2005,WI,55121,Confirmed,Male,Suppressed,3
2005,WI,55121,Confirmed,Female,20+,12
2005,WI,55121,Confirmed,Female,Suppressed,2
2005,WI,55123,Confirmed,Male,20+,10
2005,WI,55123,Confirmed,Male,Suppressed,2
2005,WI,55123,Confirmed,Suppressed,20+,4
2005,WI,55123,Confirmed,Suppressed,Suppressed,1
2005,WI,55125,Confirmed,Male,20+,8
2005,WI,55125,Confirmed,Male,Suppressed,2
2005,WI,55125,Confirmed,Suppressed,20+,3
2005,WI,55127,Confirmed,Male,20+,6
2005,WI,55127,Confirmed,Male,Suppressed,4
2005,WI,55127,Confirmed,Suppressed,20+,2
2005,WI,55129,Confirmed,Male,0-19,7
2005,WI,55129,Confirmed,Male,20+,15
2005,WI,55129,Confirmed,Female,0-19,5
2005,WI,55129,Confirmed,Female,20+,10
2005,WI,55133,Confirmed,Suppressed,Suppressed,6
2005,WI,55135,Confirmed,Male,20+,6
2005,WI,55135,Confirmed,Male,Suppressed,3
2005,WI,55135,Confirmed,Female,20+,10
2005,WI,55135,Confirmed,Female,Suppressed,4
2005,WI,55137,Confirmed,Male,Suppressed,6
2005,WI,55139,Confirmed,Suppressed,Suppressed,5
2005,WI,55141,Confirmed,Male,0-19,11
2005,WI,55141,Confirmed,Male,20+,35
2005,WI,55141,Confirmed,Female,0-19,10
2005,WI,55141,Confirmed,Female,20+,23
2005,WI,Suppressed,Confirmed,Male,0-19,2
2005,WI,Suppressed,Confirmed,Female,20+,4
2005,WI,Suppressed,Confirmed,Suppressed,Suppressed,37
2005,WV,54003,Confirmed,Male,0-19,10
2005,WV,54003,Confirmed,Male,20+,14
2005,WV,54003,Confirmed,Female,0-19,5
2005,WV,54003,Confirmed,Female,20+,12
2005,WV,54037,Confirmed,Male,20+,5
2005,WV,54037,Confirmed,Male,Suppressed,1
2005,WV,54037,Confirmed,Female,Suppressed,6
2005,WV,Suppressed,Confirmed,Male,20+,2
2005,WV,Suppressed,Confirmed,Female,0-19,1
2005,WV,Suppressed,Confirmed,Suppressed,Suppressed,5
2006,AL,Suppressed,Confirmed,Suppressed,Suppressed,8
2006,AZ,04013,Confirmed,Suppressed,20+,5
2006,CA,06037,Confirmed,Male,Suppressed,6
2006,CA,06037,Confirmed,Female,20+,5
2006,CA,06041,Confirmed,Suppressed,Suppressed,6
2006,CA,06073,Confirmed,Male,20+,6
2006,CA,06073,Confirmed,Suppressed,20+,3
2006,CA,06075,Confirmed,Suppressed,Suppressed,6
2006,CA,06085,Confirmed,Male,Suppressed,5
2006,CA,06087,Confirmed,Suppressed,Suppressed,6
2006,CA,06097,Confirmed,Suppressed,Suppressed,8
2006,CA,Suppressed,Confirmed,Male,Suppressed,4
2006,CA,Suppressed,Confirmed,Female,20+,4
2006,CA,Suppressed,Confirmed,Suppressed,Suppressed,26
2006,CT,09001,Confirmed,Male,0-19,118
2006,CT,09001,Confirmed,Male,20+,78
2006,CT,09001,Confirmed,Female,0-19,94
2006,CT,09001,Confirmed,Female,20+,63
2006,CT,09001,Confirmed,Female,Suppressed,1
2006,CT,09001,Confirmed,Suppressed,0-19,1
2006,CT,09003,Confirmed,Male,0-19,51
2006,CT,09003,Confirmed,Male,20+,28
2006,CT,09003,Confirmed,Female,0-19,31
2006,CT,09003,Confirmed,Female,20+,22
2006,CT,09005,Confirmed,Male,0-19,57
2006,CT,09005,Confirmed,Male,20+,137
2006,CT,09005,Confirmed,Female,0-19,40
2006,CT,09005,Confirmed,Female,20+,122
2006,CT,09007,Confirmed,Male,0-19,34
2006,CT,09007,Confirmed,Male,20+,21
2006,CT,09007,Confirmed,Male,Suppressed,1
2006,CT,09007,Confirmed,Female,0-19,17
2006,CT,09007,Confirmed,Female,20+,32
2006,CT,09009,Confirmed,Male,0-19,42
2006,CT,09009,Confirmed,Male,20+,50
2006,CT,09009,Confirmed,Female,0-19,27
2006,CT,09009,Confirmed,Female,20+,32
2006,CT,09009,Confirmed,Suppressed,20+,1
2006,CT,09011,Confirmed,Male,0-19,92
2006,CT,09011,Confirmed,Male,20+,87
2006,CT,09011,Confirmed,Male,Suppressed,4
2006,CT,09011,Confirmed,Female,0-19,53
2006,CT,09011,Confirmed,Female,20+,79
2006,CT,09011,Confirmed,Female,Suppressed,2
2006,CT,09013,Confirmed,Male,0-19,51
2006,CT,09013,Confirmed,Male,20+,57
2006,CT,09013,Confirmed,Female,0-19,39
2006,CT,09013,Confirmed,Female,20+,43
2006,CT,09013,Confirmed,Female,Suppressed,1
2006,CT,09015,Confirmed,Male,0-19,26
2006,CT,09015,Confirmed,Male,20+,56
2006,CT,09015,Confirmed,Female,0-19,23
2006,CT,09015,Confirmed,Female,20+,39
2006,CT,09015,Confirmed,Female,Suppressed,1
2006,CT,09015,Confirmed,Suppressed,Suppressed,2
2006,CT,Unknown,Confirmed,Male,0-19,12
2006,CT,Unknown,Confirmed,Male,20+,6
2006,CT,Unknown,Confirmed,Female,0-19,6
2006,CT,Unknown,Confirmed,Female,20+,7
2006,CT,Unknown,Confirmed,Female,Suppressed,1
2006,CT,Suppressed,Confirmed,Suppressed,Suppressed,1
2006,DC,11001,Confirmed,Male,0-19,6
2006,DC,11001,Confirmed,Male,20+,28
2006,DC,11001,Confirmed,Female,0-19,8
2006,DC,11001,Confirmed,Female,20+,19
2006,DC,11001,Confirmed,Suppressed,20+,1
2006,DE,10001,Confirmed,Male,0-19,5
2006,DE,10001,Confirmed,Male,20+,19
2006,DE,10001,Confirmed,Female,0-19,7
2006,DE,10001,Confirmed,Female,20+,18
2006,DE,10001,Confirmed,Unknown,0-19,19
2006,DE,10001,Confirmed,Unknown,20+,46
2006,DE,10003,Confirmed,Male,0-19,16
2006,DE,10003,Confirmed,Male,20+,33
2006,DE,10003,Confirmed,Female,0-19,8
2006,DE,10003,Confirmed,Female,20+,34
2006,DE,10003,Confirmed,Unknown,0-19,40
2006,DE,10003,Confirmed,Unknown,20+,154
2006,DE,10005,Confirmed,Male,0-19,5
2006,DE,10005,Confirmed,Male,20+,22
2006,DE,10005,Confirmed,Female,20+,12
2006,DE,10005,Confirmed,Female,Suppressed,3
2006,DE,10005,Confirmed,Unknown,0-19,5
2006,DE,10005,Confirmed,Unknown,20+,20
2006,DE,Unknown,Confirmed,Unknown,20+,13
2006,DE,Unknown,Confirmed,Unknown,Suppressed,3
2006,FL,12099,Confirmed,Suppressed,Suppressed,5
2006,FL,Suppressed,Confirmed,Female,20+,10
2006,FL,Suppressed,Confirmed,Suppressed,Suppressed,19
2006,GA,Suppressed,Confirmed,Suppressed,20+,6
2006,IA,19043,Confirmed,Suppressed,Suppressed,5
2006,IA,19061,Confirmed,Male,Suppressed,5
2006,IA,19103,Confirmed,Male,Suppressed,6
2006,IA,19103,Confirmed,Suppressed,Suppressed,5
2006,IA,19113,Confirmed,Male,20+,5
2006,IA,19113,Confirmed,Female,20+,5
2006,IA,19153,Confirmed,Male,20+,5
2006,IA,19153,Confirmed,Male,Suppressed,1
2006,IA,19153,Confirmed,Suppressed,Suppressed,2
2006,IA,19163,Confirmed,Male,20+,5
2006,IA,19163,Confirmed,Suppressed,20+,1
2006,IA,Suppressed,Confirmed,Male,0-19,5
2006,IA,Suppressed,Confirmed,Female,20+,11
2006,IA,Suppressed,Confirmed,Suppressed,Suppressed,36
2006,ID,Suppressed,Confirmed,Suppressed,Suppressed,5
2006,IL,17031,Confirmed,Male,0-19,11
2006,IL,17031,Confirmed,Male,20+,12
2006,IL,17031,Confirmed,Female,20+,8
2006,IL,17031,Confirmed,Female,Suppressed,4
2006,IL,17043,Confirmed,Male,Suppressed,5
2006,IL,17043,Confirmed,Suppressed,Suppressed,5
2006,IL,17085,Confirmed,Male,20+,7
2006,IL,17085,Confirmed,Male,Suppressed,2
2006,IL,17085,Confirmed,Female,20+,8
2006,IL,17085,Confirmed,Female,Suppressed,4
2006,IL,17111,Confirmed,Male,Suppressed,5
2006,IL,17197,Confirmed,Male,0-19,8
2006,IL,17197,Confirmed,Male,Suppressed,2
2006,IL,17197,Confirmed,Suppressed,Suppressed,1
2006,IL,Suppressed,Confirmed,Male,20+,8
2006,IL,Suppressed,Confirmed,Female,Suppressed,2
2006,IL,Suppressed,Confirmed,Suppressed,Suppressed,18
2006,IN,Suppressed,Confirmed,Suppressed,Suppressed,23
2006,KY,Suppressed,Confirmed,Suppressed,Suppressed,7
2006,MA,25001,Confirmed,Male,0-19,10
2006,MA,25001,Confirmed,Male,20+,32
2006,MA,25001,Confirmed,Male,Suppressed,1
2006,MA,25001,Confirmed,Female,0-19,9
2006,MA,25001,Confirmed,Female,20+,41
2006,MA,25001,Confirmed,Unknown,20+,7
2006,MA,25001,Confirmed,Unknown,Suppressed,4
2006,MA,25003,Confirmed,Male,0-19,9
2006,MA,25003,Confirmed,Male,20+,22
2006,MA,25003,Confirmed,Male,Suppressed,1
2006,MA,25003,Confirmed,Female,20+,12
2006,MA,25003,Confirmed,Female,Suppressed,4
2006,MA,25003,Confirmed,Suppressed,20+,1
2006,MA,25005,Confirmed,Male,0-19,29
2006,MA,25005,Confirmed,Male,20+,43
2006,MA,25005,Confirmed,Female,0-19,13
2006,MA,25005,Confirmed,Female,20+,31
2006,MA,25005,Confirmed,Suppressed,0-19,1
2006,MA,25007,Confirmed,Male,20+,8
2006,MA,25007,Confirmed,Male,Suppressed,2
2006,MA,25007,Confirmed,Female,20+,6
2006,MA,25007,Confirmed,Female,Suppressed,3
2006,MA,25007,Confirmed,Suppressed,20+,2
2006,MA,25009,Confirmed,Male,0-19,28
2006,MA,25009,Confirmed,Male,20+,39
2006,MA,25009,Confirmed,Male,Suppressed,2
2006,MA,25009,Confirmed,Female,0-19,17
2006,MA,25009,Confirmed,Female,20+,29
2006,MA,25009,Confirmed,Female,Suppressed,2
2006,MA,25009,Confirmed,Unknown,20+,13
2006,MA,25009,Confirmed,Unknown,Suppressed,3
2006,MA,25013,Confirmed,Male,0-19,25
2006,MA,25013,Confirmed,Male,20+,25
2006,MA,25013,Confirmed,Female,0-19,13
2006,MA,25013,Confirmed,Female,20+,22
2006,MA,25013,Confirmed,Female,Suppressed,1
2006,MA,25015,Confirmed,Male,0-19,7
2006,MA,25015,Confirmed,Male,20+,8
2006,MA,25015,Confirmed,Female,20+,10
2006,MA,25015,Confirmed,Female,Suppressed,2
2006,MA,25017,Confirmed,Male,0-19,66
2006,MA,25017,Confirmed,Male,20+,103
2006,MA,25017,Confirmed,Male,Suppressed,1
2006,MA,25017,Confirmed,Female,0-19,38
2006,MA,25017,Confirmed,Female,20+,71
2006,MA,25017,Confirmed,Unknown,20+,6
2006,MA,25017,Confirmed,Unknown,Suppressed,1
2006,MA,25019,Confirmed,Male,20+,7
2006,MA,25019,Confirmed,Male,Suppressed,1
2006,MA,25019,Confirmed,Suppressed,20+,2
2006,MA,25019,Confirmed,Suppressed,Suppressed,1
2006,MA,25021,Confirmed,Male,0-19,53
2006,MA,25021,Confirmed,Male,20+,52
2006,MA,25021,Confirmed,Male,Suppressed,1
2006,MA,25021,Confirmed,Female,0-19,28
2006,MA,25021,Confirmed,Female,20+,35
2006,MA,25021,Confirmed,Female,Suppressed,1
2006,MA,25021,Confirmed,Suppressed,20+,4
2006,MA,25021,Confirmed,Suppressed,Suppressed,2
2006,MA,25023,Confirmed,Male,0-19,32
2006,MA,25023,Confirmed,Male,20+,24
2006,MA,25023,Confirmed,Male,Suppressed,1
2006,MA,25023,Confirmed,Female,0-19,18
2006,MA,25023,Confirmed,Female,20+,32
2006,MA,25023,Confirmed,Unknown,0-19,16
2006,MA,25023,Confirmed,Unknown,20+,10
2006,MA,25025,Confirmed,Male,20+,6
2006,MA,25025,Confirmed,Male,Suppressed,1
2006,MA,25025,Confirmed,Female,20+,8
2006,MA,25025,Confirmed,Female,Suppressed,2
2006,MA,25025,Confirmed,Suppressed,Suppressed,1
2006,MA,25027,Confirmed,Male,0-19,60
2006,MA,25027,Confirmed,Male,20+,80
2006,MA,25027,Confirmed,Male,Suppressed,2
2006,MA,25027,Confirmed,Female,0-19,36
2006,MA,25027,Confirmed,Female,20+,57
2006,MA,25027,Confirmed,Suppressed,20+,1
2006,MA,Unknown,Confirmed,Male,0-19,12
2006,MA,Unknown,Confirmed,Male,20+,5
2006,MA,Unknown,Confirmed,Female,20+,8
2006,MA,Unknown,Confirmed,Female,Suppressed,2
2006,MA,Unknown,Confirmed,Suppressed,0-19,1
2006,MA,Suppressed,Confirmed,Female,Suppressed,2
2006,MA,Suppressed,Confirmed,Suppressed,20+,3
2006,MA,Suppressed,Confirmed,Suppressed,Suppressed,1
2006,MD,24003,Confirmed,Male,0-19,29
2006,MD,24003,Confirmed,Male,20+,60
2006,MD,24003,Confirmed,Female,0-19,24
2006,MD,24003,Confirmed,Female,20+,51
2006,MD,24009,Confirmed,Male,0-19,8
2006,MD,24009,Confirmed,Male,20+,20
2006,MD,24009,Confirmed,Female,0-19,7
2006,MD,24009,Confirmed,Female,20+,32
2006,MD,24009,Confirmed,Suppressed,20+,1
2006,MD,24011,Confirmed,Male,0-19,6
2006,MD,24011,Confirmed,Male,20+,8
2006,MD,24011,Confirmed,Female,20+,7
2006,MD,24011,Confirmed,Female,Suppressed,1
2006,MD,24013,Confirmed,Male,0-19,37
2006,MD,24013,Confirmed,Male,20+,64
2006,MD,24013,Confirmed,Male,Suppressed,1
2006,MD,24013,Confirmed,Female,0-19,24
2006,MD,24013,Confirmed,Female,20+,68
2006,MD,24013,Confirmed,Suppressed,0-19,1
2006,MD,24015,Confirmed,Male,0-19,9
2006,MD,24015,Confirmed,Male,20+,23
2006,MD,24015,Confirmed,Female,20+,28
2006,MD,24015,Confirmed,Female,Suppressed,3
2006,MD,24017,Confirmed,Male,20+,12
2006,MD,24017,Confirmed,Male,Suppressed,2
2006,MD,24017,Confirmed,Female,Suppressed,5
2006,MD,24021,Confirmed,Male,0-19,19
2006,MD,24021,Confirmed,Male,20+,39
2006,MD,24021,Confirmed,Male,Suppressed,1
2006,MD,24021,Confirmed,Female,0-19,14
2006,MD,24021,Confirmed,Female,20+,45
2006,MD,24025,Confirmed,Male,0-19,23
2006,MD,24025,Confirmed,Male,20+,44
2006,MD,24025,Confirmed,Female,0-19,9
2006,MD,24025,Confirmed,Female,20+,23
2006,MD,24025,Confirmed,Female,Suppressed,1
2006,MD,24025,Confirmed,Suppressed,0-19,2
2006,MD,24027,Confirmed,Male,0-19,17
2006,MD,24027,Confirmed,Male,20+,45
2006,MD,24027,Confirmed,Male,Suppressed,1
2006,MD,24027,Confirmed,Female,0-19,15
2006,MD,24027,Confirmed,Female,20+,35
2006,MD,24029,Confirmed,Male,20+,8
2006,MD,24029,Confirmed,Male,Suppressed,2
2006,MD,24029,Confirmed,Female,20+,9
2006,MD,24029,Confirmed,Female,Suppressed,2
2006,MD,24031,Confirmed,Male,0-19,18
2006,MD,24031,Confirmed,Male,20+,26
2006,MD,24031,Confirmed,Female,0-19,12
2006,MD,24031,Confirmed,Female,20+,26
2006,MD,24033,Confirmed,Male,0-19,19
2006,MD,24033,Confirmed,Male,20+,22
2006,MD,24033,Confirmed,Female,0-19,9
2006,MD,24033,Confirmed,Female,20+,39
2006,MD,24033,Confirmed,Suppressed,20+,2
2006,MD,24035,Confirmed,Male,20+,18
2006,MD,24035,Confirmed,Male,Suppressed,5
2006,MD,24035,Confirmed,Female,0-19,9
2006,MD,24035,Confirmed,Female,20+,19
2006,MD,24035,Confirmed,Female,Suppressed,2
2006,MD,24037,Confirmed,Male,20+,7
2006,MD,24037,Confirmed,Male,Suppressed,3
2006,MD,24037,Confirmed,Female,20+,5
2006,MD,24037,Confirmed,Female,Suppressed,4
2006,MD,24039,Confirmed,Male,20+,6
2006,MD,24039,Confirmed,Suppressed,Suppressed,3
2006,MD,24041,Confirmed,Male,20+,7
2006,MD,24041,Confirmed,Male,Unknown,8
2006,MD,24041,Confirmed,Male,Suppressed,1
2006,MD,24041,Confirmed,Female,20+,9
2006,MD,24041,Confirmed,Female,Unknown,6
2006,MD,24041,Confirmed,Female,Suppressed,2
2006,MD,24041,Confirmed,Suppressed,Unknown,2
2006,MD,24043,Confirmed,Male,0-19,12
2006,MD,24043,Confirmed,Male,20+,12
2006,MD,24043,Confirmed,Female,0-19,6
2006,MD,24043,Confirmed,Female,20+,20
2006,MD,24045,Confirmed,Male,20+,6
2006,MD,24045,Confirmed,Female,20+,7
2006,MD,24045,Confirmed,Female,Suppressed,1
2006,MD,24047,Confirmed,Suppressed,Suppressed,5
2006,MD,Suppressed,Confirmed,Male,20+,1
2006,MD,Suppressed,Confirmed,Female,0-19,3
2006,MD,Suppressed,Confirmed,Suppressed,Suppressed,1
2006,ME,23001,Confirmed,Male,20+,5
2006,ME,23001,Confirmed,Suppressed,20+,4
2006,ME,23001,Confirmed,Suppressed,Suppressed,1
2006,ME,23005,Confirmed,Male,0-19,17
2006,ME,23005,Confirmed,Male,20+,33
2006,ME,23005,Confirmed,Female,0-19,10
2006,ME,23005,Confirmed,Female,20+,35
2006,ME,23007,Confirmed,Suppressed,Suppressed,5
2006,ME,23011,Confirmed,Male,0-19,9
2006,ME,23011,Confirmed,Male,20+,7
2006,ME,23011,Confirmed,Female,Suppressed,6
2006,ME,23013,Confirmed,Male,20+,7
2006,ME,23013,Confirmed,Male,Suppressed,3
2006,ME,23013,Confirmed,Female,20+,5
2006,ME,23013,Confirmed,Female,Suppressed,2
2006,ME,23015,Confirmed,Male,20+,8
2006,ME,23015,Confirmed,Male,Suppressed,2
2006,ME,23015,Confirmed,Suppressed,20+,4
2006,ME,23015,Confirmed,Suppressed,Suppressed,3
2006,ME,23019,Confirmed,Suppressed,Suppressed,5
2006,ME,23023,Confirmed,Male,20+,6
2006,ME,23023,Confirmed,Male,Suppressed,1
2006,ME,23023,Confirmed,Female,Suppressed,6
2006,ME,23027,Confirmed,Suppressed,Suppressed,8
2006,ME,23031,Confirmed,Male,0-19,22
2006,ME,23031,Confirmed,Male,20+,48
2006,ME,23031,Confirmed,Male,Suppressed,2
2006,ME,23031,Confirmed,Female,0-19,14
2006,ME,23031,Confirmed,Female,20+,47
2006,ME,23031,Confirmed,Female,Suppressed,1
2006,ME,Suppressed,Confirmed,Male,0-19,2
2006,ME,Suppressed,Confirmed,Female,20+,1
2006,ME,Suppressed,Confirmed,Suppressed,Suppressed,9
2006,MI,26109,Confirmed,Male,20+,7
2006,MI,26109,Confirmed,Female,20+,6
2006,MI,26109,Confirmed,Female,Suppressed,1
2006,MI,Suppressed,Confirmed,Male,20+,11
2006,MI,Suppressed,Confirmed,Female,Suppressed,1
2006,MI,Suppressed,Confirmed,Suppressed,20+,4
2006,MI,Suppressed,Confirmed,Suppressed,Suppressed,25
2006,MN,27001,Confirmed,Male,20+,6
2006,MN,27001,Confirmed,Male,Suppressed,3
2006,MN,27001,Confirmed,Suppressed,20+,4
2006,MN,27001,Confirmed,Suppressed,Suppressed,1
2006,MN,27003,Confirmed,Male,0-19,16
2006,MN,27003,Confirmed,Male,20+,12
2006,MN,27003,Confirmed,Female,0-19,10
2006,MN,27003,Confirmed,Female,20+,27
2006,MN,27005,Confirmed,Female,20+,5
2006,MN,27005,Confirmed,Suppressed,Suppressed,1
2006,MN,27007,Confirmed,Male,0-19,8
2006,MN,27007,Confirmed,Male,20+,8
2006,MN,27007,Confirmed,Female,0-19,5
2006,MN,27007,Confirmed,Female,20+,5
2006,MN,27009,Confirmed,Suppressed,Suppressed,5
2006,MN,27013,Confirmed,Male,Suppressed,5
2006,MN,27017,Confirmed,Female,Suppressed,7
2006,MN,27017,Confirmed,Suppressed,Suppressed,6
2006,MN,27019,Confirmed,Suppressed,Suppressed,5
2006,MN,27021,Confirmed,Male,0-19,7
2006,MN,27021,Confirmed,Male,20+,8
2006,MN,27021,Confirmed,Female,20+,16
2006,MN,27021,Confirmed,Female,Suppressed,4
2006,MN,27025,Confirmed,Male,Suppressed,8
2006,MN,27025,Confirmed,Female,Suppressed,6
2006,MN,27029,Confirmed,Suppressed,Suppressed,9
2006,MN,27035,Confirmed,Male,0-19,20
2006,MN,27035,Confirmed,Male,20+,35
2006,MN,27035,Confirmed,Female,0-19,6
2006,MN,27035,Confirmed,Female,20+,25
2006,MN,27037,Confirmed,Male,0-19,23
2006,MN,27037,Confirmed,Male,20+,18
2006,MN,27037,Confirmed,Female,20+,15
2006,MN,27037,Confirmed,Female,Suppressed,2
2006,MN,27045,Confirmed,Female,20+,5
2006,MN,27045,Confirmed,Female,Suppressed,1
2006,MN,27045,Confirmed,Suppressed,Suppressed,2
2006,MN,27049,Confirmed,Male,20+,5
2006,MN,27049,Confirmed,Male,Suppressed,1
2006,MN,27049,Confirmed,Suppressed,20+,1
2006,MN,27053,Confirmed,Male,0-19,26
2006,MN,27053,Confirmed,Male,20+,60
2006,MN,27053,Confirmed,Female,0-19,11
2006,MN,27053,Confirmed,Female,20+,30
2006,MN,27055,Confirmed,Male,0-19,5
2006,MN,27055,Confirmed,Male,20+,10
2006,MN,27055,Confirmed,Female,Suppressed,7
2006,MN,27057,Confirmed,Male,0-19,5
2006,MN,27057,Confirmed,Male,20+,7
2006,MN,27057,Confirmed,Female,20+,8
2006,MN,27057,Confirmed,Female,Suppressed,2
2006,MN,27059,Confirmed,Male,Suppressed,5
2006,MN,27061,Confirmed,Male,20+,7
2006,MN,27061,Confirmed,Male,Suppressed,4
2006,MN,27061,Confirmed,Female,20+,12
2006,MN,27061,Confirmed,Female,Suppressed,2
2006,MN,27065,Confirmed,Suppressed,Suppressed,6
2006,MN,27095,Confirmed,Female,Suppressed,6
2006,MN,27097,Confirmed,Female,20+,6
2006,MN,27097,Confirmed,Female,Suppressed,1
2006,MN,27097,Confirmed,Suppressed,Suppressed,5
2006,MN,27109,Confirmed,Male,20+,6
2006,MN,27109,Confirmed,Male,Suppressed,3
2006,MN,27109,Confirmed,Female,Suppressed,5
2006,MN,27111,Confirmed,Suppressed,Suppressed,5
2006,MN,27115,Confirmed,Male,20+,9
2006,MN,27115,Confirmed,Female,0-19,6
2006,MN,27115,Confirmed,Female,20+,11
2006,MN,27123,Confirmed,Male,0-19,13
2006,MN,27123,Confirmed,Male,20+,30
2006,MN,27123,Confirmed,Female,0-19,5
2006,MN,27123,Confirmed,Female,20+,19
2006,MN,27137,Confirmed,Male,Suppressed,8
2006,MN,27137,Confirmed,Female,20+,12
2006,MN,27137,Confirmed,Female,Suppressed,2
2006,MN,27139,Confirmed,Male,20+,6
2006,MN,27139,Confirmed,Male,Suppressed,2
2006,MN,27139,Confirmed,Suppressed,20+,3
2006,MN,27139,Confirmed,Suppressed,Suppressed,1
2006,MN,27141,Confirmed,Male,0-19,6
2006,MN,27141,Confirmed,Male,20+,11
2006,MN,27141,Confirmed,Female,20+,5
2006,MN,27141,Confirmed,Female,Suppressed,2
2006,MN,27145,Confirmed,Male,0-19,5
2006,MN,27145,Confirmed,Male,20+,7
2006,MN,27145,Confirmed,Suppressed,Suppressed,3
2006,MN,27153,Confirmed,Suppressed,Suppressed,7
2006,MN,27163,Confirmed,Male,0-19,10
2006,MN,27163,Confirmed,Male,20+,21
2006,MN,27163,Confirmed,Female,0-19,9
2006,MN,27163,Confirmed,Female,20+,12
2006,MN,27169,Confirmed,Male,20+,6
2006,MN,27169,Confirmed,Male,Suppressed,4
2006,MN,27169,Confirmed,Female,20+,6
2006,MN,27169,Confirmed,Female,Suppressed,4
2006,MN,27171,Confirmed,Male,0-19,6
2006,MN,27171,Confirmed,Male,20+,5
2006,MN,27171,Confirmed,Female,20+,7
2006,MN,27171,Confirmed,Female,Suppressed,3
2006,MN,Suppressed,Confirmed,Male,0-19,10
2006,MN,Suppressed,Confirmed,Female,20+,10
2006,MN,Suppressed,Confirmed,Suppressed,Suppressed,28
2006,MO,Suppressed,Confirmed,Suppressed,20+,5
2006,NC,37183,Confirmed,Male,20+,5
2006,NC,37183,Confirmed,Male,Suppressed,1
2006,NC,Suppressed,Confirmed,Male,Suppressed,2
2006,NC,Suppressed,Confirmed,Female,20+,6
2006,NC,Suppressed,Confirmed,Suppressed,Suppressed,17
2006,NE,Suppressed,Confirmed,Suppressed,20+,7
2006,NH,33001,Confirmed,Male,20+,6
2006,NH,33001,Confirmed,Male,Suppressed,2
2006,NH,33001,Confirmed,Suppressed,Suppressed,2
2006,NH,33005,Confirmed,Female,20+,6
2006,NH,33005,Confirmed,Female,Suppressed,2
2006,NH,33005,Confirmed,Suppressed,Suppressed,4
2006,NH,33011,Confirmed,Male,0-19,38
2006,NH,33011,Confirmed,Male,20+,54
2006,NH,33011,Confirmed,Female,0-19,21
2006,NH,33011,Confirmed,Female,20+,37
2006,NH,33011,Confirmed,Suppressed,20+,1
2006,NH,33013,Confirmed,Male,0-19,10
2006,NH,33013,Confirmed,Male,20+,12
2006,NH,33013,Confirmed,Female,Suppressed,5
2006,NH,33013,Confirmed,Suppressed,0-19,1
2006,NH,33015,Confirmed,Male,0-19,69
2006,NH,33015,Confirmed,Male,20+,113
2006,NH,33015,Confirmed,Female,0-19,40
2006,NH,33015,Confirmed,Female,20+,85
2006,NH,33015,Confirmed,Suppressed,0-19,2
2006,NH,33015,Confirmed,Suppressed,Suppressed,1
2006,NH,33017,Confirmed,Male,0-19,17
2006,NH,33017,Confirmed,Male,20+,30
2006,NH,33017,Confirmed,Female,0-19,13
2006,NH,33017,Confirmed,Female,20+,26
2006,NH,33017,Confirmed,Suppressed,0-19,1
2006,NH,33017,Confirmed,Suppressed,Suppressed,1
2006,NH,Suppressed,Confirmed,Female,20+,9
2006,NH,Suppressed,Confirmed,Suppressed,20+,6
2006,NH,Suppressed,Confirmed,Suppressed,Suppressed,3
2006,NJ,34001,Confirmed,Male,0-19,8
2006,NJ,34001,Confirmed,Male,20+,31
2006,NJ,34001,Confirmed,Male,Unknown,5
2006,NJ,34001,Confirmed,Female,0-19,9
2006,NJ,34001,Confirmed,Female,20+,33
2006,NJ,34001,Confirmed,Female,Unknown,12
2006,NJ,34003,Confirmed,Male,0-19,15
2006,NJ,34003,Confirmed,Male,20+,37
2006,NJ,34003,Confirmed,Male,Unknown,11
2006,NJ,34003,Confirmed,Female,0-19,5
2006,NJ,34003,Confirmed,Female,20+,32
2006,NJ,34003,Confirmed,Female,Unknown,18
2006,NJ,34005,Confirmed,Male,0-19,13
2006,NJ,34005,Confirmed,Male,20+,30
2006,NJ,34005,Confirmed,Male,Unknown,19
2006,NJ,34005,Confirmed,Female,0-19,6
2006,NJ,34005,Confirmed,Female,20+,25
2006,NJ,34005,Confirmed,Female,Unknown,16
2006,NJ,34007,Confirmed,Male,Suppressed,5
2006,NJ,34009,Confirmed,Male,Suppressed,8
2006,NJ,34009,Confirmed,Female,20+,6
2006,NJ,34009,Confirmed,Female,Suppressed,6
2006,NJ,34011,Confirmed,Male,20+,33
2006,NJ,34011,Confirmed,Male,Unknown,6
2006,NJ,34011,Confirmed,Male,Suppressed,4
2006,NJ,34011,Confirmed,Female,0-19,5
2006,NJ,34011,Confirmed,Female,20+,19
2006,NJ,34011,Confirmed,Female,Suppressed,4
2006,NJ,34013,Confirmed,Male,0-19,10
2006,NJ,34013,Confirmed,Male,20+,20
2006,NJ,34013,Confirmed,Male,Suppressed,3
2006,NJ,34013,Confirmed,Female,0-19,7
2006,NJ,34013,Confirmed,Female,20+,14
2006,NJ,34013,Confirmed,Female,Unknown,5
2006,NJ,34015,Confirmed,Male,0-19,5
2006,NJ,34015,Confirmed,Male,20+,20
2006,NJ,34015,Confirmed,Male,Unknown,28
2006,NJ,34015,Confirmed,Female,20+,20
2006,NJ,34015,Confirmed,Female,Unknown,23
2006,NJ,34015,Confirmed,Female,Suppressed,4
2006,NJ,34015,Confirmed,Suppressed,20+,1
2006,NJ,34019,Confirmed,Male,0-19,45
2006,NJ,34019,Confirmed,Male,20+,74
2006,NJ,34019,Confirmed,Male,Unknown,17
2006,NJ,34019,Confirmed,Female,0-19,53
2006,NJ,34019,Confirmed,Female,20+,77
2006,NJ,34019,Confirmed,Female,Unknown,7
2006,NJ,34021,Confirmed,Male,0-19,28
2006,NJ,34021,Confirmed,Male,20+,46
2006,NJ,34021,Confirmed,Male,Unknown,11
2006,NJ,34021,Confirmed,Female,0-19,9
2006,NJ,34021,Confirmed,Female,20+,53
2006,NJ,34021,Confirmed,Female,Suppressed,3
2006,NJ,34023,Confirmed,Male,0-19,5
2006,NJ,34023,Confirmed,Male,20+,17
2006,NJ,34023,Confirmed,Male,Unknown,9
2006,NJ,34023,Confirmed,Female,0-19,7
2006,NJ,34023,Confirmed,Female,20+,8
2006,NJ,34023,Confirmed,Female,Unknown,6
2006,NJ,34023,Confirmed,Suppressed,0-19,1
2006,NJ,34025,Confirmed,Male,0-19,43
2006,NJ,34025,Confirmed,Male,20+,69
2006,NJ,34025,Confirmed,Male,Unknown,33
2006,NJ,34025,Confirmed,Female,0-19,22
2006,NJ,34025,Confirmed,Female,20+,76
2006,NJ,34025,Confirmed,Female,Unknown,41
2006,NJ,34025,Confirmed,Suppressed,20+,1
2006,NJ,34027,Confirmed,Male,0-19,49
2006,NJ,34027,Confirmed,Male,20+,87
2006,NJ,34027,Confirmed,Male,Unknown,31
2006,NJ,34027,Confirmed,Female,0-19,29
2006,NJ,34027,Confirmed,Female,20+,66
2006,NJ,34027,Confirmed,Female,Unknown,30
2006,NJ,34029,Confirmed,Male,0-19,25
2006,NJ,34029,Confirmed,Male,20+,47
2006,NJ,34029,Confirmed,Male,Unknown,7
2006,NJ,34029,Confirmed,Female,0-19,8
2006,NJ,34029,Confirmed,Female,20+,58
2006,NJ,34029,Confirmed,Female,Suppressed,4
2006,NJ,34031,Confirmed,Male,0-19,14
2006,NJ,34031,Confirmed,Male,20+,18
2006,NJ,34031,Confirmed,Female,20+,9
2006,NJ,34031,Confirmed,Female,Suppressed,5
2006,NJ,34033,Confirmed,Male,20+,5
2006,NJ,34033,Confirmed,Suppressed,20+,3
2006,NJ,34033,Confirmed,Suppressed,Suppressed,1
2006,NJ,34035,Confirmed,Male,0-19,17
2006,NJ,34035,Confirmed,Male,20+,32
2006,NJ,34035,Confirmed,Male,Unknown,22
2006,NJ,34035,Confirmed,Female,0-19,10
2006,NJ,34035,Confirmed,Female,20+,35
2006,NJ,34035,Confirmed,Female,Unknown,17
2006,NJ,34035,Confirmed,Suppressed,Unknown,1
2006,NJ,34037,Confirmed,Male,0-19,51
2006,NJ,34037,Confirmed,Male,20+,104
2006,NJ,34037,Confirmed,Male,Suppressed,3
2006,NJ,34037,Confirmed,Female,0-19,33
2006,NJ,34037,Confirmed,Female,20+,77
2006,NJ,34037,Confirmed,Female,Suppressed,2
2006,NJ,34039,Confirmed,Male,0-19,5
2006,NJ,34039,Confirmed,Male,20+,7
2006,NJ,34039,Confirmed,Female,0-19,5
2006,NJ,34039,Confirmed,Female,20+,8
2006,NJ,34041,Confirmed,Male,0-19,31
2006,NJ,34041,Confirmed,Male,20+,55
2006,NJ,34041,Confirmed,Male,Suppressed,1
2006,NJ,34041,Confirmed,Female,0-19,21
2006,NJ,34041,Confirmed,Female,20+,50
2006,NJ,34041,Confirmed,Female,Suppressed,1
2006,NJ,Suppressed,Confirmed,Male,0-19,1
2006,NJ,Suppressed,Confirmed,Female,20+,1
2006,NJ,Suppressed,Confirmed,Suppressed,Suppressed,4
2006,NY,36001,Confirmed,Male,0-19,52
2006,NY,36001,Confirmed,Male,20+,136
2006,NY,36001,Confirmed,Female,0-19,29
2006,NY,36001,Confirmed,Female,20+,131
2006,NY,36005,Confirmed,Male,20+,5
2006,NY,36005,Confirmed,Male,Suppressed,2
2006,NY,36005,Confirmed,Female,20+,7
2006,NY,36005,Confirmed,Female,Suppressed,4
2006,NY,36021,Confirmed,Male,0-19,50
2006,NY,36021,Confirmed,Male,20+,152
2006,NY,36021,Confirmed,Male,Suppressed,3
2006,NY,36021,Confirmed,Female,0-19,36
2006,NY,36021,Confirmed,Female,20+,133
2006,NY,36021,Confirmed,Suppressed,20+,1
2006,NY,36027,Confirmed,Male,0-19,179
2006,NY,36027,Confirmed,Male,20+,335
2006,NY,36027,Confirmed,Female,0-19,110
2006,NY,36027,Confirmed,Female,20+,306
2006,NY,36039,Confirmed,Male,0-19,30
2006,NY,36039,Confirmed,Male,20+,43
2006,NY,36039,Confirmed,Male,Suppressed,1
2006,NY,36039,Confirmed,Female,0-19,18
2006,NY,36039,Confirmed,Female,20+,55
2006,NY,36043,Confirmed,Suppressed,Suppressed,5
2006,NY,36045,Confirmed,Male,20+,5
2006,NY,36045,Confirmed,Male,Suppressed,2
2006,NY,36045,Confirmed,Female,20+,6
2006,NY,36045,Confirmed,Female,Suppressed,1
2006,NY,36047,Confirmed,Male,0-19,9
2006,NY,36047,Confirmed,Male,20+,42
2006,NY,36047,Confirmed,Female,20+,24
2006,NY,36047,Confirmed,Female,Suppressed,4
2006,NY,36055,Confirmed,Suppressed,Suppressed,6
2006,NY,36059,Confirmed,Male,0-19,23
2006,NY,36059,Confirmed,Male,20+,41
2006,NY,36059,Confirmed,Female,0-19,15
2006,NY,36059,Confirmed,Female,20+,37
2006,NY,36061,Confirmed,Male,0-19,12
2006,NY,36061,Confirmed,Male,20+,88
2006,NY,36061,Confirmed,Male,Suppressed,1
2006,NY,36061,Confirmed,Female,0-19,6
2006,NY,36061,Confirmed,Female,20+,62
2006,NY,36061,Confirmed,Suppressed,20+,1
2006,NY,36067,Confirmed,Male,20+,7
2006,NY,36067,Confirmed,Male,Suppressed,1
2006,NY,36067,Confirmed,Female,Suppressed,5
2006,NY,36071,Confirmed,Male,0-19,90
2006,NY,36071,Confirmed,Male,20+,181
2006,NY,36071,Confirmed,Male,Suppressed,2
2006,NY,36071,Confirmed,Female,0-19,57
2006,NY,36071,Confirmed,Female,20+,135
2006,NY,36071,Confirmed,Female,Suppressed,2
2006,NY,36079,Confirmed,Male,0-19,49
2006,NY,36079,Confirmed,Male,20+,44
2006,NY,36079,Confirmed,Female,0-19,16
2006,NY,36079,Confirmed,Female,20+,40
2006,NY,36081,Confirmed,Male,20+,10
2006,NY,36081,Confirmed,Male,Suppressed,1
2006,NY,36081,Confirmed,Female,20+,8
2006,NY,36081,Confirmed,Female,Suppressed,2
2006,NY,36083,Confirmed,Male,0-19,71
2006,NY,36083,Confirmed,Male,20+,92
2006,NY,36083,Confirmed,Female,0-19,27
2006,NY,36083,Confirmed,Female,20+,81
2006,NY,36085,Confirmed,Male,20+,6
2006,NY,36085,Confirmed,Female,20+,8
2006,NY,36085,Confirmed,Female,Suppressed,3
2006,NY,36087,Confirmed,Male,0-19,60
2006,NY,36087,Confirmed,Male,20+,82
2006,NY,36087,Confirmed,Male,Suppressed,2
2006,NY,36087,Confirmed,Female,0-19,31
2006,NY,36087,Confirmed,Female,20+,67
2006,NY,36087,Confirmed,Female,Suppressed,1
2006,NY,36091,Confirmed,Male,0-19,15
2006,NY,36091,Confirmed,Male,20+,28
2006,NY,36091,Confirmed,Female,0-19,7
2006,NY,36091,Confirmed,Female,20+,33
2006,NY,36093,Confirmed,Male,0-19,5
2006,NY,36093,Confirmed,Male,20+,5
2006,NY,36093,Confirmed,Female,0-19,6
2006,NY,36093,Confirmed,Female,20+,6
2006,NY,36095,Confirmed,Suppressed,Suppressed,5
2006,NY,36103,Confirmed,Male,0-19,40
2006,NY,36103,Confirmed,Male,20+,72
2006,NY,36103,Confirmed,Male,Unknown,9
2006,NY,36103,Confirmed,Female,0-19,20
2006,NY,36103,Confirmed,Female,20+,49
2006,NY,36105,Confirmed,Male,0-19,7
2006,NY,36105,Confirmed,Male,20+,15
2006,NY,36105,Confirmed,Female,20+,10
2006,NY,36105,Confirmed,Female,Suppressed,2
2006,NY,36111,Confirmed,Male,0-19,60
2006,NY,36111,Confirmed,Male,20+,140
2006,NY,36111,Confirmed,Female,0-19,37
2006,NY,36111,Confirmed,Female,20+,121
2006,NY,36113,Confirmed,Male,20+,7
2006,NY,36113,Confirmed,Male,Suppressed,2
2006,NY,36113,Confirmed,Suppressed,Suppressed,3
2006,NY,36115,Confirmed,Male,0-19,18
2006,NY,36115,Confirmed,Male,20+,19
2006,NY,36115,Confirmed,Female,20+,17
2006,NY,36115,Confirmed,Female,Suppressed,2
2006,NY,36119,Confirmed,Male,0-19,39
2006,NY,36119,Confirmed,Male,20+,106
2006,NY,36119,Confirmed,Male,Suppressed,1
2006,NY,36119,Confirmed,Female,0-19,32
2006,NY,36119,Confirmed,Female,20+,83
2006,NY,36119,Confirmed,Female,Suppressed,2
2006,NY,Suppressed,Confirmed,Male,20+,12
2006,NY,Suppressed,Confirmed,Female,0-19,1
2006,NY,Suppressed,Confirmed,Suppressed,Suppressed,35
2006,OH,39061,Confirmed,Male,20+,7
2006,OH,39061,Confirmed,Suppressed,Suppressed,2
2006,OH,Suppressed,Confirmed,Male,20+,12
2006,OH,Suppressed,Confirmed,Suppressed,Suppressed,22
2006,OR,Suppressed,Confirmed,Suppressed,Suppressed,5
2006,PA,42001,Confirmed,Male,0-19,8
2006,PA,42001,Confirmed,Male,20+,23
2006,PA,42001,Confirmed,Female,20+,20
2006,PA,42001,Confirmed,Female,Suppressed,3
2006,PA,42003,Confirmed,Male,20+,7
2006,PA,42003,Confirmed,Male,Suppressed,1
2006,PA,42003,Confirmed,Female,20+,5
2006,PA,42005,Confirmed,Suppressed,Suppressed,5
2006,PA,42011,Confirmed,Male,0-19,50
2006,PA,42011,Confirmed,Male,20+,105
2006,PA,42011,Confirmed,Female,0-19,25
2006,PA,42011,Confirmed,Female,20+,75
2006,PA,42015,Confirmed,Suppressed,Suppressed,5
2006,PA,42017,Confirmed,Male,0-19,59
2006,PA,42017,Confirmed,Male,20+,152
2006,PA,42017,Confirmed,Male,Suppressed,1
2006,PA,42017,Confirmed,Female,0-19,23
2006,PA,42017,Confirmed,Female,20+,111
2006,PA,42019,Confirmed,Male,0-19,21
2006,PA,42019,Confirmed,Male,20+,26
2006,PA,42019,Confirmed,Female,0-19,8
2006,PA,42019,Confirmed,Female,20+,17
2006,PA,42023,Confirmed,Male,20+,6
2006,PA,42023,Confirmed,Male,Suppressed,1
2006,PA,42023,Confirmed,Suppressed,20+,1
2006,PA,42023,Confirmed,Suppressed,Suppressed,1
2006,PA,42025,Confirmed,Male,Suppressed,5
2006,PA,42027,Confirmed,Male,20+,13
2006,PA,42027,Confirmed,Male,Suppressed,3
2006,PA,42027,Confirmed,Suppressed,Suppressed,5
2006,PA,42029,Confirmed,Male,0-19,107
2006,PA,42029,Confirmed,Male,20+,162
2006,PA,42029,Confirmed,Female,0-19,84
2006,PA,42029,Confirmed,Female,20+,128
2006,PA,42033,Confirmed,Male,0-19,14
2006,PA,42033,Confirmed,Male,20+,18
2006,PA,42033,Confirmed,Female,0-19,5
2006,PA,42033,Confirmed,Female,20+,15
2006,PA,42035,Confirmed,Male,Suppressed,6
2006,PA,42037,Confirmed,Female,Suppressed,6
2006,PA,42041,Confirmed,Male,0-19,15
2006,PA,42041,Confirmed,Male,20+,20
2006,PA,42041,Confirmed,Female,0-19,9
2006,PA,42041,Confirmed,Female,20+,16
2006,PA,42043,Confirmed,Male,0-19,12
2006,PA,42043,Confirmed,Male,20+,28
2006,PA,42043,Confirmed,Female,20+,25
2006,PA,42043,Confirmed,Female,Suppressed,4
2006,PA,42045,Confirmed,Male,0-19,27
2006,PA,42045,Confirmed,Male,20+,79
2006,PA,42045,Confirmed,Female,0-19,18
2006,PA,42045,Confirmed,Female,20+,57
2006,PA,42047,Confirmed,Male,0-19,11
2006,PA,42047,Confirmed,Male,20+,13
2006,PA,42047,Confirmed,Female,0-19,8
2006,PA,42047,Confirmed,Female,20+,8
2006,PA,42049,Confirmed,Female,20+,6
2006,PA,42049,Confirmed,Female,Suppressed,2
2006,PA,42049,Confirmed,Suppressed,20+,1
2006,PA,42055,Confirmed,Male,20+,15
2006,PA,42055,Confirmed,Male,Suppressed,1
2006,PA,42055,Confirmed,Female,0-19,8
2006,PA,42055,Confirmed,Female,20+,10
2006,PA,42057,Confirmed,Suppressed,Suppressed,5
2006,PA,42065,Confirmed,Female,20+,6
2006,PA,42065,Confirmed,Female,Suppressed,1
2006,PA,42065,Confirmed,Suppressed,20+,4
2006,PA,42065,Confirmed,Suppressed,Suppressed,2
2006,PA,42071,Confirmed,Male,0-19,32
2006,PA,42071,Confirmed,Male,20+,60
2006,PA,42071,Confirmed,Female,0-19,19
2006,PA,42071,Confirmed,Female,20+,41
2006,PA,42075,Confirmed,Male,0-19,8
2006,PA,42075,Confirmed,Male,20+,14
2006,PA,42075,Confirmed,Female,0-19,11
2006,PA,42075,Confirmed,Female,20+,13
2006,PA,42077,Confirmed,Male,0-19,21
2006,PA,42077,Confirmed,Male,20+,46
2006,PA,42077,Confirmed,Female,0-19,11
2006,PA,42077,Confirmed,Female,20+,27
2006,PA,42081,Confirmed,Female,20+,10
2006,PA,42081,Confirmed,Female,Suppressed,1
2006,PA,42081,Confirmed,Suppressed,20+,4
2006,PA,42081,Confirmed,Suppressed,Suppressed,1
2006,PA,42083,Confirmed,Suppressed,Suppressed,7
2006,PA,42089,Confirmed,Male,20+,9
2006,PA,42089,Confirmed,Male,Suppressed,1
2006,PA,42089,Confirmed,Female,0-19,6
2006,PA,42089,Confirmed,Female,20+,6
2006,PA,42091,Confirmed,Male,0-19,119
2006,PA,42091,Confirmed,Male,20+,147
2006,PA,42091,Confirmed,Female,0-19,73
2006,PA,42091,Confirmed,Female,20+,142
2006,PA,42093,Confirmed,Suppressed,Suppressed,5
2006,PA,42095,Confirmed,Male,0-19,20
2006,PA,42095,Confirmed,Male,20+,35
2006,PA,42095,Confirmed,Female,0-19,14
2006,PA,42095,Confirmed,Female,20+,30
2006,PA,42099,Confirmed,Male,20+,5
2006,PA,42099,Confirmed,Male,Suppressed,3
2006,PA,42099,Confirmed,Suppressed,Suppressed,7
2006,PA,42101,Confirmed,Male,0-19,28
2006,PA,42101,Confirmed,Male,20+,50
2006,PA,42101,Confirmed,Female,0-19,14
2006,PA,42101,Confirmed,Female,20+,47
2006,PA,42103,Confirmed,Male,0-19,6
2006,PA,42103,Confirmed,Male,20+,10
2006,PA,42103,Confirmed,Female,0-19,6
2006,PA,42103,Confirmed,Female,20+,5
2006,PA,42107,Confirmed,Female,20+,8
2006,PA,42107,Confirmed,Female,Suppressed,1
2006,PA,42107,Confirmed,Suppressed,20+,4
2006,PA,42107,Confirmed,Suppressed,Suppressed,2
2006,PA,42109,Confirmed,Suppressed,Suppressed,8
2006,PA,42117,Confirmed,Female,20+,5
2006,PA,42127,Confirmed,Suppressed,Suppressed,5
2006,PA,42129,Confirmed,Male,Suppressed,5
2006,PA,42133,Confirmed,Male,0-19,48
2006,PA,42133,Confirmed,Male,20+,98
2006,PA,42133,Confirmed,Female,0-19,41
2006,PA,42133,Confirmed,Female,20+,109
2006,PA,Suppressed,Confirmed,Male,20+,9
2006,PA,Suppressed,Confirmed,Female,0-19,2
2006,PA,Suppressed,Confirmed,Suppressed,Suppressed,42
2006,RI,44003,Confirmed,Male,0-19,15
2006,RI,44003,Confirmed,Male,20+,25
2006,RI,44003,Confirmed,Male,Suppressed,1
2006,RI,44003,Confirmed,Female,0-19,7
2006,RI,44003,Confirmed,Female,20+,14
2006,RI,44003,Confirmed,Female,Suppressed,1
2006,RI,44005,Confirmed,Suppressed,0-19,6
2006,RI,44007,Confirmed,Male,0-19,9
2006,RI,44007,Confirmed,Male,20+,15
2006,RI,44007,Confirmed,Male,Suppressed,1
2006,RI,44007,Confirmed,Female,0-19,5
2006,RI,44007,Confirmed,Female,20+,18
2006,RI,44009,Confirmed,Male,0-19,39
2006,RI,44009,Confirmed,Male,20+,63
2006,RI,44009,Confirmed,Female,0-19,23
2006,RI,44009,Confirmed,Female,20+,62
2006,RI,44009,Confirmed,Suppressed,0-19,1
2006,RI,Suppressed,Confirmed,Female,Suppressed,2
2006,RI,Suppressed,Confirmed,Suppressed,Suppressed,1
2006,SC,Suppressed,Confirmed,Suppressed,20+,20
2006,Suppressed,25015,Confirmed,Suppressed,Suppressed,1
2006,Suppressed,Suppressed,Confirmed,Female,Suppressed,19
2006,Suppressed,Suppressed,Confirmed,Suppressed,20+,32
2006,Suppressed,Suppressed,Confirmed,Suppressed,Suppressed,14
2006,TN,Suppressed,Confirmed,Female,20+,5
2006,TN,Suppressed,Confirmed,Suppressed,Suppressed,10
2006,TX,Suppressed,Confirmed,Suppressed,Suppressed,21
2006,VA,51013,Confirmed,Male,20+,5
2006,VA,51013,Confirmed,Male,Suppressed,3
2006,VA,51013,Confirmed,Suppressed,Suppressed,3
2006,VA,51043,Confirmed,Male,Suppressed,5
2006,VA,51047,Confirmed,Suppressed,Suppressed,6
2006,VA,51059,Confirmed,Male,0-19,9
2006,VA,51059,Confirmed,Male,20+,43
2006,VA,51059,Confirmed,Female,0-19,9
2006,VA,51059,Confirmed,Female,20+,37
2006,VA,51059,Confirmed,Suppressed,20+,2
2006,VA,51059,Confirmed,Suppressed,Suppressed,2
2006,VA,51061,Confirmed,Female,Suppressed,5
2006,VA,51107,Confirmed,Male,0-19,19
2006,VA,51107,Confirmed,Male,20+,35
2006,VA,51107,Confirmed,Female,0-19,12
2006,VA,51107,Confirmed,Female,20+,42
2006,VA,51107,Confirmed,Suppressed,0-19,1
2006,VA,51153,Confirmed,Male,0-19,7
2006,VA,51153,Confirmed,Male,20+,7
2006,VA,51153,Confirmed,Male,Suppressed,1
2006,VA,51153,Confirmed,Female,20+,10
2006,VA,51153,Confirmed,Female,Suppressed,4
2006,VA,51153,Confirmed,Suppressed,0-19,1
2006,VA,51680,Confirmed,Suppressed,Suppressed,8
2006,VA,51830,Confirmed,Male,Suppressed,5
2006,VA,51830,Confirmed,Female,0-19,5
2006,VA,51830,Confirmed,Female,Suppressed,1
2006,VA,Suppressed,Confirmed,Male,20+,12
2006,VA,Suppressed,Confirmed,Female,0-19,9
2006,VA,Suppressed,Confirmed,Suppressed,Suppressed,49
2006,VT,50001,Confirmed,Male,Suppressed,5
2006,VT,50003,Confirmed,Male,0-19,6
2006,VT,50003,Confirmed,Male,20+,19
2006,VT,50003,Confirmed,Female,20+,19
2006,VT,50003,Confirmed,Female,Suppressed,2
2006,VT,50003,Confirmed,Suppressed,20+,1
2006,VT,50007,Confirmed,Suppressed,Suppressed,7
2006,VT,50021,Confirmed,Male,20+,7
2006,VT,50021,Confirmed,Male,Suppressed,1
2006,VT,50021,Confirmed,Suppressed,Suppressed,4
2006,VT,50025,Confirmed,Male,20+,8
2006,VT,50025,Confirmed,Female,20+,5
2006,VT,50025,Confirmed,Female,Suppressed,3
2006,VT,Suppressed,Confirmed,Male,20+,4
2006,VT,Suppressed,Confirmed,Female,Suppressed,1
2006,VT,Suppressed,Confirmed,Suppressed,20+,6
2006,VT,Suppressed,Confirmed,Suppressed,Suppressed,7
2006,WA,Suppressed,Confirmed,Suppressed,Suppressed,6
2006,WI,55001,Confirmed,Male,20+,6
2006,WI,55001,Confirmed,Female,20+,8
2006,WI,55001,Confirmed,Female,Suppressed,1
2006,WI,55005,Confirmed,Male,0-19,7
2006,WI,55005,Confirmed,Male,20+,16
2006,WI,55005,Confirmed,Female,0-19,5
2006,WI,55005,Confirmed,Female,Suppressed,4
2006,WI,55009,Confirmed,Suppressed,Suppressed,5
2006,WI,55011,Confirmed,Suppressed,Suppressed,7
2006,WI,55013,Confirmed,Male,20+,10
2006,WI,55013,Confirmed,Male,Suppressed,2
2006,WI,55013,Confirmed,Female,0-19,5
2006,WI,55013,Confirmed,Female,20+,7
2006,WI,55017,Confirmed,Male,0-19,11
2006,WI,55017,Confirmed,Male,20+,18
2006,WI,55017,Confirmed,Female,20+,18
2006,WI,55017,Confirmed,Female,Suppressed,4
2006,WI,55019,Confirmed,Male,0-19,11
2006,WI,55019,Confirmed,Male,20+,12
2006,WI,55019,Confirmed,Female,0-19,5
2006,WI,55019,Confirmed,Female,20+,6
2006,WI,55021,Confirmed,Male,20+,9
2006,WI,55021,Confirmed,Male,Suppressed,4
2006,WI,55021,Confirmed,Female,20+,7
2006,WI,55021,Confirmed,Female,Suppressed,3
2006,WI,55023,Confirmed,Male,20+,15
2006,WI,55023,Confirmed,Male,Suppressed,3
2006,WI,55023,Confirmed,Female,0-19,5
2006,WI,55023,Confirmed,Female,20+,13
2006,WI,55025,Confirmed,Male,0-19,15
2006,WI,55025,Confirmed,Male,20+,35
2006,WI,55025,Confirmed,Female,0-19,11
2006,WI,55025,Confirmed,Female,20+,13
2006,WI,55027,Confirmed,Suppressed,Suppressed,5
2006,WI,55031,Confirmed,Male,20+,9
2006,WI,55031,Confirmed,Male,Suppressed,3
2006,WI,55031,Confirmed,Suppressed,20+,3
2006,WI,55031,Confirmed,Suppressed,Suppressed,1
2006,WI,55033,Confirmed,Male,20+,6
2006,WI,55033,Confirmed,Male,Suppressed,3
2006,WI,55033,Confirmed,Female,20+,6
2006,WI,55033,Confirmed,Female,Suppressed,3
2006,WI,55035,Confirmed,Male,0-19,26
2006,WI,55035,Confirmed,Male,20+,31
2006,WI,55035,Confirmed,Female,20+,34
2006,WI,55035,Confirmed,Female,Suppressed,3
2006,WI,55039,Confirmed,Suppressed,Suppressed,5
2006,WI,55043,Confirmed,Male,20+,10
2006,WI,55043,Confirmed,Male,Suppressed,3
2006,WI,55043,Confirmed,Suppressed,Suppressed,4
2006,WI,55049,Confirmed,Male,20+,6
2006,WI,55049,Confirmed,Male,Suppressed,1
2006,WI,55049,Confirmed,Suppressed,20+,3
2006,WI,55049,Confirmed,Suppressed,Suppressed,1
2006,WI,55053,Confirmed,Female,20+,5
2006,WI,55053,Confirmed,Female,Suppressed,2
2006,WI,55053,Confirmed,Suppressed,Suppressed,3
2006,WI,55057,Confirmed,Male,0-19,9
2006,WI,55057,Confirmed,Male,20+,16
2006,WI,55057,Confirmed,Female,0-19,5
2006,WI,55057,Confirmed,Female,20+,10
2006,WI,55063,Confirmed,Male,0-19,11
2006,WI,55063,Confirmed,Male,20+,9
2006,WI,55063,Confirmed,Female,20+,6
2006,WI,55063,Confirmed,Female,Suppressed,3
2006,WI,55069,Confirmed,Male,0-19,7
2006,WI,55069,Confirmed,Male,20+,16
2006,WI,55069,Confirmed,Female,20+,17
2006,WI,55069,Confirmed,Female,Suppressed,4
2006,WI,55073,Confirmed,Male,0-19,15
2006,WI,55073,Confirmed,Male,20+,26
2006,WI,55073,Confirmed,Female,0-19,8
2006,WI,55073,Confirmed,Female,20+,17
2006,WI,55075,Confirmed,Suppressed,Suppressed,5
2006,WI,55077,Confirmed,Female,20+,6
2006,WI,55077,Confirmed,Suppressed,Suppressed,4
2006,WI,55081,Confirmed,Male,0-19,8
2006,WI,55081,Confirmed,Male,20+,17
2006,WI,55081,Confirmed,Female,0-19,7
2006,WI,55081,Confirmed,Female,20+,22
2006,WI,55081,Confirmed,Female,Suppressed,1
2006,WI,55085,Confirmed,Male,0-19,10
2006,WI,55085,Confirmed,Male,20+,19
2006,WI,55085,Confirmed,Female,20+,31
2006,WI,55085,Confirmed,Female,Suppressed,3
2006,WI,55087,Confirmed,Suppressed,Suppressed,10
2006,WI,55093,Confirmed,Suppressed,Suppressed,8
2006,WI,55095,Confirmed,Male,0-19,5
2006,WI,55095,Confirmed,Male,20+,10
2006,WI,55095,Confirmed,Female,20+,8
2006,WI,55095,Confirmed,Female,Suppressed,3
2006,WI,55097,Confirmed,Male,0-19,16
2006,WI,55097,Confirmed,Male,20+,42
2006,WI,55097,Confirmed,Female,0-19,9
2006,WI,55097,Confirmed,Female,20+,25
2006,WI,55099,Confirmed,Male,20+,14
2006,WI,55099,Confirmed,Male,Suppressed,4
2006,WI,55099,Confirmed,Female,20+,14
2006,WI,55099,Confirmed,Female,Suppressed,1
2006,WI,55101,Confirmed,Suppressed,Suppressed,6
2006,WI,55103,Confirmed,Male,20+,11
2006,WI,55103,Confirmed,Male,Suppressed,4
2006,WI,55103,Confirmed,Female,20+,10
2006,WI,55103,Confirmed,Female,Suppressed,1
2006,WI,55105,Confirmed,Male,20+,5
2006,WI,55105,Confirmed,Male,Suppressed,2
2006,WI,55105,Confirmed,Suppressed,20+,4
2006,WI,55107,Confirmed,Male,0-19,9
2006,WI,55107,Confirmed,Male,20+,9
2006,WI,55107,Confirmed,Female,0-19,7
2006,WI,55107,Confirmed,Female,20+,15
2006,WI,55109,Confirmed,Male,0-19,8
2006,WI,55109,Confirmed,Male,20+,5
2006,WI,55109,Confirmed,Female,0-19,6
2006,WI,55109,Confirmed,Female,20+,8
2006,WI,55111,Confirmed,Male,20+,6
2006,WI,55111,Confirmed,Male,Suppressed,1
2006,WI,55111,Confirmed,Suppressed,20+,3
2006,WI,55111,Confirmed,Suppressed,Suppressed,2
2006,WI,55113,Confirmed,Male,0-19,8
2006,WI,55113,Confirmed,Male,20+,15
2006,WI,55113,Confirmed,Female,0-19,6
2006,WI,55113,Confirmed,Female,20+,16
2006,WI,55115,Confirmed,Male,Suppressed,6
2006,WI,55115,Confirmed,Female,20+,5
2006,WI,55119,Confirmed,Female,20+,6
2006,WI,55119,Confirmed,Suppressed,Suppressed,4
2006,WI,55121,Confirmed,Male,20+,10
2006,WI,55121,Confirmed,Male,Suppressed,4
2006,WI,55121,Confirmed,Female,20+,6
2006,WI,55121,Confirmed,Female,Suppressed,3
2006,WI,55123,Confirmed,Male,20+,12
2006,WI,55123,Confirmed,Male,Suppressed,2
2006,WI,55123,Confirmed,Female,0-19,6
2006,WI,55123,Confirmed,Female,20+,6
2006,WI,55125,Confirmed,Male,20+,8
2006,WI,55125,Confirmed,Male,Suppressed,1
2006,WI,55125,Confirmed,Female,20+,9
2006,WI,55129,Confirmed,Male,20+,11
2006,WI,55129,Confirmed,Male,Suppressed,1
2006,WI,55129,Confirmed,Female,20+,21
2006,WI,55129,Confirmed,Female,Suppressed,4
2006,WI,55133,Confirmed,Male,20+,6
2006,WI,55133,Confirmed,Suppressed,Suppressed,1
2006,WI,55135,Confirmed,Male,0-19,8
2006,WI,55135,Confirmed,Male,20+,26
2006,WI,55135,Confirmed,Female,20+,17
2006,WI,55135,Confirmed,Female,Suppressed,2
2006,WI,55137,Confirmed,Male,20+,8
2006,WI,55137,Confirmed,Male,Suppressed,1
2006,WI,55137,Confirmed,Female,20+,10
2006,WI,55137,Confirmed,Female,Suppressed,2
2006,WI,55139,Confirmed,Male,20+,5
2006,WI,55139,Confirmed,Female,20+,5
2006,WI,55139,Confirmed,Female,Suppressed,1
2006,WI,55141,Confirmed,Male,0-19,21
2006,WI,55141,Confirmed,Male,20+,23
2006,WI,55141,Confirmed,Female,0-19,7
2006,WI,55141,Confirmed,Female,20+,24
2006,WI,Suppressed,Confirmed,Male,0-19,7
2006,WI,Suppressed,Confirmed,Female,20+,10
2006,WI,Suppressed,Confirmed,Suppressed,Suppressed,32
2006,WV,54003,Confirmed,Male,Suppressed,5
2006,WV,54003,Confirmed,Female,Suppressed,7
2006,WV,Suppressed,Confirmed,Female,Suppressed,9
2006,WV,Suppressed,Confirmed,Suppressed,Suppressed,6
2007,AK,Suppressed,Confirmed,Female,Suppressed,6
2007,AL,Suppressed,Confirmed,Male,20+,5
2007,AL,Suppressed,Confirmed,Suppressed,20+,7
2007,CA,06023,Confirmed,Suppressed,Suppressed,6
2007,CA,06037,Confirmed,Suppressed,Suppressed,9
2007,CA,06045,Confirmed,Suppressed,Suppressed,5
2007,CA,06073,Confirmed,Suppressed,Suppressed,5
2007,CA,06097,Confirmed,Male,Suppressed,5
2007,CA,Suppressed,Confirmed,Male,0-19,7
2007,CA,Suppressed,Confirmed,Female,20+,9
2007,CA,Suppressed,Confirmed,Suppressed,Suppressed,29
2007,CT,09001,Confirmed,Male,0-19,119
2007,CT,09001,Confirmed,Male,20+,121
2007,CT,09001,Confirmed,Male,Suppressed,1
2007,CT,09001,Confirmed,Female,0-19,78
2007,CT,09001,Confirmed,Female,20+,115
2007,CT,09003,Confirmed,Male,0-19,61
2007,CT,09003,Confirmed,Male,20+,61
2007,CT,09003,Confirmed,Male,Suppressed,1
2007,CT,09003,Confirmed,Female,0-19,41
2007,CT,09003,Confirmed,Female,20+,51
2007,CT,09003,Confirmed,Female,Suppressed,1
2007,CT,09005,Confirmed,Male,0-19,47
2007,CT,09005,Confirmed,Male,20+,130
2007,CT,09005,Confirmed,Female,0-19,45
2007,CT,09005,Confirmed,Female,20+,134
2007,CT,09005,Confirmed,Female,Suppressed,2
2007,CT,09007,Confirmed,Male,0-19,29
2007,CT,09007,Confirmed,Male,20+,61
2007,CT,09007,Confirmed,Female,0-19,20
2007,CT,09007,Confirmed,Female,20+,46
2007,CT,09007,Confirmed,Female,Suppressed,1
2007,CT,09009,Confirmed,Male,0-19,101
2007,CT,09009,Confirmed,Male,20+,118
2007,CT,09009,Confirmed,Male,Suppressed,1
2007,CT,09009,Confirmed,Female,0-19,49
2007,CT,09009,Confirmed,Female,20+,108
2007,CT,09011,Confirmed,Male,0-19,105
2007,CT,09011,Confirmed,Male,20+,129
2007,CT,09011,Confirmed,Female,0-19,53
2007,CT,09011,Confirmed,Female,20+,120
2007,CT,09013,Confirmed,Male,0-19,49
2007,CT,09013,Confirmed,Male,20+,86
2007,CT,09013,Confirmed,Male,Suppressed,1
2007,CT,09013,Confirmed,Female,0-19,30
2007,CT,09013,Confirmed,Female,20+,61
2007,CT,09015,Confirmed,Male,0-19,49
2007,CT,09015,Confirmed,Male,20+,53
2007,CT,09015,Confirmed,Female,0-19,23
2007,CT,09015,Confirmed,Female,20+,53
2007,CT,Unknown,Confirmed,Male,0-19,108
2007,CT,Unknown,Confirmed,Male,20+,284
2007,CT,Unknown,Confirmed,Female,0-19,59
2007,CT,Unknown,Confirmed,Female,20+,251
2007,CT,Unknown,Confirmed,Female,Suppressed,2
2007,DC,11001,Confirmed,Male,0-19,11
2007,DC,11001,Confirmed,Male,20+,40
2007,DC,11001,Confirmed,Female,0-19,10
2007,DC,11001,Confirmed,Female,20+,53
2007,DC,11001,Confirmed,Female,Suppressed,2
2007,DE,10001,Confirmed,Male,0-19,7
2007,DE,10001,Confirmed,Male,20+,27
2007,DE,10001,Confirmed,Female,0-19,8
2007,DE,10001,Confirmed,Female,20+,29
2007,DE,10001,Confirmed,Unknown,0-19,21
2007,DE,10001,Confirmed,Unknown,20+,63
2007,DE,10003,Confirmed,Male,0-19,14
2007,DE,10003,Confirmed,Male,20+,42
2007,DE,10003,Confirmed,Female,0-19,9
2007,DE,10003,Confirmed,Female,20+,55
2007,DE,10003,Confirmed,Unknown,0-19,66
2007,DE,10003,Confirmed,Unknown,20+,255
2007,DE,10005,Confirmed,Male,0-19,5
2007,DE,10005,Confirmed,Male,20+,17
2007,DE,10005,Confirmed,Female,20+,17
2007,DE,10005,Confirmed,Female,Suppressed,3
2007,DE,10005,Confirmed,Unknown,0-19,10
2007,DE,10005,Confirmed,Unknown,20+,40
2007,DE,Unknown,Confirmed,Unknown,0-19,8
2007,DE,Unknown,Confirmed,Unknown,20+,19
2007,FL,Suppressed,Confirmed,Male,20+,10
2007,FL,Suppressed,Confirmed,Suppressed,20+,11
2007,FL,Suppressed,Confirmed,Suppressed,Suppressed,5
2007,GA,Suppressed,Confirmed,Suppressed,20+,8
2007,IA,19005,Confirmed,Suppressed,Suppressed,5
2007,IA,19043,Confirmed,Male,Suppressed,5
2007,IA,19061,Confirmed,Suppressed,Suppressed,5
2007,IA,19065,Confirmed,Suppressed,Suppressed,7
2007,IA,19095,Confirmed,Suppressed,Suppressed,8
2007,IA,19103,Confirmed,Male,0-19,5
2007,IA,19103,Confirmed,Male,20+,7
2007,IA,19103,Confirmed,Female,0-19,7
2007,IA,19103,Confirmed,Female,20+,9
2007,IA,19113,Confirmed,Male,Suppressed,6
2007,IA,Suppressed,Confirmed,Male,0-19,11
2007,IA,Suppressed,Confirmed,Female,20+,12
2007,IA,Suppressed,Confirmed,Suppressed,Suppressed,36
2007,ID,Suppressed,Confirmed,Female,20+,7
2007,IL,17015,Confirmed,Suppressed,Suppressed,6
2007,IL,17031,Confirmed,Male,20+,10
2007,IL,17031,Confirmed,Male,Suppressed,2
2007,IL,17031,Confirmed,Female,20+,16
2007,IL,17031,Confirmed,Female,Suppressed,2
2007,IL,17043,Confirmed,Male,0-19,9
2007,IL,17043,Confirmed,Male,Suppressed,3
2007,IL,17043,Confirmed,Suppressed,Suppressed,4
2007,IL,17085,Confirmed,Male,Suppressed,5
2007,IL,17089,Confirmed,Suppressed,Suppressed,6
2007,IL,17097,Confirmed,Suppressed,Suppressed,8
2007,IL,17099,Confirmed,Male,Suppressed,5
2007,IL,17111,Confirmed,Male,Suppressed,5
2007,IL,17113,Confirmed,Suppressed,Suppressed,5
2007,IL,17149,Confirmed,Suppressed,Suppressed,5
2007,IL,17197,Confirmed,Male,Suppressed,5
2007,IL,17201,Confirmed,Suppressed,Suppressed,11
2007,IL,Suppressed,Confirmed,Male,0-19,11
2007,IL,Suppressed,Confirmed,Female,20+,10
2007,IL,Suppressed,Confirmed,Suppressed,Suppressed,21
2007,IN,18057,Confirmed,Suppressed,Suppressed,7
2007,IN,18089,Confirmed,Suppressed,Suppressed,5
2007,IN,18127,Confirmed,Suppressed,Suppressed,5
2007,IN,Suppressed,Confirmed,Male,20+,11
2007,IN,Suppressed,Confirmed,Suppressed,Suppressed,27
2007,KS,Suppressed,Confirmed,Suppressed,20+,7
2007,MA,25001,Confirmed,Male,0-19,47
2007,MA,25001,Confirmed,Male,20+,65
2007,MA,25001,Confirmed,Male,Suppressed,3
2007,MA,25001,Confirmed,Female,0-19,26
2007,MA,25001,Confirmed,Female,20+,64
2007,MA,25001,Confirmed,Female,Suppressed,4
2007,MA,25001,Confirmed,Suppressed,20+,4
2007,MA,25001,Confirmed,Suppressed,Suppressed,1
2007,MA,25003,Confirmed,Male,0-19,19
2007,MA,25003,Confirmed,Male,20+,28
2007,MA,25003,Confirmed,Female,0-19,6
2007,MA,25003,Confirmed,Female,20+,29
2007,MA,25003,Confirmed,Suppressed,20+,1
2007,MA,25005,Confirmed,Male,0-19,40
2007,MA,25005,Confirmed,Male,20+,63
2007,MA,25005,Confirmed,Male,Suppressed,2
2007,MA,25005,Confirmed,Female,0-19,32
2007,MA,25005,Confirmed,Female,20+,70
2007,MA,25005,Confirmed,Suppressed,20+,1
2007,MA,25007,Confirmed,Male,20+,23
2007,MA,25007,Confirmed,Male,Suppressed,2
2007,MA,25007,Confirmed,Female,20+,21
2007,MA,25007,Confirmed,Female,Suppressed,4
2007,MA,25007,Confirmed,Suppressed,Suppressed,1
2007,MA,25009,Confirmed,Male,0-19,66
2007,MA,25009,Confirmed,Male,20+,109
2007,MA,25009,Confirmed,Male,Suppressed,1
2007,MA,25009,Confirmed,Female,0-19,44
2007,MA,25009,Confirmed,Female,20+,81
2007,MA,25009,Confirmed,Female,Suppressed,1
2007,MA,25009,Confirmed,Suppressed,20+,2
2007,MA,25009,Confirmed,Suppressed,Suppressed,1
2007,MA,25011,Confirmed,Male,20+,10
2007,MA,25011,Confirmed,Male,Suppressed,4
2007,MA,25011,Confirmed,Female,20+,8
2007,MA,25011,Confirmed,Female,Suppressed,2
2007,MA,25013,Confirmed,Male,0-19,28
2007,MA,25013,Confirmed,Male,20+,32
2007,MA,25013,Confirmed,Female,0-19,21
2007,MA,25013,Confirmed,Female,20+,36
2007,MA,25013,Confirmed,Female,Suppressed,2
2007,MA,25013,Confirmed,Suppressed,20+,1
2007,MA,25015,Confirmed,Male,0-19,14
2007,MA,25015,Confirmed,Male,20+,12
2007,MA,25015,Confirmed,Female,0-19,9
2007,MA,25015,Confirmed,Female,20+,28
2007,MA,25017,Confirmed,Male,0-19,109
2007,MA,25017,Confirmed,Male,20+,223
2007,MA,25017,Confirmed,Male,Suppressed,3
2007,MA,25017,Confirmed,Female,0-19,79
2007,MA,25017,Confirmed,Female,20+,167
2007,MA,25017,Confirmed,Female,Suppressed,2
2007,MA,25017,Confirmed,Suppressed,20+,2
2007,MA,25017,Confirmed,Suppressed,Suppressed,2
2007,MA,25019,Confirmed,Male,20+,25
2007,MA,25019,Confirmed,Male,Suppressed,3
2007,MA,25019,Confirmed,Female,20+,24
2007,MA,25019,Confirmed,Female,Suppressed,4
2007,MA,25019,Confirmed,Suppressed,20+,4
2007,MA,25019,Confirmed,Suppressed,Suppressed,1
2007,MA,25021,Confirmed,Male,0-19,106
2007,MA,25021,Confirmed,Male,20+,100
2007,MA,25021,Confirmed,Female,0-19,40
2007,MA,25021,Confirmed,Female,20+,86
2007,MA,25021,Confirmed,Suppressed,20+,1
2007,MA,25023,Confirmed,Male,0-19,88
2007,MA,25023,Confirmed,Male,20+,106
2007,MA,25023,Confirmed,Male,Suppressed,1
2007,MA,25023,Confirmed,Female,0-19,38
2007,MA,25023,Confirmed,Female,20+,88
2007,MA,25023,Confirmed,Suppressed,20+,2
2007,MA,25023,Confirmed,Suppressed,Suppressed,1
2007,MA,25025,Confirmed,Male,20+,15
2007,MA,25025,Confirmed,Male,Suppressed,4
2007,MA,25025,Confirmed,Female,20+,15
2007,MA,25025,Confirmed,Female,Suppressed,1
2007,MA,25027,Confirmed,Male,0-19,60
2007,MA,25027,Confirmed,Male,20+,120
2007,MA,25027,Confirmed,Male,Suppressed,2
2007,MA,25027,Confirmed,Female,0-19,34
2007,MA,25027,Confirmed,Female,20+,123
2007,MA,25027,Confirmed,Suppressed,20+,1
2007,MA,25027,Confirmed,Suppressed,Suppressed,1
2007,MA,Unknown,Confirmed,Male,0-19,41
2007,MA,Unknown,Confirmed,Male,20+,85
2007,MA,Unknown,Confirmed,Male,Suppressed,2
2007,MA,Unknown,Confirmed,Female,0-19,31
2007,MA,Unknown,Confirmed,Female,20+,77
2007,MA,Unknown,Confirmed,Suppressed,20+,1
2007,MA,Unknown,Confirmed,Suppressed,Suppressed,2
2007,MD,24001,Confirmed,Male,20+,6
2007,MD,24001,Confirmed,Suppressed,20+,1
2007,MD,24003,Confirmed,Male,0-19,29
2007,MD,24003,Confirmed,Male,20+,72
2007,MD,24003,Confirmed,Female,0-19,21
2007,MD,24003,Confirmed,Female,20+,74
2007,MD,24005,Confirmed,Male,0-19,42
2007,MD,24005,Confirmed,Male,20+,104
2007,MD,24005,Confirmed,Female,0-19,23
2007,MD,24005,Confirmed,Female,20+,94
2007,MD,24005,Confirmed,Suppressed,Suppressed,2
2007,MD,24009,Confirmed,Male,0-19,8
2007,MD,24009,Confirmed,Male,20+,21
2007,MD,24009,Confirmed,Female,0-19,7
2007,MD,24009,Confirmed,Female,20+,46
2007,MD,24009,Confirmed,Suppressed,20+,1
2007,MD,24011,Confirmed,Male,20+,10
2007,MD,24011,Confirmed,Male,Suppressed,1
2007,MD,24011,Confirmed,Female,20+,10
2007,MD,24011,Confirmed,Female,Suppressed,3
2007,MD,24013,Confirmed,Male,0-19,44
2007,MD,24013,Confirmed,Male,20+,73
2007,MD,24013,Confirmed,Female,0-19,39
2007,MD,24013,Confirmed,Female,20+,85
2007,MD,24013,Confirmed,Suppressed,Suppressed,4
2007,MD,24015,Confirmed,Male,0-19,9
2007,MD,24015,Confirmed,Male,20+,31
2007,MD,24015,Confirmed,Female,0-19,11
2007,MD,24015,Confirmed,Female,20+,41
2007,MD,24015,Confirmed,Suppressed,20+,1
2007,MD,24017,Confirmed,Male,0-19,6
2007,MD,24017,Confirmed,Male,20+,15
2007,MD,24017,Confirmed,Female,20+,19
2007,MD,24017,Confirmed,Female,Suppressed,4
2007,MD,24021,Confirmed,Male,0-19,34
2007,MD,24021,Confirmed,Male,20+,75
2007,MD,24021,Confirmed,Female,0-19,27
2007,MD,24021,Confirmed,Female,20+,83
2007,MD,24021,Confirmed,Female,Suppressed,1
2007,MD,24025,Confirmed,Male,0-19,22
2007,MD,24025,Confirmed,Male,20+,62
2007,MD,24025,Confirmed,Female,0-19,22
2007,MD,24025,Confirmed,Female,20+,46
2007,MD,24025,Confirmed,Unknown,20+,5
2007,MD,24025,Confirmed,Unknown,Suppressed,3
2007,MD,24027,Confirmed,Male,0-19,77
2007,MD,24027,Confirmed,Male,20+,113
2007,MD,24027,Confirmed,Male,Suppressed,1
2007,MD,24027,Confirmed,Female,0-19,43
2007,MD,24027,Confirmed,Female,20+,115
2007,MD,24027,Confirmed,Suppressed,Suppressed,3
2007,MD,24029,Confirmed,Male,0-19,5
2007,MD,24029,Confirmed,Male,20+,16
2007,MD,24029,Confirmed,Female,20+,15
2007,MD,24029,Confirmed,Female,Suppressed,5
2007,MD,24031,Confirmed,Male,0-19,96
2007,MD,24031,Confirmed,Male,20+,159
2007,MD,24031,Confirmed,Female,0-19,48
2007,MD,24031,Confirmed,Female,20+,172
2007,MD,24033,Confirmed,Male,0-19,14
2007,MD,24033,Confirmed,Male,20+,33
2007,MD,24033,Confirmed,Female,0-19,5
2007,MD,24033,Confirmed,Female,20+,48
2007,MD,24033,Confirmed,Female,Suppressed,1
2007,MD,24033,Confirmed,Suppressed,20+,1
2007,MD,24035,Confirmed,Male,0-19,9
2007,MD,24035,Confirmed,Male,20+,13
2007,MD,24035,Confirmed,Female,0-19,5
2007,MD,24035,Confirmed,Female,20+,20
2007,MD,24039,Confirmed,Male,20+,5
2007,MD,24039,Confirmed,Male,Suppressed,2
2007,MD,24039,Confirmed,Suppressed,20+,2
2007,MD,24039,Confirmed,Suppressed,Suppressed,1
2007,MD,24041,Confirmed,Male,Unknown,9
2007,MD,24041,Confirmed,Male,Suppressed,5
2007,MD,24041,Confirmed,Female,20+,9
2007,MD,24041,Confirmed,Female,Unknown,6
2007,MD,24041,Confirmed,Female,Suppressed,1
2007,MD,24043,Confirmed,Male,0-19,13
2007,MD,24043,Confirmed,Male,20+,30
2007,MD,24043,Confirmed,Female,0-19,14
2007,MD,24043,Confirmed,Female,20+,25
2007,MD,24045,Confirmed,Male,20+,9
2007,MD,24045,Confirmed,Male,Suppressed,1
2007,MD,24045,Confirmed,Female,20+,6
2007,MD,24045,Confirmed,Female,Suppressed,2
2007,MD,24047,Confirmed,Suppressed,20+,5
2007,MD,24510,Confirmed,Male,0-19,6
2007,MD,24510,Confirmed,Male,20+,14
2007,MD,24510,Confirmed,Female,0-19,10
2007,MD,24510,Confirmed,Female,20+,16
2007,MD,Unknown,Confirmed,Male,20+,5
2007,MD,Unknown,Confirmed,Male,Suppressed,2
2007,MD,Unknown,Confirmed,Suppressed,20+,4
2007,MD,Unknown,Confirmed,Suppressed,Suppressed,4
2007,MD,Suppressed,Confirmed,Male,20+,3
2007,MD,Suppressed,Confirmed,Unknown,Suppressed,3
2007,MD,Suppressed,Confirmed,Suppressed,Suppressed,10
2007,ME,23001,Confirmed,Male,20+,9
2007,ME,23001,Confirmed,Male,Suppressed,3
2007,ME,23001,Confirmed,Female,20+,7
2007,ME,23001,Confirmed,Female,Suppressed,2
2007,ME,23005,Confirmed,Male,0-19,36
2007,ME,23005,Confirmed,Male,20+,60
2007,ME,23005,Confirmed,Female,0-19,21
2007,ME,23005,Confirmed,Female,20+,48
2007,ME,23009,Confirmed,Male,20+,7
2007,ME,23009,Confirmed,Male,Suppressed,1
2007,ME,23009,Confirmed,Female,20+,5
2007,ME,23009,Confirmed,Female,Suppressed,1
2007,ME,23011,Confirmed,Male,0-19,6
2007,ME,23011,Confirmed,Male,20+,17
2007,ME,23011,Confirmed,Female,0-19,8
2007,ME,23011,Confirmed,Female,20+,15
2007,ME,23013,Confirmed,Male,20+,7
2007,ME,23013,Confirmed,Male,Suppressed,4
2007,ME,23013,Confirmed,Female,20+,9
2007,ME,23013,Confirmed,Female,Suppressed,1
2007,ME,23015,Confirmed,Male,20+,10
2007,ME,23015,Confirmed,Male,Suppressed,3
2007,ME,23015,Confirmed,Female,20+,9
2007,ME,23015,Confirmed,Female,Suppressed,4
2007,ME,23023,Confirmed,Male,20+,10
2007,ME,23023,Confirmed,Male,Suppressed,3
2007,ME,23023,Confirmed,Female,20+,19
2007,ME,23023,Confirmed,Female,Suppressed,1
2007,ME,23027,Confirmed,Female,20+,5
2007,ME,23027,Confirmed,Female,Suppressed,3
2007,ME,23027,Confirmed,Suppressed,Suppressed,4
2007,ME,23031,Confirmed,Male,0-19,34
2007,ME,23031,Confirmed,Male,20+,60
2007,ME,23031,Confirmed,Female,0-19,17
2007,ME,23031,Confirmed,Female,20+,61
2007,ME,Suppressed,Confirmed,Male,0-19,1
2007,ME,Suppressed,Confirmed,Male,Suppressed,9
2007,ME,Suppressed,Confirmed,Suppressed,Suppressed,9
2007,MI,26021,Confirmed,Suppressed,Suppressed,5
2007,MI,26053,Confirmed,Suppressed,Suppressed,6
2007,MI,26109,Confirmed,Male,20+,9
2007,MI,26109,Confirmed,Male,Suppressed,2
2007,MI,26109,Confirmed,Suppressed,20+,1
2007,MI,Suppressed,Confirmed,Male,Suppressed,3
2007,MI,Suppressed,Confirmed,Female,20+,8
2007,MI,Suppressed,Confirmed,Suppressed,Suppressed,17
2007,MN,27001,Confirmed,Male,20+,11
2007,MN,27001,Confirmed,Male,Suppressed,3
2007,MN,27001,Confirmed,Female,Suppressed,5
2007,MN,27001,Confirmed,Suppressed,20+,1
2007,MN,27003,Confirmed,Male,0-19,20
2007,MN,27003,Confirmed,Male,20+,35
2007,MN,27003,Confirmed,Female,0-19,20
2007,MN,27003,Confirmed,Female,20+,26
2007,MN,27005,Confirmed,Female,0-19,5
2007,MN,27005,Confirmed,Female,Suppressed,3
2007,MN,27005,Confirmed,Suppressed,Suppressed,3
2007,MN,27007,Confirmed,Male,20+,9
2007,MN,27007,Confirmed,Male,Suppressed,1
2007,MN,27007,Confirmed,Suppressed,20+,4
2007,MN,27007,Confirmed,Suppressed,Suppressed,1
2007,MN,27017,Confirmed,Male,0-19,5
2007,MN,27017,Confirmed,Male,20+,11
2007,MN,27017,Confirmed,Female,0-19,9
2007,MN,27017,Confirmed,Female,20+,9
2007,MN,27019,Confirmed,Male,20+,5
2007,MN,27019,Confirmed,Male,Suppressed,3
2007,MN,27019,Confirmed,Suppressed,20+,3
2007,MN,27021,Confirmed,Male,0-19,6
2007,MN,27021,Confirmed,Male,20+,12
2007,MN,27021,Confirmed,Female,0-19,6
2007,MN,27021,Confirmed,Female,20+,16
2007,MN,27025,Confirmed,Male,0-19,7
2007,MN,27025,Confirmed,Male,20+,6
2007,MN,27025,Confirmed,Female,20+,5
2007,MN,27025,Confirmed,Female,Suppressed,3
2007,MN,27035,Confirmed,Male,0-19,22
2007,MN,27035,Confirmed,Male,20+,49
2007,MN,27035,Confirmed,Female,0-19,8
2007,MN,27035,Confirmed,Female,20+,32
2007,MN,27037,Confirmed,Male,0-19,21
2007,MN,27037,Confirmed,Male,20+,26
2007,MN,27037,Confirmed,Female,0-19,10
2007,MN,27037,Confirmed,Female,20+,18
2007,MN,27045,Confirmed,Suppressed,Suppressed,5
2007,MN,27049,Confirmed,Male,20+,6
2007,MN,27049,Confirmed,Suppressed,Suppressed,4
2007,MN,27053,Confirmed,Male,0-19,36
2007,MN,27053,Confirmed,Male,20+,92
2007,MN,27053,Confirmed,Female,0-19,11
2007,MN,27053,Confirmed,Female,20+,56
2007,MN,27055,Confirmed,Male,20+,8
2007,MN,27055,Confirmed,Male,Suppressed,2
2007,MN,27055,Confirmed,Female,20+,5
2007,MN,27055,Confirmed,Female,Suppressed,2
2007,MN,27057,Confirmed,Male,0-19,5
2007,MN,27057,Confirmed,Male,20+,7
2007,MN,27057,Confirmed,Suppressed,20+,4
2007,MN,27059,Confirmed,Male,20+,8
2007,MN,27059,Confirmed,Male,Suppressed,4
2007,MN,27059,Confirmed,Suppressed,20+,3
2007,MN,27061,Confirmed,Male,20+,12
2007,MN,27061,Confirmed,Male,Suppressed,3
2007,MN,27061,Confirmed,Female,20+,7
2007,MN,27061,Confirmed,Female,Suppressed,2
2007,MN,27065,Confirmed,Male,20+,6
2007,MN,27065,Confirmed,Female,20+,6
2007,MN,27067,Confirmed,Suppressed,Suppressed,5
2007,MN,27095,Confirmed,Male,0-19,6
2007,MN,27095,Confirmed,Male,Suppressed,4
2007,MN,27095,Confirmed,Suppressed,Suppressed,2
2007,MN,27097,Confirmed,Male,20+,10
2007,MN,27097,Confirmed,Male,Suppressed,2
2007,MN,27097,Confirmed,Female,20+,5
2007,MN,27097,Confirmed,Female,Suppressed,2
2007,MN,27109,Confirmed,Male,0-19,6
2007,MN,27109,Confirmed,Male,20+,7
2007,MN,27109,Confirmed,Suppressed,Suppressed,4
2007,MN,27111,Confirmed,Male,20+,5
2007,MN,27111,Confirmed,Male,Suppressed,2
2007,MN,27111,Confirmed,Suppressed,20+,2
2007,MN,27111,Confirmed,Suppressed,Suppressed,1
2007,MN,27115,Confirmed,Male,0-19,8
2007,MN,27115,Confirmed,Male,20+,16
2007,MN,27115,Confirmed,Female,0-19,6
2007,MN,27115,Confirmed,Female,20+,10
2007,MN,27119,Confirmed,Male,Suppressed,5
2007,MN,27123,Confirmed,Male,0-19,17
2007,MN,27123,Confirmed,Male,20+,47
2007,MN,27123,Confirmed,Female,0-19,9
2007,MN,27123,Confirmed,Female,20+,21
2007,MN,27131,Confirmed,Male,Suppressed,6
2007,MN,27137,Confirmed,Male,20+,13
2007,MN,27137,Confirmed,Male,Suppressed,2
2007,MN,27137,Confirmed,Female,0-19,6
2007,MN,27137,Confirmed,Female,20+,9
2007,MN,27139,Confirmed,Male,20+,6
2007,MN,27139,Confirmed,Male,Suppressed,4
2007,MN,27139,Confirmed,Female,20+,5
2007,MN,27139,Confirmed,Female,Suppressed,3
2007,MN,27141,Confirmed,Male,0-19,8
2007,MN,27141,Confirmed,Male,20+,7
2007,MN,27141,Confirmed,Female,0-19,6
2007,MN,27141,Confirmed,Female,20+,14
2007,MN,27145,Confirmed,Male,0-19,9
2007,MN,27145,Confirmed,Male,20+,11
2007,MN,27145,Confirmed,Female,0-19,5
2007,MN,27145,Confirmed,Female,Suppressed,4
2007,MN,27153,Confirmed,Suppressed,Suppressed,8
2007,MN,27159,Confirmed,Suppressed,Suppressed,8
2007,MN,27163,Confirmed,Male,0-19,20
2007,MN,27163,Confirmed,Male,20+,21
2007,MN,27163,Confirmed,Female,20+,19
2007,MN,27163,Confirmed,Female,Suppressed,4
2007,MN,27169,Confirmed,Male,0-19,5
2007,MN,27169,Confirmed,Male,20+,11
2007,MN,27169,Confirmed,Female,20+,16
2007,MN,27169,Confirmed,Female,Suppressed,4
2007,MN,27171,Confirmed,Male,0-19,5
2007,MN,27171,Confirmed,Male,20+,12
2007,MN,27171,Confirmed,Female,20+,5
2007,MN,Suppressed,Confirmed,Male,0-19,9
2007,MN,Suppressed,Confirmed,Female,20+,5
2007,MN,Suppressed,Confirmed,Suppressed,Suppressed,33
2007,MO,Suppressed,Confirmed,Female,Suppressed,5
2007,MO,Suppressed,Confirmed,Suppressed,Suppressed,5
2007,NC,37133,Confirmed,Male,0-19,6
2007,NC,37133,Confirmed,Male,Suppressed,3
2007,NC,37133,Confirmed,Suppressed,0-19,1
2007,NC,37183,Confirmed,Female,Suppressed,5
2007,NC,Suppressed,Confirmed,Male,20+,9
2007,NC,Suppressed,Confirmed,Suppressed,0-19,4
2007,NC,Suppressed,Confirmed,Suppressed,Suppressed,25
2007,ND,Suppressed,Confirmed,Male,Suppressed,10
2007,NE,Suppressed,Confirmed,Suppressed,Suppressed,5
2007,NH,33003,Confirmed,Male,20+,10
2007,NH,33003,Confirmed,Male,Suppressed,3
2007,NH,33003,Confirmed,Female,20+,6
2007,NH,33005,Confirmed,Male,Suppressed,6
2007,NH,33005,Confirmed,Female,20+,5
2007,NH,33005,Confirmed,Female,Suppressed,2
2007,NH,33009,Confirmed,Male,20+,6
2007,NH,33009,Confirmed,Male,Suppressed,1
2007,NH,33009,Confirmed,Suppressed,20+,4
2007,NH,33009,Confirmed,Suppressed,Suppressed,3
2007,NH,33011,Confirmed,Male,0-19,40
2007,NH,33011,Confirmed,Male,20+,65
2007,NH,33011,Confirmed,Female,0-19,41
2007,NH,33011,Confirmed,Female,20+,71
2007,NH,33011,Confirmed,Suppressed,20+,1
2007,NH,33013,Confirmed,Male,0-19,8
2007,NH,33013,Confirmed,Male,20+,21
2007,NH,33013,Confirmed,Female,20+,12
2007,NH,33013,Confirmed,Female,Suppressed,4
2007,NH,33015,Confirmed,Male,0-19,62
2007,NH,33015,Confirmed,Male,20+,144
2007,NH,33015,Confirmed,Female,0-19,39
2007,NH,33015,Confirmed,Female,20+,150
2007,NH,33017,Confirmed,Male,0-19,35
2007,NH,33017,Confirmed,Male,20+,65
2007,NH,33017,Confirmed,Female,0-19,18
2007,NH,33017,Confirmed,Female,20+,62
2007,NH,Suppressed,Confirmed,Male,0-19,1
2007,NH,Suppressed,Confirmed,Female,20+,7
2007,NH,Suppressed,Confirmed,Suppressed,Suppressed,4
2007,NJ,34001,Confirmed,Male,0-19,7
2007,NJ,34001,Confirmed,Male,20+,48
2007,NJ,34001,Confirmed,Female,0-19,13
2007,NJ,34001,Confirmed,Female,20+,92
2007,NJ,34003,Confirmed,Male,0-19,32
2007,NJ,34003,Confirmed,Male,20+,42
2007,NJ,34003,Confirmed,Female,0-19,14
2007,NJ,34003,Confirmed,Female,20+,69
2007,NJ,34005,Confirmed,Male,0-19,25
2007,NJ,34005,Confirmed,Male,20+,56
2007,NJ,34005,Confirmed,Female,0-19,16
2007,NJ,34005,Confirmed,Female,20+,76
2007,NJ,34005,Confirmed,Female,Suppressed,1
2007,NJ,34009,Confirmed,Male,20+,7
2007,NJ,34009,Confirmed,Male,Suppressed,4
2007,NJ,34009,Confirmed,Female,20+,23
2007,NJ,34009,Confirmed,Female,Suppressed,4
2007,NJ,34011,Confirmed,Male,0-19,13
2007,NJ,34011,Confirmed,Male,20+,60
2007,NJ,34011,Confirmed,Female,0-19,10
2007,NJ,34011,Confirmed,Female,20+,81
2007,NJ,34013,Confirmed,Male,0-19,13
2007,NJ,34013,Confirmed,Male,20+,34
2007,NJ,34013,Confirmed,Female,0-19,14
2007,NJ,34013,Confirmed,Female,20+,29
2007,NJ,34013,Confirmed,Suppressed,0-19,1
2007,NJ,34015,Confirmed,Female,20+,5
2007,NJ,34015,Confirmed,Female,Suppressed,1
2007,NJ,34015,Confirmed,Suppressed,Suppressed,1
2007,NJ,34017,Confirmed,Female,20+,11
2007,NJ,34017,Confirmed,Suppressed,20+,3
2007,NJ,34017,Confirmed,Suppressed,Suppressed,2
2007,NJ,34019,Confirmed,Male,0-19,41
2007,NJ,34019,Confirmed,Male,20+,86
2007,NJ,34019,Confirmed,Female,0-19,40
2007,NJ,34019,Confirmed,Female,20+,87
2007,NJ,34019,Confirmed,Female,Suppressed,2
2007,NJ,34021,Confirmed,Male,0-19,30
2007,NJ,34021,Confirmed,Male,20+,62
2007,NJ,34021,Confirmed,Female,0-19,22
2007,NJ,34021,Confirmed,Female,20+,92
2007,NJ,34023,Confirmed,Male,0-19,16
2007,NJ,34023,Confirmed,Male,20+,23
2007,NJ,34023,Confirmed,Female,20+,32
2007,NJ,34023,Confirmed,Female,Suppressed,2
2007,NJ,34025,Confirmed,Male,0-19,41
2007,NJ,34025,Confirmed,Male,20+,95
2007,NJ,34025,Confirmed,Male,Unknown,6
2007,NJ,34025,Confirmed,Female,0-19,19
2007,NJ,34025,Confirmed,Female,20+,112
2007,NJ,34025,Confirmed,Female,Unknown,5
2007,NJ,34027,Confirmed,Male,0-19,55
2007,NJ,34027,Confirmed,Male,20+,118
2007,NJ,34027,Confirmed,Male,Suppressed,2
2007,NJ,34027,Confirmed,Female,0-19,40
2007,NJ,34027,Confirmed,Female,20+,114
2007,NJ,34027,Confirmed,Female,Suppressed,1
2007,NJ,34029,Confirmed,Male,0-19,19
2007,NJ,34029,Confirmed,Male,20+,65
2007,NJ,34029,Confirmed,Female,0-19,24
2007,NJ,34029,Confirmed,Female,20+,95
2007,NJ,34031,Confirmed,Male,0-19,13
2007,NJ,34031,Confirmed,Male,20+,30
2007,NJ,34031,Confirmed,Female,0-19,14
2007,NJ,34031,Confirmed,Female,20+,34
2007,NJ,34033,Confirmed,Male,0-19,5
2007,NJ,34033,Confirmed,Male,20+,25
2007,NJ,34033,Confirmed,Female,20+,24
2007,NJ,34033,Confirmed,Female,Suppressed,2
2007,NJ,34035,Confirmed,Male,0-19,14
2007,NJ,34035,Confirmed,Male,20+,58
2007,NJ,34035,Confirmed,Male,Suppressed,1
2007,NJ,34035,Confirmed,Female,0-19,21
2007,NJ,34035,Confirmed,Female,20+,55
2007,NJ,34037,Confirmed,Male,0-19,63
2007,NJ,34037,Confirmed,Male,20+,125
2007,NJ,34037,Confirmed,Male,Suppressed,2
2007,NJ,34037,Confirmed,Female,0-19,41
2007,NJ,34037,Confirmed,Female,20+,123
2007,NJ,34039,Confirmed,Male,0-19,10
2007,NJ,34039,Confirmed,Male,20+,16
2007,NJ,34039,Confirmed,Male,Suppressed,1
2007,NJ,34039,Confirmed,Female,0-19,8
2007,NJ,34039,Confirmed,Female,20+,20
2007,NJ,34041,Confirmed,Male,0-19,37
2007,NJ,34041,Confirmed,Male,20+,121
2007,NJ,34041,Confirmed,Female,0-19,19
2007,NJ,34041,Confirmed,Female,20+,90
2007,NJ,Unknown,Confirmed,Suppressed,20+,6
2007,NJ,Suppressed,Confirmed,Male,20+,2
2007,NJ,Suppressed,Confirmed,Suppressed,Suppressed,1
2007,NM,Suppressed,Confirmed,Suppressed,20+,5
2007,NV,32003,Confirmed,Female,20+,6
2007,NV,32003,Confirmed,Female,Suppressed,1
2007,NV,32003,Confirmed,Suppressed,Suppressed,2
2007,NV,32031,Confirmed,Suppressed,20+,5
2007,NV,Suppressed,Confirmed,Female,Suppressed,1
2007,NY,36001,Confirmed,Male,0-19,61
2007,NY,36001,Confirmed,Male,20+,143
2007,NY,36001,Confirmed,Female,0-19,42
2007,NY,36001,Confirmed,Female,20+,181
2007,NY,36005,Confirmed,Male,20+,9
2007,NY,36005,Confirmed,Male,Suppressed,4
2007,NY,36005,Confirmed,Female,20+,15
2007,NY,36005,Confirmed,Female,Suppressed,4
2007,NY,36005,Confirmed,Suppressed,20+,1
2007,NY,36017,Confirmed,Male,Suppressed,5
2007,NY,36021,Confirmed,Male,0-19,39
2007,NY,36021,Confirmed,Male,20+,113
2007,NY,36021,Confirmed,Male,Suppressed,1
2007,NY,36021,Confirmed,Female,0-19,45
2007,NY,36021,Confirmed,Female,20+,118
2007,NY,36021,Confirmed,Female,Suppressed,2
2007,NY,36027,Confirmed,Male,0-19,79
2007,NY,36027,Confirmed,Male,20+,212
2007,NY,36027,Confirmed,Male,Unknown,8
2007,NY,36027,Confirmed,Female,0-19,62
2007,NY,36027,Confirmed,Female,20+,188
2007,NY,36027,Confirmed,Female,Suppressed,2
2007,NY,36029,Confirmed,Female,20+,5
2007,NY,36029,Confirmed,Suppressed,Suppressed,2
2007,NY,36031,Confirmed,Male,Suppressed,5
2007,NY,36039,Confirmed,Male,0-19,24
2007,NY,36039,Confirmed,Male,20+,53
2007,NY,36039,Confirmed,Male,Suppressed,1
2007,NY,36039,Confirmed,Female,0-19,13
2007,NY,36039,Confirmed,Female,20+,65
2007,NY,36039,Confirmed,Suppressed,0-19,1
2007,NY,36045,Confirmed,Suppressed,Suppressed,8
2007,NY,36047,Confirmed,Male,0-19,9
2007,NY,36047,Confirmed,Male,20+,28
2007,NY,36047,Confirmed,Female,0-19,6
2007,NY,36047,Confirmed,Female,20+,39
2007,NY,36055,Confirmed,Female,20+,5
2007,NY,36055,Confirmed,Female,Suppressed,1
2007,NY,36055,Confirmed,Suppressed,Suppressed,4
2007,NY,36057,Confirmed,Suppressed,Suppressed,7
2007,NY,36059,Confirmed,Male,0-19,14
2007,NY,36059,Confirmed,Male,20+,49
2007,NY,36059,Confirmed,Female,0-19,6
2007,NY,36059,Confirmed,Female,20+,34
2007,NY,36059,Confirmed,Female,Suppressed,1
2007,NY,36061,Confirmed,Male,0-19,13
2007,NY,36061,Confirmed,Male,20+,100
2007,NY,36061,Confirmed,Female,0-19,12
2007,NY,36061,Confirmed,Female,20+,92
2007,NY,36061,Confirmed,Female,Suppressed,4
2007,NY,36065,Confirmed,Female,Suppressed,5
2007,NY,36067,Confirmed,Male,Suppressed,5
2007,NY,36067,Confirmed,Suppressed,Suppressed,5
2007,NY,36071,Confirmed,Male,0-19,39
2007,NY,36071,Confirmed,Male,20+,103
2007,NY,36071,Confirmed,Male,Unknown,5
2007,NY,36071,Confirmed,Female,0-19,22
2007,NY,36071,Confirmed,Female,20+,114
2007,NY,36071,Confirmed,Female,Unknown,7
2007,NY,36077,Confirmed,Suppressed,Suppressed,8
2007,NY,36079,Confirmed,Male,0-19,33
2007,NY,36079,Confirmed,Male,20+,40
2007,NY,36079,Confirmed,Female,0-19,20
2007,NY,36079,Confirmed,Female,20+,44
2007,NY,36079,Confirmed,Suppressed,20+,3
2007,NY,36081,Confirmed,Male,20+,19
2007,NY,36081,Confirmed,Male,Suppressed,4
2007,NY,36081,Confirmed,Female,20+,27
2007,NY,36081,Confirmed,Female,Suppressed,2
2007,NY,36083,Confirmed,Male,0-19,59
2007,NY,36083,Confirmed,Male,20+,138
2007,NY,36083,Confirmed,Female,0-19,29
2007,NY,36083,Confirmed,Female,20+,123
2007,NY,36085,Confirmed,Male,20+,9
2007,NY,36085,Confirmed,Male,Suppressed,3
2007,NY,36085,Confirmed,Female,20+,14
2007,NY,36085,Confirmed,Female,Suppressed,3
2007,NY,36087,Confirmed,Male,0-19,41
2007,NY,36087,Confirmed,Male,20+,63
2007,NY,36087,Confirmed,Female,0-19,31
2007,NY,36087,Confirmed,Female,20+,65
2007,NY,36089,Confirmed,Male,Suppressed,7
2007,NY,36091,Confirmed,Male,0-19,22
2007,NY,36091,Confirmed,Male,20+,55
2007,NY,36091,Confirmed,Female,0-19,13
2007,NY,36091,Confirmed,Female,20+,36
2007,NY,36093,Confirmed,Male,20+,16
2007,NY,36093,Confirmed,Male,Suppressed,4
2007,NY,36093,Confirmed,Female,20+,10
2007,NY,36093,Confirmed,Female,Suppressed,4
2007,NY,36095,Confirmed,Male,Suppressed,5
2007,NY,36095,Confirmed,Female,20+,5
2007,NY,36095,Confirmed,Female,Suppressed,1
2007,NY,36103,Confirmed,Male,0-19,21
2007,NY,36103,Confirmed,Male,20+,45
2007,NY,36103,Confirmed,Female,0-19,17
2007,NY,36103,Confirmed,Female,20+,37
2007,NY,36103,Confirmed,Female,Suppressed,4
2007,NY,36105,Confirmed,Male,0-19,5
2007,NY,36105,Confirmed,Male,20+,14
2007,NY,36105,Confirmed,Male,Suppressed,4
2007,NY,36105,Confirmed,Female,20+,41
2007,NY,36105,Confirmed,Female,Suppressed,5
2007,NY,36109,Confirmed,Male,20+,6
2007,NY,36109,Confirmed,Male,Suppressed,1
2007,NY,36109,Confirmed,Suppressed,20+,1
2007,NY,36111,Confirmed,Male,0-19,61
2007,NY,36111,Confirmed,Male,20+,146
2007,NY,36111,Confirmed,Female,0-19,28
2007,NY,36111,Confirmed,Female,20+,126
2007,NY,36113,Confirmed,Male,20+,7
2007,NY,36113,Confirmed,Male,Suppressed,3
2007,NY,36113,Confirmed,Female,20+,8
2007,NY,36113,Confirmed,Female,Suppressed,2
2007,NY,36115,Confirmed,Male,0-19,8
2007,NY,36115,Confirmed,Male,20+,35
2007,NY,36115,Confirmed,Female,0-19,13
2007,NY,36115,Confirmed,Female,20+,27
2007,NY,36119,Confirmed,Male,0-19,59
2007,NY,36119,Confirmed,Male,20+,83
2007,NY,36119,Confirmed,Male,Suppressed,2
2007,NY,36119,Confirmed,Female,0-19,26
2007,NY,36119,Confirmed,Female,20+,78
2007,NY,36119,Confirmed,Female,Suppressed,3
2007,NY,Suppressed,Confirmed,Male,0-19,5
2007,NY,Suppressed,Confirmed,Female,20+,14
2007,NY,Suppressed,Confirmed,Suppressed,Suppressed,34
2007,OH,Suppressed,Confirmed,Male,20+,18
2007,OH,Suppressed,Confirmed,Suppressed,Suppressed,15
2007,PA,42001,Confirmed,Male,0-19,14
2007,PA,42001,Confirmed,Male,20+,36
2007,PA,42001,Confirmed,Female,0-19,11
2007,PA,42001,Confirmed,Female,20+,35
2007,PA,42003,Confirmed,Male,20+,6
2007,PA,42003,Confirmed,Male,Suppressed,3
2007,PA,42003,Confirmed,Female,20+,5
2007,PA,42003,Confirmed,Female,Suppressed,2
2007,PA,42005,Confirmed,Male,20+,7
2007,PA,42005,Confirmed,Male,Suppressed,2
2007,PA,42005,Confirmed,Suppressed,Suppressed,4
2007,PA,42011,Confirmed,Male,0-19,40
2007,PA,42011,Confirmed,Male,20+,105
2007,PA,42011,Confirmed,Female,0-19,23
2007,PA,42011,Confirmed,Female,20+,101
2007,PA,42011,Confirmed,Suppressed,20+,1
2007,PA,42017,Confirmed,Male,0-19,94
2007,PA,42017,Confirmed,Male,20+,204
2007,PA,42017,Confirmed,Female,0-19,49
2007,PA,42017,Confirmed,Female,20+,208
2007,PA,42017,Confirmed,Suppressed,20+,1
2007,PA,42019,Confirmed,Male,0-19,16
2007,PA,42019,Confirmed,Male,20+,33
2007,PA,42019,Confirmed,Female,0-19,11
2007,PA,42019,Confirmed,Female,20+,27
2007,PA,42023,Confirmed,Male,20+,7
2007,PA,42023,Confirmed,Male,Suppressed,3
2007,PA,42023,Confirmed,Female,Suppressed,5
2007,PA,42025,Confirmed,Suppressed,Suppressed,5
2007,PA,42027,Confirmed,Male,0-19,8
2007,PA,42027,Confirmed,Male,20+,10
2007,PA,42027,Confirmed,Female,20+,8
2007,PA,42027,Confirmed,Female,Suppressed,3
2007,PA,42029,Confirmed,Male,0-19,122
2007,PA,42029,Confirmed,Male,20+,222
2007,PA,42029,Confirmed,Female,0-19,79
2007,PA,42029,Confirmed,Female,20+,204
2007,PA,42033,Confirmed,Male,0-19,14
2007,PA,42033,Confirmed,Male,20+,16
2007,PA,42033,Confirmed,Female,20+,16
2007,PA,42033,Confirmed,Female,Suppressed,4
2007,PA,42035,Confirmed,Suppressed,Suppressed,7
2007,PA,42037,Confirmed,Male,0-19,5
2007,PA,42037,Confirmed,Male,20+,12
2007,PA,42037,Confirmed,Female,Suppressed,5
2007,PA,42037,Confirmed,Suppressed,0-19,1
2007,PA,42041,Confirmed,Male,0-19,15
2007,PA,42041,Confirmed,Male,20+,24
2007,PA,42041,Confirmed,Female,0-19,6
2007,PA,42041,Confirmed,Female,20+,33
2007,PA,42043,Confirmed,Male,0-19,13
2007,PA,42043,Confirmed,Male,20+,22
2007,PA,42043,Confirmed,Female,0-19,12
2007,PA,42043,Confirmed,Female,20+,34
2007,PA,42045,Confirmed,Male,0-19,6
2007,PA,42045,Confirmed,Male,20+,19
2007,PA,42045,Confirmed,Female,0-19,7
2007,PA,42045,Confirmed,Female,20+,13
2007,PA,42047,Confirmed,Male,0-19,12
2007,PA,42047,Confirmed,Male,20+,13
2007,PA,42047,Confirmed,Female,0-19,7
2007,PA,42047,Confirmed,Female,20+,15
2007,PA,42049,Confirmed,Male,20+,8
2007,PA,42049,Confirmed,Male,Suppressed,3
2007,PA,42049,Confirmed,Suppressed,Suppressed,4
2007,PA,42055,Confirmed,Male,0-19,8
2007,PA,42055,Confirmed,Male,20+,10
2007,PA,42055,Confirmed,Female,20+,12
2007,PA,42057,Confirmed,Suppressed,Suppressed,6
2007,PA,42065,Confirmed,Male,20+,6
2007,PA,42065,Confirmed,Male,Suppressed,3
2007,PA,42065,Confirmed,Female,Suppressed,7
2007,PA,42071,Confirmed,Male,0-19,65
2007,PA,42071,Confirmed,Male,20+,86
2007,PA,42071,Confirmed,Female,0-19,23
2007,PA,42071,Confirmed,Female,20+,79
2007,PA,42075,Confirmed,Male,0-19,8
2007,PA,42075,Confirmed,Male,20+,29
2007,PA,42075,Confirmed,Female,0-19,14
2007,PA,42075,Confirmed,Female,20+,21
2007,PA,42077,Confirmed,Male,0-19,12
2007,PA,42077,Confirmed,Male,20+,54
2007,PA,42077,Confirmed,Female,0-19,8
2007,PA,42077,Confirmed,Female,20+,59
2007,PA,42077,Confirmed,Suppressed,20+,1
2007,PA,42079,Confirmed,Suppressed,Suppressed,6
2007,PA,42081,Confirmed,Female,Suppressed,8
2007,PA,42083,Confirmed,Male,0-19,5
2007,PA,42083,Confirmed,Male,20+,5
2007,PA,42083,Confirmed,Suppressed,0-19,2
2007,PA,42083,Confirmed,Suppressed,Suppressed,1
2007,PA,42087,Confirmed,Suppressed,20+,5
2007,PA,42087,Confirmed,Suppressed,Suppressed,7
2007,PA,42089,Confirmed,Male,0-19,6
2007,PA,42089,Confirmed,Male,20+,9
2007,PA,42089,Confirmed,Female,20+,13
2007,PA,42089,Confirmed,Female,Suppressed,3
2007,PA,42091,Confirmed,Male,0-19,96
2007,PA,42091,Confirmed,Male,20+,180
2007,PA,42091,Confirmed,Female,0-19,54
2007,PA,42091,Confirmed,Female,20+,177
2007,PA,42091,Confirmed,Suppressed,20+,2
2007,PA,42091,Confirmed,Suppressed,Suppressed,1
2007,PA,42093,Confirmed,Male,20+,5
2007,PA,42093,Confirmed,Male,Suppressed,1
2007,PA,42093,Confirmed,Suppressed,Suppressed,4
2007,PA,42095,Confirmed,Male,0-19,22
2007,PA,42095,Confirmed,Male,20+,50
2007,PA,42095,Confirmed,Female,0-19,15
2007,PA,42095,Confirmed,Female,20+,36
2007,PA,42097,Confirmed,Female,Suppressed,6
2007,PA,42097,Confirmed,Suppressed,Suppressed,6
2007,PA,42099,Confirmed,Male,0-19,9
2007,PA,42099,Confirmed,Male,20+,14
2007,PA,42099,Confirmed,Female,0-19,5
2007,PA,42099,Confirmed,Female,20+,6
2007,PA,42101,Confirmed,Male,0-19,25
2007,PA,42101,Confirmed,Male,20+,52
2007,PA,42101,Confirmed,Female,0-19,27
2007,PA,42101,Confirmed,Female,20+,68
2007,PA,42103,Confirmed,Male,0-19,10
2007,PA,42103,Confirmed,Male,20+,21
2007,PA,42103,Confirmed,Female,0-19,9
2007,PA,42103,Confirmed,Female,20+,17
2007,PA,42105,Confirmed,Suppressed,Suppressed,5
2007,PA,42107,Confirmed,Male,0-19,9
2007,PA,42107,Confirmed,Male,20+,9
2007,PA,42107,Confirmed,Female,20+,12
2007,PA,42109,Confirmed,Female,Suppressed,5
2007,PA,42127,Confirmed,Suppressed,Suppressed,8
2007,PA,42129,Confirmed,Suppressed,Suppressed,5
2007,PA,42133,Confirmed,Male,0-19,53
2007,PA,42133,Confirmed,Male,20+,128
2007,PA,42133,Confirmed,Female,0-19,27
2007,PA,42133,Confirmed,Female,20+,101
2007,PA,Suppressed,Confirmed,Male,20+,13
2007,PA,Suppressed,Confirmed,Female,0-19,9
2007,PA,Suppressed,Confirmed,Suppressed,Suppressed,51
2007,RI,44003,Confirmed,Male,0-19,9
2007,RI,44003,Confirmed,Male,20+,16
2007,RI,44003,Confirmed,Female,20+,10
2007,RI,44003,Confirmed,Female,Suppressed,3
2007,RI,44005,Confirmed,Suppressed,0-19,8
2007,RI,44007,Confirmed,Male,0-19,6
2007,RI,44007,Confirmed,Male,20+,10
2007,RI,44007,Confirmed,Male,Suppressed,3
2007,RI,44007,Confirmed,Female,20+,9
2007,RI,44007,Confirmed,Female,Suppressed,1
2007,RI,44009,Confirmed,Male,0-19,19
2007,RI,44009,Confirmed,Male,20+,25
2007,RI,44009,Confirmed,Female,0-19,11
2007,RI,44009,Confirmed,Female,20+,39
2007,RI,44009,Confirmed,Female,Suppressed,2
2007,RI,Suppressed,Confirmed,Female,0-19,1
2007,RI,Suppressed,Confirmed,Female,Suppressed,1
2007,RI,Suppressed,Confirmed,Suppressed,0-19,1
2007,RI,Suppressed,Confirmed,Suppressed,Suppressed,3
2007,SC,Suppressed,Confirmed,Female,20+,14
2007,SC,Suppressed,Confirmed,Suppressed,Suppressed,14
2007,Suppressed,Suppressed,Confirmed,Male,Suppressed,21
2007,Suppressed,Suppressed,Confirmed,Suppressed,20+,15
2007,Suppressed,Suppressed,Confirmed,Suppressed,Suppressed,23
2007,TN,47037,Confirmed,Suppressed,Suppressed,5
2007,TN,Suppressed,Confirmed,Male,20+,5
2007,TN,Suppressed,Confirmed,Suppressed,20+,5
2007,TN,Suppressed,Confirmed,Suppressed,Suppressed,16
2007,TX,48121,Confirmed,Female,20+,7
2007,TX,48121,Confirmed,Suppressed,20+,2
2007,TX,48121,Confirmed,Suppressed,Suppressed,1
2007,TX,48339,Confirmed,Female,20+,6
2007,TX,48339,Confirmed,Suppressed,20+,1
2007,TX,Suppressed,Confirmed,Male,20+,11
2007,TX,Suppressed,Confirmed,Female,Suppressed,3
2007,TX,Suppressed,Confirmed,Suppressed,Suppressed,56
2007,VA,51001,Confirmed,Male,20+,5
2007,VA,51001,Confirmed,Male,Suppressed,3
2007,VA,51001,Confirmed,Suppressed,Suppressed,4
2007,VA,51013,Confirmed,Male,20+,10
2007,VA,51013,Confirmed,Male,Suppressed,2
2007,VA,51013,Confirmed,Female,20+,16
2007,VA,51013,Confirmed,Female,Suppressed,2
2007,VA,51015,Confirmed,Suppressed,Suppressed,5
2007,VA,51041,Confirmed,Female,20+,8
2007,VA,51041,Confirmed,Female,Suppressed,1
2007,VA,51041,Confirmed,Suppressed,20+,1
2007,VA,51043,Confirmed,Female,Suppressed,6
2007,VA,51043,Confirmed,Suppressed,Suppressed,5
2007,VA,51047,Confirmed,Male,20+,6
2007,VA,51047,Confirmed,Female,Suppressed,6
2007,VA,51059,Confirmed,Male,0-19,26
2007,VA,51059,Confirmed,Male,20+,88
2007,VA,51059,Confirmed,Female,0-19,22
2007,VA,51059,Confirmed,Female,20+,73
2007,VA,51061,Confirmed,Male,0-19,9
2007,VA,51061,Confirmed,Male,20+,9
2007,VA,51061,Confirmed,Male,Suppressed,1
2007,VA,51061,Confirmed,Female,20+,16
2007,VA,51061,Confirmed,Female,Suppressed,4
2007,VA,51061,Confirmed,Suppressed,20+,1
2007,VA,51069,Confirmed,Male,0-19,11
2007,VA,51069,Confirmed,Male,20+,12
2007,VA,51069,Confirmed,Female,0-19,7
2007,VA,51069,Confirmed,Female,20+,9
2007,VA,51087,Confirmed,Male,Suppressed,5
2007,VA,51095,Confirmed,Suppressed,Suppressed,6
2007,VA,51099,Confirmed,Male,Suppressed,6
2007,VA,51107,Confirmed,Male,0-19,41
2007,VA,51107,Confirmed,Male,20+,81
2007,VA,51107,Confirmed,Male,Suppressed,2
2007,VA,51107,Confirmed,Female,0-19,34
2007,VA,51107,Confirmed,Female,20+,131
2007,VA,51107,Confirmed,Suppressed,0-19,1
2007,VA,51153,Confirmed,Male,0-19,6
2007,VA,51153,Confirmed,Male,20+,23
2007,VA,51153,Confirmed,Female,0-19,14
2007,VA,51153,Confirmed,Female,20+,34
2007,VA,51153,Confirmed,Female,Suppressed,1
2007,VA,51157,Confirmed,Suppressed,Suppressed,6
2007,VA,51165,Confirmed,Suppressed,Suppressed,8
2007,VA,51177,Confirmed,Female,20+,7
2007,VA,51177,Confirmed,Female,Suppressed,1
2007,VA,51177,Confirmed,Suppressed,20+,4
2007,VA,51179,Confirmed,Female,20+,5
2007,VA,51179,Confirmed,Female,Suppressed,3
2007,VA,51179,Confirmed,Suppressed,20+,3
2007,VA,51179,Confirmed,Suppressed,Suppressed,1
2007,VA,51187,Confirmed,Male,20+,6
2007,VA,51187,Confirmed,Male,Suppressed,3
2007,VA,51187,Confirmed,Female,0-19,5
2007,VA,51187,Confirmed,Female,20+,9
2007,VA,51510,Confirmed,Suppressed,Suppressed,9
2007,VA,51550,Confirmed,Female,20+,6
2007,VA,51550,Confirmed,Female,Suppressed,1
2007,VA,51550,Confirmed,Suppressed,20+,3
2007,VA,51550,Confirmed,Suppressed,Suppressed,1
2007,VA,51680,Confirmed,Male,0-19,5
2007,VA,51680,Confirmed,Male,20+,5
2007,VA,51680,Confirmed,Suppressed,Suppressed,2
2007,VA,51700,Confirmed,Female,20+,5
2007,VA,51810,Confirmed,Female,Suppressed,5
2007,VA,Suppressed,Confirmed,Male,20+,18
2007,VA,Suppressed,Confirmed,Female,0-19,4
2007,VA,Suppressed,Confirmed,Suppressed,Suppressed,81
2007,VT,50001,Confirmed,Suppressed,Suppressed,8
2007,VT,50003,Confirmed,Male,0-19,13
2007,VT,50003,Confirmed,Male,20+,20
2007,VT,50003,Confirmed,Female,0-19,5
2007,VT,50003,Confirmed,Female,20+,11
2007,VT,50003,Confirmed,Suppressed,20+,1
2007,VT,50007,Confirmed,Male,20+,5
2007,VT,50007,Confirmed,Male,Suppressed,2
2007,VT,50007,Confirmed,Female,20+,6
2007,VT,50021,Confirmed,Male,20+,7
2007,VT,50021,Confirmed,Male,Suppressed,4
2007,VT,50021,Confirmed,Suppressed,20+,3
2007,VT,50021,Confirmed,Suppressed,Suppressed,2
2007,VT,50023,Confirmed,Male,Suppressed,6
2007,VT,50025,Confirmed,Male,0-19,6
2007,VT,50025,Confirmed,Male,20+,7
2007,VT,50025,Confirmed,Female,20+,6
2007,VT,50025,Confirmed,Female,Suppressed,3
2007,VT,50027,Confirmed,Female,Suppressed,5
2007,VT,50027,Confirmed,Suppressed,Suppressed,6
2007,VT,Suppressed,Confirmed,Male,0-19,3
2007,VT,Suppressed,Confirmed,Female,20+,2
2007,VT,Suppressed,Confirmed,Suppressed,Suppressed,7
2007,WA,Suppressed,Confirmed,Suppressed,Suppressed,8
2007,WI,55001,Confirmed,Male,0-19,5
2007,WI,55001,Confirmed,Male,20+,11
2007,WI,55001,Confirmed,Female,20+,17
2007,WI,55001,Confirmed,Female,Suppressed,1
2007,WI,55003,Confirmed,Suppressed,Suppressed,8
2007,WI,55005,Confirmed,Male,0-19,11
2007,WI,55005,Confirmed,Male,20+,22
2007,WI,55005,Confirmed,Male,Suppressed,1
2007,WI,55005,Confirmed,Female,0-19,8
2007,WI,55005,Confirmed,Female,20+,18
2007,WI,55007,Confirmed,Male,20+,6
2007,WI,55007,Confirmed,Male,Suppressed,1
2007,WI,55007,Confirmed,Female,20+,6
2007,WI,55007,Confirmed,Female,Suppressed,3
2007,WI,55011,Confirmed,Male,20+,7
2007,WI,55011,Confirmed,Male,Suppressed,1
2007,WI,55011,Confirmed,Female,20+,5
2007,WI,55011,Confirmed,Female,Suppressed,1
2007,WI,55011,Confirmed,Suppressed,20+,1
2007,WI,55013,Confirmed,Male,0-19,8
2007,WI,55013,Confirmed,Male,20+,15
2007,WI,55013,Confirmed,Male,Suppressed,1
2007,WI,55013,Confirmed,Female,20+,18
2007,WI,55013,Confirmed,Female,Suppressed,3
2007,WI,55013,Confirmed,Suppressed,20+,1
2007,WI,55017,Confirmed,Male,0-19,12
2007,WI,55017,Confirmed,Male,20+,30
2007,WI,55017,Confirmed,Female,0-19,10
2007,WI,55017,Confirmed,Female,20+,22
2007,WI,55019,Confirmed,Male,20+,19
2007,WI,55019,Confirmed,Male,Suppressed,4
2007,WI,55019,Confirmed,Female,20+,14
2007,WI,55019,Confirmed,Female,Suppressed,4
2007,WI,55021,Confirmed,Male,0-19,8
2007,WI,55021,Confirmed,Male,20+,5
2007,WI,55021,Confirmed,Female,20+,10
2007,WI,55021,Confirmed,Female,Suppressed,4
2007,WI,55023,Confirmed,Male,20+,6
2007,WI,55023,Confirmed,Male,Suppressed,1
2007,WI,55023,Confirmed,Suppressed,Suppressed,3
2007,WI,55025,Confirmed,Male,0-19,9
2007,WI,55025,Confirmed,Male,20+,37
2007,WI,55025,Confirmed,Female,0-19,6
2007,WI,55025,Confirmed,Female,20+,28
2007,WI,55025,Confirmed,Suppressed,0-19,1
2007,WI,55031,Confirmed,Male,20+,7
2007,WI,55031,Confirmed,Male,Suppressed,4
2007,WI,55031,Confirmed,Female,20+,10
2007,WI,55031,Confirmed,Female,Suppressed,2
2007,WI,55033,Confirmed,Male,20+,8
2007,WI,55033,Confirmed,Male,Suppressed,3
2007,WI,55033,Confirmed,Female,20+,5
2007,WI,55033,Confirmed,Female,Suppressed,4
2007,WI,55035,Confirmed,Male,0-19,24
2007,WI,55035,Confirmed,Male,20+,37
2007,WI,55035,Confirmed,Male,Suppressed,1
2007,WI,55035,Confirmed,Female,0-19,11
2007,WI,55035,Confirmed,Female,20+,33
2007,WI,55035,Confirmed,Female,Suppressed,2
2007,WI,55039,Confirmed,Suppressed,Suppressed,5
2007,WI,55043,Confirmed,Male,Suppressed,5
2007,WI,55049,Confirmed,Female,Suppressed,6
2007,WI,55053,Confirmed,Male,0-19,10
2007,WI,55053,Confirmed,Male,20+,14
2007,WI,55053,Confirmed,Female,0-19,6
2007,WI,55053,Confirmed,Female,20+,10
2007,WI,55055,Confirmed,Suppressed,Suppressed,5
2007,WI,55057,Confirmed,Male,20+,8
2007,WI,55057,Confirmed,Male,Suppressed,4
2007,WI,55057,Confirmed,Female,20+,11
2007,WI,55057,Confirmed,Female,Suppressed,2
2007,WI,55063,Confirmed,Male,0-19,5
2007,WI,55063,Confirmed,Male,20+,12
2007,WI,55063,Confirmed,Female,20+,9
2007,WI,55069,Confirmed,Male,0-19,7
2007,WI,55069,Confirmed,Male,20+,18
2007,WI,55069,Confirmed,Female,20+,7
2007,WI,55069,Confirmed,Female,Suppressed,4
2007,WI,55073,Confirmed,Male,0-19,11
2007,WI,55073,Confirmed,Male,20+,38
2007,WI,55073,Confirmed,Male,Suppressed,1
2007,WI,55073,Confirmed,Female,0-19,10
2007,WI,55073,Confirmed,Female,20+,26
2007,WI,55075,Confirmed,Male,20+,8
2007,WI,55075,Confirmed,Male,Suppressed,1
2007,WI,55075,Confirmed,Female,20+,6
2007,WI,55075,Confirmed,Female,Suppressed,1
2007,WI,55077,Confirmed,Male,20+,7
2007,WI,55077,Confirmed,Male,Suppressed,4
2007,WI,55077,Confirmed,Female,20+,8
2007,WI,55077,Confirmed,Female,Suppressed,4
2007,WI,55079,Confirmed,Male,0-19,5
2007,WI,55079,Confirmed,Male,20+,9
2007,WI,55079,Confirmed,Female,20+,5
2007,WI,55079,Confirmed,Female,Suppressed,1
2007,WI,55081,Confirmed,Male,0-19,5
2007,WI,55081,Confirmed,Male,20+,25
2007,WI,55081,Confirmed,Female,0-19,11
2007,WI,55081,Confirmed,Female,20+,15
2007,WI,55085,Confirmed,Male,0-19,5
2007,WI,55085,Confirmed,Male,20+,21
2007,WI,55085,Confirmed,Female,0-19,5
2007,WI,55085,Confirmed,Female,20+,13
2007,WI,55087,Confirmed,Male,20+,11
2007,WI,55087,Confirmed,Male,Suppressed,3
2007,WI,55087,Confirmed,Female,Suppressed,5
2007,WI,55093,Confirmed,Male,20+,6
2007,WI,55093,Confirmed,Male,Suppressed,4
2007,WI,55093,Confirmed,Female,20+,6
2007,WI,55093,Confirmed,Female,Suppressed,3
2007,WI,55095,Confirmed,Male,0-19,8
2007,WI,55095,Confirmed,Male,20+,16
2007,WI,55095,Confirmed,Female,20+,11
2007,WI,55095,Confirmed,Female,Suppressed,3
2007,WI,55097,Confirmed,Male,0-19,27
2007,WI,55097,Confirmed,Male,20+,55
2007,WI,55097,Confirmed,Female,0-19,17
2007,WI,55097,Confirmed,Female,20+,47
2007,WI,55097,Confirmed,Suppressed,20+,1
2007,WI,55099,Confirmed,Male,0-19,5
2007,WI,55099,Confirmed,Male,20+,8
2007,WI,55099,Confirmed,Female,Suppressed,5
2007,WI,55103,Confirmed,Male,0-19,5
2007,WI,55103,Confirmed,Male,20+,11
2007,WI,55103,Confirmed,Female,0-19,6
2007,WI,55103,Confirmed,Female,20+,11
2007,WI,55103,Confirmed,Suppressed,20+,1
2007,WI,55105,Confirmed,Female,20+,5
2007,WI,55105,Confirmed,Female,Suppressed,3
2007,WI,55105,Confirmed,Suppressed,Suppressed,4
2007,WI,55107,Confirmed,Male,0-19,7
2007,WI,55107,Confirmed,Male,20+,21
2007,WI,55107,Confirmed,Female,20+,6
2007,WI,55107,Confirmed,Female,Suppressed,2
2007,WI,55107,Confirmed,Suppressed,20+,1
2007,WI,55109,Confirmed,Male,0-19,5
2007,WI,55109,Confirmed,Male,20+,16
2007,WI,55109,Confirmed,Male,Suppressed,1
2007,WI,55109,Confirmed,Female,20+,11
2007,WI,55109,Confirmed,Female,Suppressed,4
2007,WI,55109,Confirmed,Suppressed,20+,1
2007,WI,55111,Confirmed,Male,0-19,11
2007,WI,55111,Confirmed,Male,20+,10
2007,WI,55111,Confirmed,Female,0-19,5
2007,WI,55111,Confirmed,Female,20+,14
2007,WI,55113,Confirmed,Male,20+,13
2007,WI,55113,Confirmed,Female,20+,8
2007,WI,55113,Confirmed,Female,Suppressed,3
2007,WI,55113,Confirmed,Suppressed,20+,1
2007,WI,55115,Confirmed,Male,20+,9
2007,WI,55115,Confirmed,Suppressed,20+,1
2007,WI,55115,Confirmed,Suppressed,Suppressed,1
2007,WI,55119,Confirmed,Male,Suppressed,6
2007,WI,55119,Confirmed,Female,Suppressed,5
2007,WI,55121,Confirmed,Male,0-19,6
2007,WI,55121,Confirmed,Male,20+,12
2007,WI,55121,Confirmed,Female,0-19,7
2007,WI,55121,Confirmed,Female,20+,10
2007,WI,55123,Confirmed,Male,0-19,7
2007,WI,55123,Confirmed,Male,20+,9
2007,WI,55123,Confirmed,Male,Suppressed,1
2007,WI,55123,Confirmed,Female,0-19,7
2007,WI,55123,Confirmed,Female,20+,11
2007,WI,55123,Confirmed,Female,Suppressed,1
2007,WI,55125,Confirmed,Male,20+,7
2007,WI,55125,Confirmed,Male,Suppressed,2
2007,WI,55125,Confirmed,Female,20+,10
2007,WI,55125,Confirmed,Female,Suppressed,3
2007,WI,55125,Confirmed,Suppressed,20+,1
2007,WI,55127,Confirmed,Suppressed,Suppressed,7
2007,WI,55129,Confirmed,Male,20+,24
2007,WI,55129,Confirmed,Male,Suppressed,4
2007,WI,55129,Confirmed,Female,20+,17
2007,WI,55129,Confirmed,Female,Suppressed,1
2007,WI,55133,Confirmed,Male,20+,9
2007,WI,55133,Confirmed,Male,Suppressed,2
2007,WI,55133,Confirmed,Suppressed,Suppressed,4
2007,WI,55135,Confirmed,Male,0-19,12
2007,WI,55135,Confirmed,Male,20+,26
2007,WI,55135,Confirmed,Female,0-19,5
2007,WI,55135,Confirmed,Female,20+,19
2007,WI,55137,Confirmed,Male,0-19,6
2007,WI,55137,Confirmed,Male,20+,15
2007,WI,55137,Confirmed,Female,20+,13
2007,WI,55137,Confirmed,Female,Suppressed,2
2007,WI,55137,Confirmed,Suppressed,20+,1
2007,WI,55139,Confirmed,Female,Suppressed,5
2007,WI,55139,Confirmed,Suppressed,Suppressed,7
2007,WI,55141,Confirmed,Male,0-19,12
2007,WI,55141,Confirmed,Male,20+,34
2007,WI,55141,Confirmed,Male,Suppressed,1
2007,WI,55141,Confirmed,Female,0-19,11
2007,WI,55141,Confirmed,Female,20+,30
2007,WI,Suppressed,Confirmed,Male,20+,15
2007,WI,Suppressed,Confirmed,Female,0-19,1
2007,WI,Suppressed,Confirmed,Suppressed,Suppressed,32
2007,WV,54003,Confirmed,Male,0-19,14
2007,WV,54003,Confirmed,Male,20+,12
2007,WV,54003,Confirmed,Female,20+,9
2007,WV,54003,Confirmed,Female,Suppressed,4
2007,WV,54037,Confirmed,Male,20+,7
2007,WV,54037,Confirmed,Male,Suppressed,4
2007,WV,54037,Confirmed,Female,20+,13
2007,WV,54065,Confirmed,Suppressed,Suppressed,5
2007,WV,Suppressed,Confirmed,Male,20+,1
2007,WV,Suppressed,Confirmed,Female,Suppressed,2
2007,WV,Suppressed,Confirmed,Suppressed,20+,4
2007,WV,Suppressed,Confirmed,Suppressed,Suppressed,9
